=== 2026年 07月 16日 星期四 12:29:59 CST ===
file_path: /home/xmm/ai/add-coder/.qoder/plans/2026-07/16/farm-agent-memory-md-plan-v1.md
has_file_content: true
has_replacements: false
top_keys: tool_input
tool_input_keys: file_content, file_path
=== DONE ===
=== 2026年 07月 17日 星期五 11:53:10 CST ===
file_path: EMPTY
has_file_content: false
has_replacements: false
top_keys: cwd, extra, hook_event_name, request_set_id, session_id, tool_input, tool_name, transcript_path
tool_input_keys: command, is_background
=== DONE ===
=== 2026年 07月 17日 星期五 11:53:38 CST ===
file_path: 
has_file_content: 
has_replacements: 
top_keys: 
tool_input_keys: 
=== DONE ===
=== 2026年 07月 17日 星期五 11:53:40 CST ===
file_path: 
has_file_content: 
has_replacements: 
top_keys: 
tool_input_keys: 
=== DONE ===
=== 2026年 07月 17日 星期五 11:54:07 CST ===
file_path: 
has_file_content: 
has_replacements: 
top_keys: 
tool_input_keys: 
=== DONE ===
=== 2026年 07月 17日 星期五 11:54:10 CST ===
file_path: 
has_file_content: 
has_replacements: 
top_keys: 
tool_input_keys: 
=== DONE ===
=== 2026年 07月 17日 星期五 11:54:24 CST ===
file_path: 
has_file_content: 
has_replacements: 
top_keys: 
tool_input_keys: 
=== DONE ===
=== 2026年 07月 17日 星期五 11:54:26 CST ===
file_path: 
has_file_content: 
has_replacements: 
top_keys: 
tool_input_keys: 
=== DONE ===
=== 2026年 07月 17日 星期五 11:55:03 CST ===
file_path: 
has_file_content: 
has_replacements: 
top_keys: 
tool_input_keys: 
=== DONE ===
=== 2026年 07月 17日 星期五 11:55:07 CST ===
file_path: 
has_file_content: 
has_replacements: 
top_keys: 
tool_input_keys: 
=== DONE ===
=== 2026年 07月 17日 星期五 11:56:42 CST ===
file_path: 
has_file_content: 
has_replacements: 
top_keys: 
tool_input_keys: 
=== DONE ===
=== 2026年 07月 17日 星期五 11:57:08 CST ===
file_path: 
has_file_content: 
has_replacements: 
top_keys: 
tool_input_keys: 
=== DONE ===
=== 2026年 07月 17日 星期五 11:57:12 CST ===
file_path: 
has_file_content: 
has_replacements: 
top_keys: 
tool_input_keys: 
=== DONE ===
=== 2026年 07月 17日 星期五 11:57:26 CST ===
file_path: 
has_file_content: 
has_replacements: 
top_keys: 
tool_input_keys: 
=== DONE ===
=== 2026年 07月 17日 星期五 11:57:28 CST ===
file_path: 
has_file_content: 
has_replacements: 
top_keys: 
tool_input_keys: 
=== DONE ===
=== 2026年 07月 17日 星期五 11:57:56 CST ===
file_path: 
has_file_content: 
has_replacements: 
top_keys: 
tool_input_keys: 
=== DONE ===
=== 2026年 07月 17日 星期五 11:58:55 CST ===
file_path: EMPTY
has_file_content: false
has_replacements: false
top_keys: cwd, extra, hook_event_name, request_set_id, session_id, tool_input, tool_name, transcript_path
tool_input_keys: command, is_background
=== DONE ===
=== 2026年 07月 17日 星期五 11:59:42 CST ===
file_path: 
has_file_content: 
has_replacements: 
top_keys: 
tool_input_keys: 
=== DONE ===
=== 2026年 07月 17日 星期五 12:00:02 CST ===
file_path: 
has_file_content: 
has_replacements: 
top_keys: 
tool_input_keys: 
=== DONE ===
=== 2026年 07月 17日 星期五 12:00:05 CST ===
file_path: 
has_file_content: 
has_replacements: 
top_keys: 
tool_input_keys: 
=== DONE ===
=== 2026年 07月 17日 星期五 12:00:27 CST ===
file_path: 
has_file_content: 
has_replacements: 
top_keys: 
tool_input_keys: 
=== DONE ===
=== 2026年 07月 17日 星期五 12:01:05 CST ===
file_path: 
has_file_content: 
has_replacements: 
top_keys: 
tool_input_keys: 
=== DONE ===
=== 2026年 07月 17日 星期五 12:01:10 CST ===
file_path: 
has_file_content: 
has_replacements: 
top_keys: 
tool_input_keys: 
=== DONE ===
=== 2026年 07月 17日 星期五 12:01:21 CST ===
file_path: 
has_file_content: 
has_replacements: 
top_keys: 
tool_input_keys: 
=== DONE ===
=== 2026年 07月 17日 星期五 12:01:24 CST ===
file_path: 
has_file_content: 
has_replacements: 
top_keys: 
tool_input_keys: 
=== DONE ===
=== 2026年 07月 17日 星期五 12:02:38 CST ===
file_path: /home/xmm/ai/add-coder/.qoder/scripts/mcp-server.ts
has_file_content: false
has_replacements: true
top_keys: cwd, extra, hook_event_name, request_set_id, session_id, tool_input, tool_name, transcript_path
tool_input_keys: file_path, replacements
=== DONE ===
=== 2026年 07月 17日 星期五 12:02:40 CST ===
file_path: 
has_file_content: 
has_replacements: 
top_keys: 
tool_input_keys: 
=== DONE ===
=== 2026年 07月 17日 星期五 12:02:44 CST ===
file_path: 
has_file_content: 
has_replacements: 
top_keys: 
tool_input_keys: 
=== DONE ===
=== 2026年 07月 17日 星期五 12:02:48 CST ===
file_path: /home/xmm/ai/add-coder/templates/core/scripts/mcp-server.ts
has_file_content: false
has_replacements: true
top_keys: cwd, extra, hook_event_name, request_set_id, session_id, tool_input, tool_name, transcript_path
tool_input_keys: file_path, replacements
=== DONE ===
=== 2026年 07月 17日 星期五 12:02:50 CST ===
file_path: 
has_file_content: 
has_replacements: 
top_keys: 
tool_input_keys: 
=== DONE ===
=== 2026年 07月 17日 星期五 12:07:02 CST ===
file_path: 
has_file_content: 
has_replacements: 
top_keys: 
tool_input_keys: 
=== DONE ===
=== 2026年 07月 17日 星期五 12:07:05 CST ===
file_path: 
has_file_content: 
has_replacements: 
top_keys: 
tool_input_keys: 
=== DONE ===
=== 2026年 07月 17日 星期五 12:07:30 CST ===
file_path: 
has_file_content: 
has_replacements: 
top_keys: 
tool_input_keys: 
=== DONE ===
=== 2026年 07月 17日 星期五 12:07:34 CST ===
file_path: 
has_file_content: 
has_replacements: 
top_keys: 
tool_input_keys: 
=== DONE ===
=== 2026年 07月 17日 星期五 12:07:41 CST ===
file_path: 
has_file_content: 
has_replacements: 
top_keys: 
tool_input_keys: 
=== DONE ===
=== 2026年 07月 17日 星期五 12:07:45 CST ===
file_path: 
has_file_content: 
has_replacements: 
top_keys: 
tool_input_keys: 
=== DONE ===
=== 2026年 07月 17日 星期五 12:07:54 CST ===
file_path: 
has_file_content: 
has_replacements: 
top_keys: 
tool_input_keys: 
=== DONE ===
=== 2026年 07月 17日 星期五 12:07:58 CST ===
file_path: 
has_file_content: 
has_replacements: 
top_keys: 
tool_input_keys: 
=== DONE ===
=== 2026年 07月 17日 星期五 12:08:07 CST ===
file_path: 
has_file_content: 
has_replacements: 
top_keys: 
tool_input_keys: 
=== DONE ===
=== 2026年 07月 17日 星期五 12:08:09 CST ===
file_path: 
has_file_content: 
has_replacements: 
top_keys: 
tool_input_keys: 
=== DONE ===
=== 2026年 07月 17日 星期五 12:08:21 CST ===
file_path: 
has_file_content: 
has_replacements: 
top_keys: 
tool_input_keys: 
=== DONE ===
=== 2026年 07月 17日 星期五 12:08:24 CST ===
file_path: 
has_file_content: 
has_replacements: 
top_keys: 
tool_input_keys: 
=== DONE ===
=== 2026年 07月 17日 星期五 12:09:48 CST ===
file_path: 
has_file_content: 
has_replacements: 
top_keys: 
tool_input_keys: 
=== DONE ===
=== 2026年 07月 17日 星期五 12:09:52 CST ===
file_path: 
has_file_content: 
has_replacements: 
top_keys: 
tool_input_keys: 
=== DONE ===
=== 2026年 07月 17日 星期五 12:11:06 CST ===
file_path: 
has_file_content: 
has_replacements: 
top_keys: 
tool_input_keys: 
=== DONE ===
=== 2026年 07月 17日 星期五 12:11:10 CST ===
file_path: 
has_file_content: 
has_replacements: 
top_keys: 
tool_input_keys: 
=== DONE ===
=== 2026年 07月 17日 星期五 12:12:03 CST ===
file_path: 
has_file_content: 
has_replacements: 
top_keys: 
tool_input_keys: 
=== DONE ===
=== 2026年 07月 17日 星期五 12:12:21 CST ===
file_path: EMPTY
has_file_content: false
has_replacements: false
top_keys: cwd, extra, hook_event_name, request_set_id, session_id, tool_input, tool_name, transcript_path
tool_input_keys: command, is_background
=== DONE ===
=== 2026年 07月 17日 星期五 12:12:53 CST ===
file_path: 
has_file_content: 
has_replacements: 
top_keys: 
tool_input_keys: 
=== DONE ===
=== 2026年 07月 17日 星期五 12:12:54 CST ===
file_path: 
has_file_content: 
has_replacements: 
top_keys: 
tool_input_keys: 
=== DONE ===
=== 2026年 07月 17日 星期五 12:13:09 CST ===
file_path: 
has_file_content: 
has_replacements: 
top_keys: 
tool_input_keys: 
=== DONE ===
=== 2026年 07月 17日 星期五 12:13:11 CST ===
file_path: 
has_file_content: 
has_replacements: 
top_keys: 
tool_input_keys: 
=== DONE ===
=== 2026年 07月 17日 星期五 12:14:45 CST ===
file_path: /home/xmm/ai/add-coder/.qoder/scripts/mcp-server.ts
has_file_content: false
has_replacements: true
top_keys: cwd, extra, hook_event_name, request_set_id, session_id, tool_input, tool_name, transcript_path
tool_input_keys: file_path, replacements
=== DONE ===
=== 2026年 07月 17日 星期五 12:14:47 CST ===
file_path: 
has_file_content: 
has_replacements: 
top_keys: 
tool_input_keys: 
=== DONE ===
=== 2026年 07月 17日 星期五 12:14:54 CST ===
file_path: /home/xmm/ai/add-coder/templates/core/scripts/mcp-server.ts
has_file_content: false
has_replacements: true
top_keys: cwd, extra, hook_event_name, request_set_id, session_id, tool_input, tool_name, transcript_path
tool_input_keys: file_path, replacements
=== DONE ===
=== 2026年 07月 17日 星期五 12:14:55 CST ===
file_path: 
has_file_content: 
has_replacements: 
top_keys: 
tool_input_keys: 
=== DONE ===
=== 2026年 07月 17日 星期五 12:15:04 CST ===
file_path: /home/xmm/ai/add-coder/.qoder/plans/2026-07/17/add-coder-hook-full-alignment-plan-v1.md
has_file_content: false
has_replacements: true
top_keys: cwd, extra, hook_event_name, request_set_id, session_id, tool_input, tool_name, transcript_path
tool_input_keys: file_path, replacements
=== DONE ===
=== 2026年 07月 17日 星期五 12:15:08 CST ===
file_path: 
has_file_content: 
has_replacements: 
top_keys: 
tool_input_keys: 
=== DONE ===
=== 2026年 07月 17日 星期五 12:18:33 CST ===
file_path: 
has_file_content: 
has_replacements: 
top_keys: 
tool_input_keys: 
=== DONE ===
=== 2026年 07月 17日 星期五 12:18:42 CST ===
file_path: 
has_file_content: 
has_replacements: 
top_keys: 
tool_input_keys: 
=== DONE ===
=== 2026年 07月 17日 星期五 12:18:55 CST ===
file_path: /home/xmm/ai/add-coder/.qoder/plans/2026-07/17/add-coder-hook-full-alignment-plan-v1.md
has_file_content: false
has_replacements: true
top_keys: cwd, extra, hook_event_name, request_set_id, session_id, tool_input, tool_name, transcript_path
tool_input_keys: file_path, replacements
=== DONE ===
=== 2026年 07月 17日 星期五 12:18:56 CST ===
file_path: 
has_file_content: 
has_replacements: 
top_keys: 
tool_input_keys: 
=== DONE ===
=== 2026年 07月 17日 星期五 12:19:08 CST ===
file_path: /home/xmm/ai/add-coder/.qoder/plans/2026-07/17/add-coder-hook-full-alignment-plan-v1.md
has_file_content: false
has_replacements: true
top_keys: cwd, extra, hook_event_name, request_set_id, session_id, tool_input, tool_name, transcript_path
tool_input_keys: file_path, replacements
=== DONE ===
=== 2026年 07月 17日 星期五 12:19:12 CST ===
file_path: 
has_file_content: 
has_replacements: 
top_keys: 
tool_input_keys: 
=== DONE ===
=== 2026年 07月 17日 星期五 12:19:46 CST ===
file_path: 
has_file_content: 
has_replacements: 
top_keys: 
tool_input_keys: 
=== DONE ===
=== 2026年 07月 17日 星期五 12:19:46 CST ===
file_path: 
has_file_content: 
has_replacements: 
top_keys: 
tool_input_keys: 
=== DONE ===
=== 2026年 07月 17日 星期五 12:19:57 CST ===
file_path: 
has_file_content: 
has_replacements: 
top_keys: 
tool_input_keys: 
=== DONE ===
=== 2026年 07月 17日 星期五 12:20:27 CST ===
file_path: 
has_file_content: 
has_replacements: 
top_keys: 
tool_input_keys: 
=== DONE ===
=== 2026年 07月 17日 星期五 12:20:28 CST ===
file_path: 
has_file_content: 
has_replacements: 
top_keys: 
tool_input_keys: 
=== DONE ===
=== 2026年 07月 17日 星期五 12:20:41 CST ===
file_path: 
has_file_content: 
has_replacements: 
top_keys: 
tool_input_keys: 
=== DONE ===
=== 2026年 07月 17日 星期五 12:21:04 CST ===
file_path: 
has_file_content: 
has_replacements: 
top_keys: 
tool_input_keys: 
=== DONE ===
=== 2026年 07月 17日 星期五 12:22:09 CST ===
file_path: 
has_file_content: 
has_replacements: 
top_keys: 
tool_input_keys: 
=== DONE ===
=== 2026年 07月 17日 星期五 12:23:34 CST ===
file_path: 
has_file_content: 
has_replacements: 
top_keys: 
tool_input_keys: 
=== DONE ===
=== 2026年 07月 17日 星期五 12:23:38 CST ===
file_path: 
has_file_content: 
has_replacements: 
top_keys: 
tool_input_keys: 
=== DONE ===
=== 2026年 07月 17日 星期五 12:24:22 CST ===
file_path: EMPTY
has_file_content: false
has_replacements: false
top_keys: cwd, extra, hook_event_name, request_set_id, session_id, tool_input, tool_name, transcript_path
tool_input_keys: command, is_background
=== DONE ===
=== 2026年 07月 17日 星期五 12:24:31 CST ===
file_path: EMPTY
has_file_content: false
has_replacements: false
top_keys: cwd, extra, hook_event_name, request_set_id, session_id, tool_input, tool_name, transcript_path
tool_input_keys: command, is_background
=== DONE ===
=== 2026年 07月 17日 星期五 12:25:28 CST ===
file_path: EMPTY
has_file_content: false
has_replacements: false
top_keys: cwd, extra, hook_event_name, request_set_id, session_id, tool_input, tool_name, transcript_path
tool_input_keys: command, is_background
=== DONE ===
=== 2026年 07月 17日 星期五 12:25:50 CST ===
file_path: 
has_file_content: 
has_replacements: 
top_keys: 
tool_input_keys: 
=== DONE ===
=== 2026年 07月 17日 星期五 12:25:54 CST ===
file_path: 
has_file_content: 
has_replacements: 
top_keys: 
tool_input_keys: 
=== DONE ===
=== 2026年 07月 17日 星期五 12:25:59 CST ===
file_path: EMPTY
has_file_content: false
has_replacements: false
top_keys: cwd, extra, hook_event_name, request_set_id, session_id, tool_input, tool_name, transcript_path
tool_input_keys: command, is_background
=== DONE ===
=== 2026年 07月 17日 星期五 12:26:57 CST ===
file_path: 
has_file_content: 
has_replacements: 
top_keys: 
tool_input_keys: 
=== DONE ===
=== 2026年 07月 17日 星期五 12:27:00 CST ===
file_path: 
has_file_content: 
has_replacements: 
top_keys: 
tool_input_keys: 
=== DONE ===
=== 2026年 07月 17日 星期五 12:27:06 CST ===
file_path: EMPTY
has_file_content: false
has_replacements: false
top_keys: cwd, extra, hook_event_name, request_set_id, session_id, tool_input, tool_name, transcript_path
tool_input_keys: command, is_background
=== DONE ===
=== 2026年 07月 17日 星期五 12:29:07 CST ===
file_path: 
has_file_content: 
has_replacements: 
top_keys: 
tool_input_keys: 
=== DONE ===
=== 2026年 07月 17日 星期五 12:29:10 CST ===
file_path: 
has_file_content: 
has_replacements: 
top_keys: 
tool_input_keys: 
=== DONE ===
=== 2026年 07月 17日 星期五 12:29:33 CST ===
file_path: 
has_file_content: 
has_replacements: 
top_keys: 
tool_input_keys: 
=== DONE ===
=== 2026年 07月 17日 星期五 12:29:37 CST ===
file_path: 
has_file_content: 
has_replacements: 
top_keys: 
tool_input_keys: 
=== DONE ===
=== 2026年 07月 17日 星期五 12:29:45 CST ===
file_path: 
has_file_content: 
has_replacements: 
top_keys: 
tool_input_keys: 
=== DONE ===
=== 2026年 07月 17日 星期五 12:29:48 CST ===
file_path: 
has_file_content: 
has_replacements: 
top_keys: 
tool_input_keys: 
=== DONE ===
=== 2026年 07月 17日 星期五 12:34:39 CST ===
file_path: 
has_file_content: 
has_replacements: 
top_keys: 
tool_input_keys: 
=== DONE ===
=== 2026年 07月 17日 星期五 12:34:42 CST ===
file_path: 
has_file_content: 
has_replacements: 
top_keys: 
tool_input_keys: 
=== DONE ===
=== 2026年 07月 17日 星期五 12:35:14 CST ===
file_path: /home/xmm/ai/add-coder/.qoder/plans/2026-07/17/add-coder-hook-full-alignment-plan-v1.md
has_file_content: false
has_replacements: true
top_keys: cwd, extra, hook_event_name, request_set_id, session_id, tool_input, tool_name, transcript_path
tool_input_keys: file_path, replacements
=== DONE ===
=== 2026年 07月 17日 星期五 12:35:18 CST ===
file_path: 
has_file_content: 
has_replacements: 
top_keys: 
tool_input_keys: 
=== DONE ===
=== 2026年 07月 17日 星期五 12:35:26 CST ===
file_path: /home/xmm/ai/add-coder/.qoder/reviews/add-coder-hook-full-alignment-review-v1.md
has_file_content: false
has_replacements: true
top_keys: cwd, extra, hook_event_name, request_set_id, session_id, tool_input, tool_name, transcript_path
tool_input_keys: file_path, replacements
=== DONE ===
=== 2026年 07月 17日 星期五 12:35:30 CST ===
file_path: 
has_file_content: 
has_replacements: 
top_keys: 
tool_input_keys: 
=== DONE ===
=== 2026年 07月 17日 星期五 12:39:07 CST ===
file_path: 
has_file_content: 
has_replacements: 
top_keys: 
tool_input_keys: 
=== DONE ===
=== 2026年 07月 17日 星期五 12:39:11 CST ===
file_path: 
has_file_content: 
has_replacements: 
top_keys: 
tool_input_keys: 
=== DONE ===
=== 2026年 07月 17日 星期五 12:39:17 CST ===
file_path: EMPTY
has_file_content: false
has_replacements: false
top_keys: cwd, extra, hook_event_name, request_set_id, session_id, tool_input, tool_name, transcript_path
tool_input_keys: command, is_background
=== DONE ===
=== 2026年 07月 17日 星期五 12:40:49 CST ===
file_path: EMPTY
has_file_content: false
has_replacements: false
top_keys: cwd, extra, hook_event_name, request_set_id, session_id, tool_input, tool_name, transcript_path
tool_input_keys: command, is_background
=== DONE ===
=== 2026年 07月 17日 星期五 12:40:55 CST ===
file_path: EMPTY
has_file_content: false
has_replacements: false
top_keys: cwd, extra, hook_event_name, request_set_id, session_id, tool_input, tool_name, transcript_path
tool_input_keys: command, is_background
=== DONE ===
=== 2026年 07月 17日 星期五 12:44:59 CST ===
file_path: 
has_file_content: 
has_replacements: 
top_keys: 
tool_input_keys: 
=== DONE ===
=== 2026年 07月 17日 星期五 12:45:01 CST ===
file_path: 
has_file_content: 
has_replacements: 
top_keys: 
tool_input_keys: 
=== DONE ===
=== 2026年 07月 17日 星期五 12:45:19 CST ===
file_path: 
has_file_content: 
has_replacements: 
top_keys: 
tool_input_keys: 
=== DONE ===
=== 2026年 07月 17日 星期五 12:45:21 CST ===
file_path: 
has_file_content: 
has_replacements: 
top_keys: 
tool_input_keys: 
=== DONE ===
=== 2026年 07月 17日 星期五 12:45:39 CST ===
file_path: 
has_file_content: 
has_replacements: 
top_keys: 
tool_input_keys: 
=== DONE ===
=== 2026年 07月 17日 星期五 12:45:41 CST ===
file_path: 
has_file_content: 
has_replacements: 
top_keys: 
tool_input_keys: 
=== DONE ===
=== 2026年 07月 17日 星期五 12:45:55 CST ===
file_path: 
has_file_content: 
has_replacements: 
top_keys: 
tool_input_keys: 
=== DONE ===
=== 2026年 07月 17日 星期五 12:45:57 CST ===
file_path: 
has_file_content: 
has_replacements: 
top_keys: 
tool_input_keys: 
=== DONE ===
=== 2026年 07月 17日 星期五 12:46:03 CST ===
file_path: 
has_file_content: 
has_replacements: 
top_keys: 
tool_input_keys: 
=== DONE ===
=== 2026年 07月 17日 星期五 12:46:19 CST ===
file_path: 
has_file_content: 
has_replacements: 
top_keys: 
tool_input_keys: 
=== DONE ===
=== 2026年 07月 17日 星期五 12:46:23 CST ===
file_path: 
has_file_content: 
has_replacements: 
top_keys: 
tool_input_keys: 
=== DONE ===
=== 2026年 07月 17日 星期五 12:46:28 CST ===
file_path: /home/xmm/ai/add-coder/ADD_claude_hook_consistance.md
has_file_content: false
has_replacements: false
top_keys: cwd, extra, hook_event_name, request_set_id, session_id, tool_input, tool_name, transcript_path
tool_input_keys: file_path
=== DONE ===
=== 2026年 07月 17日 星期五 12:46:28 CST ===
file_path: /home/xmm/ai/add-coder/ADD_claude_hook_consistance.md
has_file_content: false
has_replacements: false
top_keys: cwd, extra, hook_event_name, request_set_id, session_id, tool_input, tool_name, tool_response, transcript_path
tool_input_keys: file_path
=== DONE ===
=== 2026年 07月 17日 星期五 13:00:24 CST ===
file_path: EMPTY
has_file_content: false
has_replacements: false
top_keys: cwd, extra, hook_event_name, request_set_id, session_id, tool_input, tool_name, transcript_path
tool_input_keys: command, is_background
=== DONE ===
=== 2026年 07月 17日 星期五 13:00:47 CST ===
file_path: 
has_file_content: 
has_replacements: 
top_keys: 
tool_input_keys: 
=== DONE ===
=== 2026年 07月 17日 星期五 13:00:53 CST ===
file_path: 
has_file_content: 
has_replacements: 
top_keys: 
tool_input_keys: 
=== DONE ===
=== 2026年 07月 17日 星期五 13:03:15 CST ===
file_path: 
has_file_content: 
has_replacements: 
top_keys: 
tool_input_keys: 
=== DONE ===
=== 2026年 07月 17日 星期五 13:07:39 CST ===
file_path: 
has_file_content: 
has_replacements: 
top_keys: 
tool_input_keys: 
=== DONE ===
=== 2026年 07月 17日 星期五 13:07:43 CST ===
file_path: 
has_file_content: 
has_replacements: 
top_keys: 
tool_input_keys: 
=== DONE ===
=== 2026年 07月 17日 星期五 13:07:51 CST ===
file_path: 
has_file_content: 
has_replacements: 
top_keys: 
tool_input_keys: 
=== DONE ===
=== 2026年 07月 17日 星期五 13:08:00 CST ===
file_path: 
has_file_content: 
has_replacements: 
top_keys: 
tool_input_keys: 
=== DONE ===
=== 2026年 07月 17日 星期五 13:08:07 CST ===
file_path: EMPTY
has_file_content: false
has_replacements: false
top_keys: cwd, extra, hook_event_name, request_set_id, session_id, tool_input, tool_name, transcript_path
tool_input_keys: command, is_background
=== DONE ===
=== 2026年 07月 17日 星期五 13:08:26 CST ===
file_path: 
has_file_content: 
has_replacements: 
top_keys: 
tool_input_keys: 
=== DONE ===
=== 2026年 07月 17日 星期五 13:08:39 CST ===
file_path: /home/xmm/ai/add-coder/.qoder/reviews/add-coder-hook-full-alignment-review-v1.md
has_file_content: false
has_replacements: true
top_keys: cwd, extra, hook_event_name, request_set_id, session_id, tool_input, tool_name, transcript_path
tool_input_keys: file_path, replacements
=== DONE ===
=== 2026年 07月 17日 星期五 13:08:41 CST ===
file_path: 
has_file_content: 
has_replacements: 
top_keys: 
tool_input_keys: 
=== DONE ===
=== 2026年 07月 17日 星期五 13:08:47 CST ===
file_path: EMPTY
has_file_content: false
has_replacements: false
top_keys: cwd, extra, hook_event_name, request_set_id, session_id, tool_input, tool_name, transcript_path
tool_input_keys: command, is_background
=== DONE ===
=== 2026年 07月 17日 星期五 13:08:53 CST ===
file_path: EMPTY
has_file_content: false
has_replacements: false
top_keys: cwd, extra, hook_event_name, request_set_id, session_id, tool_input, tool_name, transcript_path
tool_input_keys: command, is_background
=== DONE ===
=== 2026年 07月 17日 星期五 13:08:59 CST ===
file_path: EMPTY
has_file_content: false
has_replacements: false
top_keys: cwd, extra, hook_event_name, request_set_id, session_id, tool_input, tool_name, transcript_path
tool_input_keys: command, is_background
=== DONE ===
=== 2026年 07月 17日 星期五 13:11:10 CST ===
file_path: EMPTY
has_file_content: false
has_replacements: false
top_keys: cwd, extra, hook_event_name, request_set_id, session_id, tool_input, tool_name, transcript_path
tool_input_keys: command, is_background
=== DONE ===
=== 2026年 07月 17日 星期五 13:11:24 CST ===
file_path: 
has_file_content: 
has_replacements: 
top_keys: 
tool_input_keys: 
=== DONE ===
=== 2026年 07月 17日 星期五 13:11:28 CST ===
file_path: 
has_file_content: 
has_replacements: 
top_keys: 
tool_input_keys: 
=== DONE ===
=== 2026年 07月 17日 星期五 13:11:39 CST ===
file_path: 
has_file_content: 
has_replacements: 
top_keys: 
tool_input_keys: 
=== DONE ===
=== 2026年 07月 17日 星期五 13:11:52 CST ===
file_path: 
has_file_content: 
has_replacements: 
top_keys: 
tool_input_keys: 
=== DONE ===
=== 2026年 07月 17日 星期五 13:12:04 CST ===
file_path: EMPTY
has_file_content: false
has_replacements: false
top_keys: cwd, extra, hook_event_name, request_set_id, session_id, tool_input, tool_name, transcript_path
tool_input_keys: command, is_background
=== DONE ===
=== 2026年 07月 17日 星期五 13:13:49 CST ===
file_path: EMPTY
has_file_content: false
has_replacements: false
top_keys: cwd, extra, hook_event_name, request_set_id, session_id, tool_input, tool_name, transcript_path
tool_input_keys: command, is_background
=== DONE ===
=== 2026年 07月 17日 星期五 13:14:45 CST ===
file_path: 
has_file_content: 
has_replacements: 
top_keys: 
tool_input_keys: 
=== DONE ===
=== 2026年 07月 17日 星期五 13:14:48 CST ===
file_path: 
has_file_content: 
has_replacements: 
top_keys: 
tool_input_keys: 
=== DONE ===
=== 2026年 07月 17日 星期五 13:14:55 CST ===
file_path: EMPTY
has_file_content: false
has_replacements: false
top_keys: cwd, extra, hook_event_name, request_set_id, session_id, tool_input, tool_name, transcript_path
tool_input_keys: command, is_background
=== DONE ===
=== 2026年 07月 17日 星期五 13:18:33 CST ===
file_path: EMPTY
has_file_content: false
has_replacements: false
top_keys: cwd, extra, hook_event_name, request_set_id, session_id, tool_input, tool_name, transcript_path
tool_input_keys: command, is_background
=== DONE ===
=== 2026年 07月 17日 星期五 13:19:00 CST ===
file_path: 
has_file_content: 
has_replacements: 
top_keys: 
tool_input_keys: 
=== DONE ===
=== 2026年 07月 17日 星期五 13:19:03 CST ===
file_path: 
has_file_content: 
has_replacements: 
top_keys: 
tool_input_keys: 
=== DONE ===
=== 2026年 07月 17日 星期五 13:19:10 CST ===
file_path: EMPTY
has_file_content: false
has_replacements: false
top_keys: cwd, extra, hook_event_name, request_set_id, session_id, tool_input, tool_name, transcript_path
tool_input_keys: command, is_background
=== DONE ===
=== 2026年 07月 17日 星期五 13:19:45 CST ===
file_path: EMPTY
has_file_content: false
has_replacements: false
top_keys: cwd, extra, hook_event_name, request_set_id, session_id, tool_input, tool_name, transcript_path
tool_input_keys: command, is_background
=== DONE ===
=== 2026年 07月 17日 星期五 13:20:43 CST ===
file_path: 
has_file_content: 
has_replacements: 
top_keys: 
tool_input_keys: 
=== DONE ===
=== 2026年 07月 17日 星期五 13:20:46 CST ===
file_path: 
has_file_content: 
has_replacements: 
top_keys: 
tool_input_keys: 
=== DONE ===
=== 2026年 07月 17日 星期五 13:21:02 CST ===
file_path: 
has_file_content: 
has_replacements: 
top_keys: 
tool_input_keys: 
=== DONE ===
=== 2026年 07月 17日 星期五 13:21:05 CST ===
file_path: 
has_file_content: 
has_replacements: 
top_keys: 
tool_input_keys: 
=== DONE ===
=== 2026年 07月 17日 星期五 13:21:11 CST ===
file_path: EMPTY
has_file_content: false
has_replacements: false
top_keys: cwd, extra, hook_event_name, request_set_id, session_id, tool_input, tool_name, transcript_path
tool_input_keys: command, is_background
=== DONE ===
=== 2026年 07月 17日 星期五 13:22:34 CST ===
file_path: EMPTY
has_file_content: false
has_replacements: false
top_keys: cwd, extra, hook_event_name, request_set_id, session_id, tool_input, tool_name, transcript_path
tool_input_keys: command, is_background
=== DONE ===
=== 2026年 07月 17日 星期五 13:22:40 CST ===
file_path: 
has_file_content: 
has_replacements: 
top_keys: 
tool_input_keys: 
=== DONE ===
=== 2026年 07月 17日 星期五 13:22:43 CST ===
file_path: 
has_file_content: 
has_replacements: 
top_keys: 
tool_input_keys: 
=== DONE ===
=== 2026年 07月 17日 星期五 13:22:49 CST ===
file_path: 
has_file_content: 
has_replacements: 
top_keys: 
tool_input_keys: 
=== DONE ===
=== 2026年 07月 17日 星期五 13:22:52 CST ===
file_path: 
has_file_content: 
has_replacements: 
top_keys: 
tool_input_keys: 
=== DONE ===
=== 2026年 07月 17日 星期五 13:22:59 CST ===
file_path: EMPTY
has_file_content: false
has_replacements: false
top_keys: cwd, extra, hook_event_name, request_set_id, session_id, tool_input, tool_name, transcript_path
tool_input_keys: command, is_background
=== DONE ===
=== 2026年 07月 17日 星期五 13:24:19 CST ===
file_path: 
has_file_content: 
has_replacements: 
top_keys: 
tool_input_keys: 
=== DONE ===
=== 2026年 07月 17日 星期五 13:24:23 CST ===
file_path: 
has_file_content: 
has_replacements: 
top_keys: 
tool_input_keys: 
=== DONE ===
=== 2026年 07月 17日 星期五 13:24:29 CST ===
file_path: EMPTY
has_file_content: false
has_replacements: false
top_keys: cwd, extra, hook_event_name, request_set_id, session_id, tool_input, tool_name, transcript_path
tool_input_keys: command, is_background
=== DONE ===
=== 2026年 07月 17日 星期五 13:24:54 CST ===
file_path: 
has_file_content: 
has_replacements: 
top_keys: 
tool_input_keys: 
=== DONE ===
=== 2026年 07月 17日 星期五 13:24:58 CST ===
file_path: 
has_file_content: 
has_replacements: 
top_keys: 
tool_input_keys: 
=== DONE ===
=== 2026年 07月 17日 星期五 13:25:04 CST ===
file_path: EMPTY
has_file_content: false
has_replacements: false
top_keys: cwd, extra, hook_event_name, request_set_id, session_id, tool_input, tool_name, transcript_path
tool_input_keys: command, is_background
=== DONE ===
=== 2026年 07月 17日 星期五 13:26:18 CST ===
file_path: 
has_file_content: 
has_replacements: 
top_keys: 
tool_input_keys: 
=== DONE ===
=== 2026年 07月 17日 星期五 13:26:22 CST ===
file_path: 
has_file_content: 
has_replacements: 
top_keys: 
tool_input_keys: 
=== DONE ===
=== 2026年 07月 17日 星期五 13:26:29 CST ===
file_path: EMPTY
has_file_content: false
has_replacements: false
top_keys: cwd, extra, hook_event_name, request_set_id, session_id, tool_input, tool_name, transcript_path
tool_input_keys: command, is_background
=== DONE ===
=== 2026年 07月 17日 星期五 13:28:13 CST ===
file_path: 
has_file_content: 
has_replacements: 
top_keys: 
tool_input_keys: 
=== DONE ===
=== 2026年 07月 17日 星期五 13:28:17 CST ===
file_path: 
has_file_content: 
has_replacements: 
top_keys: 
tool_input_keys: 
=== DONE ===
=== 2026年 07月 17日 星期五 13:28:23 CST ===
file_path: EMPTY
has_file_content: false
has_replacements: false
top_keys: cwd, extra, hook_event_name, request_set_id, session_id, tool_input, tool_name, transcript_path
tool_input_keys: command, is_background
=== DONE ===
=== 2026年 07月 17日 星期五 13:30:13 CST ===
file_path: 
has_file_content: 
has_replacements: 
top_keys: 
tool_input_keys: 
=== DONE ===
=== 2026年 07月 17日 星期五 13:30:17 CST ===
file_path: 
has_file_content: 
has_replacements: 
top_keys: 
tool_input_keys: 
=== DONE ===
=== 2026年 07月 17日 星期五 13:30:23 CST ===
file_path: EMPTY
has_file_content: false
has_replacements: false
top_keys: cwd, extra, hook_event_name, request_set_id, session_id, tool_input, tool_name, transcript_path
tool_input_keys: command, is_background
=== DONE ===
=== 2026年 07月 17日 星期五 13:31:08 CST ===
file_path: 
has_file_content: 
has_replacements: 
top_keys: 
tool_input_keys: 
=== DONE ===
=== 2026年 07月 17日 星期五 13:31:12 CST ===
file_path: 
has_file_content: 
has_replacements: 
top_keys: 
tool_input_keys: 
=== DONE ===
=== 2026年 07月 17日 星期五 13:31:20 CST ===
file_path: EMPTY
has_file_content: false
has_replacements: false
top_keys: cwd, extra, hook_event_name, request_set_id, session_id, tool_input, tool_name, transcript_path
tool_input_keys: command, is_background
=== DONE ===
=== 2026年 07月 17日 星期五 13:35:02 CST ===
file_path: 
has_file_content: 
has_replacements: 
top_keys: 
tool_input_keys: 
=== DONE ===
=== 2026年 07月 17日 星期五 13:35:05 CST ===
file_path: 
has_file_content: 
has_replacements: 
top_keys: 
tool_input_keys: 
=== DONE ===
=== 2026年 07月 17日 星期五 13:35:11 CST ===
file_path: EMPTY
has_file_content: false
has_replacements: false
top_keys: cwd, extra, hook_event_name, request_set_id, session_id, tool_input, tool_name, transcript_path
tool_input_keys: command, is_background
=== DONE ===
=== 2026年 07月 17日 星期五 13:35:20 CST ===
file_path: 
has_file_content: 
has_replacements: 
top_keys: 
tool_input_keys: 
=== DONE ===
=== 2026年 07月 17日 星期五 13:35:23 CST ===
file_path: 
has_file_content: 
has_replacements: 
top_keys: 
tool_input_keys: 
=== DONE ===
=== 2026年 07月 17日 星期五 13:35:29 CST ===
file_path: EMPTY
has_file_content: false
has_replacements: false
top_keys: cwd, extra, hook_event_name, request_set_id, session_id, tool_input, tool_name, transcript_path
tool_input_keys: command, is_background
=== DONE ===
=== 2026年 07月 17日 星期五 13:35:40 CST ===
file_path: 
has_file_content: 
has_replacements: 
top_keys: 
tool_input_keys: 
=== DONE ===
=== 2026年 07月 17日 星期五 13:35:44 CST ===
file_path: 
has_file_content: 
has_replacements: 
top_keys: 
tool_input_keys: 
=== DONE ===
=== 2026年 07月 17日 星期五 13:35:50 CST ===
file_path: EMPTY
has_file_content: false
has_replacements: false
top_keys: cwd, extra, hook_event_name, request_set_id, session_id, tool_input, tool_name, transcript_path
tool_input_keys: command, is_background
=== DONE ===
=== 2026年 07月 17日 星期五 13:36:32 CST ===
file_path: 
has_file_content: 
has_replacements: 
top_keys: 
tool_input_keys: 
=== DONE ===
=== 2026年 07月 17日 星期五 13:36:35 CST ===
file_path: 
has_file_content: 
has_replacements: 
top_keys: 
tool_input_keys: 
=== DONE ===
=== 2026年 07月 17日 星期五 13:36:41 CST ===
file_path: EMPTY
has_file_content: false
has_replacements: false
top_keys: cwd, extra, hook_event_name, request_set_id, session_id, tool_input, tool_name, transcript_path
tool_input_keys: command, is_background
=== DONE ===
=== 2026年 07月 17日 星期五 13:37:44 CST ===
file_path: 
has_file_content: 
has_replacements: 
top_keys: 
tool_input_keys: 
=== DONE ===
=== 2026年 07月 17日 星期五 13:37:54 CST ===
file_path: 
has_file_content: 
has_replacements: 
top_keys: 
tool_input_keys: 
=== DONE ===
=== 2026年 07月 17日 星期五 13:37:56 CST ===
file_path: 
has_file_content: 
has_replacements: 
top_keys: 
tool_input_keys: 
=== DONE ===
=== 2026年 07月 17日 星期五 13:38:02 CST ===
file_path: EMPTY
has_file_content: false
has_replacements: false
top_keys: cwd, extra, hook_event_name, request_set_id, session_id, tool_input, tool_name, transcript_path
tool_input_keys: command, is_background
=== DONE ===
=== 2026年 07月 17日 星期五 13:38:51 CST ===
file_path: 
has_file_content: 
has_replacements: 
top_keys: 
tool_input_keys: 
=== DONE ===
=== 2026年 07月 17日 星期五 13:38:56 CST ===
file_path: 
has_file_content: 
has_replacements: 
top_keys: 
tool_input_keys: 
=== DONE ===
=== 2026年 07月 17日 星期五 13:39:02 CST ===
file_path: EMPTY
has_file_content: false
has_replacements: false
top_keys: cwd, extra, hook_event_name, request_set_id, session_id, tool_input, tool_name, transcript_path
tool_input_keys: command, is_background
=== DONE ===
=== 2026年 07月 17日 星期五 13:40:01 CST ===
file_path: 
has_file_content: 
has_replacements: 
top_keys: 
tool_input_keys: 
=== DONE ===
=== 2026年 07月 17日 星期五 13:40:03 CST ===
file_path: 
has_file_content: 
has_replacements: 
top_keys: 
tool_input_keys: 
=== DONE ===
=== 2026年 07月 17日 星期五 13:42:29 CST ===
file_path: 
has_file_content: 
has_replacements: 
top_keys: 
tool_input_keys: 
=== DONE ===
=== 2026年 07月 17日 星期五 13:42:33 CST ===
file_path: 
has_file_content: 
has_replacements: 
top_keys: 
tool_input_keys: 
=== DONE ===
=== 2026年 07月 17日 星期五 13:42:40 CST ===
file_path: 
has_file_content: 
has_replacements: 
top_keys: 
tool_input_keys: 
=== DONE ===
=== 2026年 07月 17日 星期五 13:47:05 CST ===
file_path: 
has_file_content: 
has_replacements: 
top_keys: 
tool_input_keys: 
=== DONE ===
=== 2026年 07月 17日 星期五 13:47:08 CST ===
file_path: 
has_file_content: 
has_replacements: 
top_keys: 
tool_input_keys: 
=== DONE ===
=== 2026年 07月 17日 星期五 13:47:44 CST ===
file_path: 
has_file_content: 
has_replacements: 
top_keys: 
tool_input_keys: 
=== DONE ===
=== 2026年 07月 17日 星期五 13:47:48 CST ===
file_path: 
has_file_content: 
has_replacements: 
top_keys: 
tool_input_keys: 
=== DONE ===
=== 2026年 07月 17日 星期五 13:47:55 CST ===
file_path: EMPTY
has_file_content: false
has_replacements: false
top_keys: cwd, extra, hook_event_name, request_set_id, session_id, tool_input, tool_name, transcript_path
tool_input_keys: command, is_background
=== DONE ===
=== 2026年 07月 17日 星期五 13:48:19 CST ===
file_path: /home/xmm/ai/add-coder/templates/adapters/qoder/hooks/session-start.sh
has_file_content: false
has_replacements: true
top_keys: cwd, extra, hook_event_name, request_set_id, session_id, tool_input, tool_name, transcript_path
tool_input_keys: file_path, replacements
=== DONE ===
=== 2026年 07月 17日 星期五 13:48:23 CST ===
file_path: 
has_file_content: 
has_replacements: 
top_keys: 
tool_input_keys: 
=== DONE ===
=== 2026年 07月 17日 星期五 13:50:53 CST ===
file_path: 
has_file_content: 
has_replacements: 
top_keys: 
tool_input_keys: 
=== DONE ===
=== 2026年 07月 17日 星期五 13:50:58 CST ===
file_path: 
has_file_content: 
has_replacements: 
top_keys: 
tool_input_keys: 
=== DONE ===
=== 2026年 07月 17日 星期五 13:51:04 CST ===
file_path: EMPTY
has_file_content: false
has_replacements: false
top_keys: cwd, extra, hook_event_name, request_set_id, session_id, tool_input, tool_name, transcript_path
tool_input_keys: command, is_background
=== DONE ===
=== 2026年 07月 17日 星期五 13:51:53 CST ===
file_path: 
has_file_content: 
has_replacements: 
top_keys: 
tool_input_keys: 
=== DONE ===
=== 2026年 07月 17日 星期五 13:51:57 CST ===
file_path: 
has_file_content: 
has_replacements: 
top_keys: 
tool_input_keys: 
=== DONE ===
=== 2026年 07月 17日 星期五 13:52:04 CST ===
file_path: EMPTY
has_file_content: false
has_replacements: false
top_keys: cwd, extra, hook_event_name, request_set_id, session_id, tool_input, tool_name, transcript_path
tool_input_keys: command, is_background
=== DONE ===
=== 2026年 07月 17日 星期五 13:53:25 CST ===
file_path: EMPTY
has_file_content: false
has_replacements: false
top_keys: cwd, extra, hook_event_name, request_set_id, session_id, tool_input, tool_name, transcript_path
tool_input_keys: command, is_background
=== DONE ===
=== 2026年 07月 17日 星期五 13:54:02 CST ===
file_path: EMPTY
has_file_content: false
has_replacements: false
top_keys: cwd, extra, hook_event_name, request_set_id, session_id, tool_input, tool_name, transcript_path
tool_input_keys: command, is_background
=== DONE ===
=== 2026年 07月 17日 星期五 13:54:11 CST ===
file_path: EMPTY
has_file_content: false
has_replacements: false
top_keys: cwd, extra, hook_event_name, request_set_id, session_id, tool_input, tool_name, transcript_path
tool_input_keys: command, is_background
=== DONE ===
=== 2026年 07月 17日 星期五 13:54:31 CST ===
file_path: EMPTY
has_file_content: false
has_replacements: false
top_keys: cwd, extra, hook_event_name, request_set_id, session_id, tool_input, tool_name, transcript_path
tool_input_keys: command, is_background
=== DONE ===
=== 2026年 07月 17日 星期五 13:54:40 CST ===
file_path: 
has_file_content: 
has_replacements: 
top_keys: 
tool_input_keys: 
=== DONE ===
=== 2026年 07月 17日 星期五 13:54:54 CST ===
file_path: EMPTY
has_file_content: false
has_replacements: false
top_keys: cwd, extra, hook_event_name, request_set_id, session_id, tool_input, tool_name, transcript_path
tool_input_keys: command, is_background
=== DONE ===
=== 2026年 07月 17日 星期五 13:55:01 CST ===
file_path: EMPTY
has_file_content: false
has_replacements: false
top_keys: cwd, extra, hook_event_name, request_set_id, session_id, tool_input, tool_name, transcript_path
tool_input_keys: command, is_background
=== DONE ===
=== 2026年 07月 17日 星期五 13:55:09 CST ===
file_path: EMPTY
has_file_content: false
has_replacements: false
top_keys: cwd, extra, hook_event_name, request_set_id, session_id, tool_input, tool_name, transcript_path
tool_input_keys: command, is_background
=== DONE ===
=== 2026年 07月 17日 星期五 13:55:28 CST ===
file_path: EMPTY
has_file_content: false
has_replacements: false
top_keys: cwd, extra, hook_event_name, request_set_id, session_id, tool_input, tool_name, transcript_path
tool_input_keys: command, is_background
=== DONE ===
=== 2026年 07月 17日 星期五 13:56:09 CST ===
file_path: EMPTY
has_file_content: false
has_replacements: false
top_keys: cwd, extra, hook_event_name, request_set_id, session_id, tool_input, tool_name, transcript_path
tool_input_keys: command, is_background
=== DONE ===
=== 2026年 07月 17日 星期五 13:56:35 CST ===
file_path: EMPTY
has_file_content: false
has_replacements: false
top_keys: cwd, extra, hook_event_name, request_set_id, session_id, tool_input, tool_name, transcript_path
tool_input_keys: command, is_background
=== DONE ===
=== 2026年 07月 17日 星期五 13:57:14 CST ===
file_path: EMPTY
has_file_content: false
has_replacements: false
top_keys: cwd, extra, hook_event_name, request_set_id, session_id, tool_input, tool_name, transcript_path
tool_input_keys: command, is_background
=== DONE ===
=== 2026年 07月 17日 星期五 13:57:31 CST ===
file_path: EMPTY
has_file_content: false
has_replacements: false
top_keys: cwd, extra, hook_event_name, request_set_id, session_id, tool_input, tool_name, transcript_path
tool_input_keys: command, is_background
=== DONE ===
=== 2026年 07月 17日 星期五 13:57:39 CST ===
file_path: EMPTY
has_file_content: false
has_replacements: false
top_keys: cwd, extra, hook_event_name, request_set_id, session_id, tool_input, tool_name, transcript_path
tool_input_keys: command, is_background
=== DONE ===
=== 2026年 07月 17日 星期五 13:57:48 CST ===
file_path: EMPTY
has_file_content: false
has_replacements: false
top_keys: cwd, extra, hook_event_name, request_set_id, session_id, tool_input, tool_name, transcript_path
tool_input_keys: command, is_background
=== DONE ===
=== 2026年 07月 17日 星期五 13:57:54 CST ===
file_path: EMPTY
has_file_content: false
has_replacements: false
top_keys: cwd, extra, hook_event_name, request_set_id, session_id, tool_input, tool_name, transcript_path
tool_input_keys: command, is_background
=== DONE ===
=== 2026年 07月 17日 星期五 13:58:04 CST ===
file_path: EMPTY
has_file_content: false
has_replacements: false
top_keys: cwd, extra, hook_event_name, request_set_id, session_id, tool_input, tool_name, transcript_path
tool_input_keys: command, is_background
=== DONE ===
=== 2026年 07月 17日 星期五 13:58:11 CST ===
file_path: EMPTY
has_file_content: false
has_replacements: false
top_keys: cwd, extra, hook_event_name, request_set_id, session_id, tool_input, tool_name, transcript_path
tool_input_keys: command, is_background
=== DONE ===
=== 2026年 07月 17日 星期五 13:58:19 CST ===
file_path: EMPTY
has_file_content: false
has_replacements: false
top_keys: cwd, extra, hook_event_name, request_set_id, session_id, tool_input, tool_name, transcript_path
tool_input_keys: command, is_background
=== DONE ===
=== 2026年 07月 17日 星期五 13:58:29 CST ===
file_path: EMPTY
has_file_content: false
has_replacements: false
top_keys: cwd, extra, hook_event_name, request_set_id, session_id, tool_input, tool_name, transcript_path
tool_input_keys: command, is_background
=== DONE ===
=== 2026年 07月 17日 星期五 13:58:37 CST ===
file_path: EMPTY
has_file_content: false
has_replacements: false
top_keys: cwd, extra, hook_event_name, request_set_id, session_id, tool_input, tool_name, transcript_path
tool_input_keys: command, is_background
=== DONE ===
=== 2026年 07月 17日 星期五 13:58:46 CST ===
file_path: EMPTY
has_file_content: false
has_replacements: false
top_keys: cwd, extra, hook_event_name, request_set_id, session_id, tool_input, tool_name, transcript_path
tool_input_keys: command, is_background
=== DONE ===
=== 2026年 07月 17日 星期五 13:59:09 CST ===
file_path: 
has_file_content: 
has_replacements: 
top_keys: 
tool_input_keys: 
=== DONE ===
=== 2026年 07月 17日 星期五 13:59:13 CST ===
file_path: 
has_file_content: 
has_replacements: 
top_keys: 
tool_input_keys: 
=== DONE ===
=== 2026年 07月 17日 星期五 13:59:20 CST ===
file_path: EMPTY
has_file_content: false
has_replacements: false
top_keys: cwd, extra, hook_event_name, request_set_id, session_id, tool_input, tool_name, transcript_path
tool_input_keys: command, is_background
=== DONE ===
=== 2026年 07月 17日 星期五 13:59:41 CST ===
file_path: EMPTY
has_file_content: false
has_replacements: false
top_keys: cwd, extra, hook_event_name, request_set_id, session_id, tool_input, tool_name, transcript_path
tool_input_keys: command, is_background
=== DONE ===
=== 2026年 07月 17日 星期五 14:01:00 CST ===
file_path: 
has_file_content: 
has_replacements: 
top_keys: 
tool_input_keys: 
=== DONE ===
=== 2026年 07月 17日 星期五 14:01:04 CST ===
file_path: 
has_file_content: 
has_replacements: 
top_keys: 
tool_input_keys: 
=== DONE ===
=== 2026年 07月 17日 星期五 14:01:15 CST ===
file_path: EMPTY
has_file_content: false
has_replacements: false
top_keys: cwd, extra, hook_event_name, request_set_id, session_id, tool_input, tool_name, transcript_path
tool_input_keys: command, is_background
=== DONE ===
=== 2026年 07月 17日 星期五 14:03:53 CST ===
file_path: 
has_file_content: 
has_replacements: 
top_keys: 
tool_input_keys: 
=== DONE ===
=== 2026年 07月 17日 星期五 14:03:57 CST ===
file_path: 
has_file_content: 
has_replacements: 
top_keys: 
tool_input_keys: 
=== DONE ===
=== 2026年 07月 17日 星期五 14:04:08 CST ===
file_path: 
has_file_content: 
has_replacements: 
top_keys: 
tool_input_keys: 
=== DONE ===
=== 2026年 07月 17日 星期五 14:04:13 CST ===
file_path: 
has_file_content: 
has_replacements: 
top_keys: 
tool_input_keys: 
=== DONE ===
=== 2026年 07月 17日 星期五 14:04:45 CST ===
file_path: EMPTY
has_file_content: false
has_replacements: false
top_keys: cwd, extra, hook_event_name, request_set_id, session_id, tool_input, tool_name, transcript_path
tool_input_keys: command, is_background
=== DONE ===
=== 2026年 07月 17日 星期五 14:05:06 CST ===
file_path: EMPTY
has_file_content: false
has_replacements: false
top_keys: cwd, extra, hook_event_name, request_set_id, session_id, tool_input, tool_name, transcript_path
tool_input_keys: command, is_background
=== DONE ===
=== 2026年 07月 17日 星期五 14:05:12 CST ===
file_path: EMPTY
has_file_content: false
has_replacements: false
top_keys: cwd, extra, hook_event_name, request_set_id, session_id, tool_input, tool_name, transcript_path
tool_input_keys: command, is_background
=== DONE ===
=== 2026年 07月 17日 星期五 14:05:23 CST ===
file_path: EMPTY
has_file_content: false
has_replacements: false
top_keys: cwd, extra, hook_event_name, request_set_id, session_id, tool_input, tool_name, transcript_path
tool_input_keys: command, is_background
=== DONE ===
=== 2026年 07月 17日 星期五 14:08:24 CST ===
file_path: 
has_file_content: 
has_replacements: 
top_keys: 
tool_input_keys: 
=== DONE ===
=== 2026年 07月 17日 星期五 14:08:27 CST ===
file_path: 
has_file_content: 
has_replacements: 
top_keys: 
tool_input_keys: 
=== DONE ===
=== 2026年 07月 17日 星期五 14:08:36 CST ===
file_path: EMPTY
has_file_content: false
has_replacements: false
top_keys: cwd, extra, hook_event_name, request_set_id, session_id, tool_input, tool_name, transcript_path
tool_input_keys: command, is_background
=== DONE ===
=== 2026年 07月 17日 星期五 14:08:49 CST ===
file_path: 
has_file_content: 
has_replacements: 
top_keys: 
tool_input_keys: 
=== DONE ===
=== 2026年 07月 17日 星期五 14:08:58 CST ===
file_path: EMPTY
has_file_content: false
has_replacements: false
top_keys: cwd, extra, hook_event_name, request_set_id, session_id, tool_input, tool_name, transcript_path
tool_input_keys: command, is_background
=== DONE ===
=== 2026年 07月 17日 星期五 14:10:12 CST ===
file_path: 
has_file_content: 
has_replacements: 
top_keys: 
tool_input_keys: 
=== DONE ===
=== 2026年 07月 17日 星期五 14:10:16 CST ===
file_path: 
has_file_content: 
has_replacements: 
top_keys: 
tool_input_keys: 
=== DONE ===
=== 2026年 07月 17日 星期五 14:10:24 CST ===
file_path: EMPTY
has_file_content: false
has_replacements: false
top_keys: cwd, extra, hook_event_name, request_set_id, session_id, tool_input, tool_name, transcript_path
tool_input_keys: command, is_background
=== DONE ===
=== 2026年 07月 17日 星期五 14:10:31 CST ===
file_path: EMPTY
has_file_content: false
has_replacements: false
top_keys: cwd, extra, hook_event_name, request_set_id, session_id, tool_input, tool_name, transcript_path
tool_input_keys: command, is_background
=== DONE ===
=== 2026年 07月 17日 星期五 14:11:17 CST ===
file_path: 
has_file_content: 
has_replacements: 
top_keys: 
tool_input_keys: 
=== DONE ===
=== 2026年 07月 17日 星期五 14:11:21 CST ===
file_path: 
has_file_content: 
has_replacements: 
top_keys: 
tool_input_keys: 
=== DONE ===
=== 2026年 07月 17日 星期五 14:11:27 CST ===
file_path: EMPTY
has_file_content: false
has_replacements: false
top_keys: cwd, extra, hook_event_name, request_set_id, session_id, tool_input, tool_name, transcript_path
tool_input_keys: command, is_background
=== DONE ===
=== 2026年 07月 17日 星期五 14:12:35 CST ===
file_path: 
has_file_content: 
has_replacements: 
top_keys: 
tool_input_keys: 
=== DONE ===
=== 2026年 07月 17日 星期五 14:12:39 CST ===
file_path: 
has_file_content: 
has_replacements: 
top_keys: 
tool_input_keys: 
=== DONE ===
=== 2026年 07月 17日 星期五 14:12:56 CST ===
file_path: 
has_file_content: 
has_replacements: 
top_keys: 
tool_input_keys: 
=== DONE ===
=== 2026年 07月 17日 星期五 14:13:08 CST ===
file_path: EMPTY
has_file_content: false
has_replacements: false
top_keys: cwd, extra, hook_event_name, request_set_id, session_id, tool_input, tool_name, transcript_path
tool_input_keys: command, is_background
=== DONE ===
=== 2026年 07月 17日 星期五 14:14:28 CST ===
file_path: 
has_file_content: 
has_replacements: 
top_keys: 
tool_input_keys: 
=== DONE ===
=== 2026年 07月 17日 星期五 14:14:32 CST ===
file_path: 
has_file_content: 
has_replacements: 
top_keys: 
tool_input_keys: 
=== DONE ===
=== 2026年 07月 17日 星期五 14:15:09 CST ===
file_path: 
has_file_content: 
has_replacements: 
top_keys: 
tool_input_keys: 
=== DONE ===
=== 2026年 07月 17日 星期五 14:15:12 CST ===
file_path: 
has_file_content: 
has_replacements: 
top_keys: 
tool_input_keys: 
=== DONE ===
=== 2026年 07月 17日 星期五 14:15:19 CST ===
file_path: EMPTY
has_file_content: false
has_replacements: false
top_keys: cwd, extra, hook_event_name, request_set_id, session_id, tool_input, tool_name, transcript_path
tool_input_keys: command, is_background
=== DONE ===
=== 2026年 07月 17日 星期五 14:15:26 CST ===
file_path: EMPTY
has_file_content: false
has_replacements: false
top_keys: cwd, extra, hook_event_name, request_set_id, session_id, tool_input, tool_name, transcript_path
tool_input_keys: command, is_background
=== DONE ===
=== 2026年 07月 17日 星期五 14:15:35 CST ===
file_path: /home/xmm/ai/add-coder/templates/adapters/qoder/hooks/session-end.sh
has_file_content: false
has_replacements: true
top_keys: cwd, extra, hook_event_name, request_set_id, session_id, tool_input, tool_name, transcript_path
tool_input_keys: file_path, replacements
=== DONE ===
=== 2026年 07月 17日 星期五 14:15:39 CST ===
file_path: 
has_file_content: 
has_replacements: 
top_keys: 
tool_input_keys: 
=== DONE ===
=== 2026年 07月 17日 星期五 14:15:45 CST ===
file_path: EMPTY
has_file_content: false
has_replacements: false
top_keys: cwd, extra, hook_event_name, request_set_id, session_id, tool_input, tool_name, transcript_path
tool_input_keys: command, is_background
=== DONE ===
=== 2026年 07月 17日 星期五 14:16:24 CST ===
file_path: 
has_file_content: 
has_replacements: 
top_keys: 
tool_input_keys: 
=== DONE ===
=== 2026年 07月 17日 星期五 14:16:27 CST ===
file_path: 
has_file_content: 
has_replacements: 
top_keys: 
tool_input_keys: 
=== DONE ===
=== 2026年 07月 17日 星期五 14:16:34 CST ===
file_path: EMPTY
has_file_content: false
has_replacements: false
top_keys: cwd, extra, hook_event_name, request_set_id, session_id, tool_input, tool_name, transcript_path
tool_input_keys: command, is_background
=== DONE ===
=== 2026年 07月 17日 星期五 14:16:51 CST ===
file_path: 
has_file_content: 
has_replacements: 
top_keys: 
tool_input_keys: 
=== DONE ===
=== 2026年 07月 17日 星期五 14:16:55 CST ===
file_path: 
has_file_content: 
has_replacements: 
top_keys: 
tool_input_keys: 
=== DONE ===
=== 2026年 07月 17日 星期五 14:17:15 CST ===
file_path: EMPTY
has_file_content: false
has_replacements: false
top_keys: cwd, extra, hook_event_name, request_set_id, session_id, tool_input, tool_name, transcript_path
tool_input_keys: command, is_background
=== DONE ===
=== 2026年 07月 17日 星期五 14:17:51 CST ===
file_path: EMPTY
has_file_content: false
has_replacements: false
top_keys: cwd, extra, hook_event_name, request_set_id, session_id, tool_input, tool_name, transcript_path
tool_input_keys: command, is_background
=== DONE ===
=== 2026年 07月 17日 星期五 14:18:01 CST ===
file_path: 
has_file_content: 
has_replacements: 
top_keys: 
tool_input_keys: 
=== DONE ===
=== 2026年 07月 17日 星期五 14:18:04 CST ===
file_path: 
has_file_content: 
has_replacements: 
top_keys: 
tool_input_keys: 
=== DONE ===
=== 2026年 07月 17日 星期五 14:18:12 CST ===
file_path: 
has_file_content: 
has_replacements: 
top_keys: 
tool_input_keys: 
=== DONE ===
=== 2026年 07月 17日 星期五 14:20:37 CST ===
file_path: EMPTY
has_file_content: false
has_replacements: false
top_keys: cwd, extra, hook_event_name, request_set_id, session_id, tool_input, tool_name, transcript_path
tool_input_keys: command, is_background
=== DONE ===
=== 2026年 07月 17日 星期五 14:20:50 CST ===
file_path: 
has_file_content: 
has_replacements: 
top_keys: 
tool_input_keys: 
=== DONE ===
=== 2026年 07月 17日 星期五 14:23:17 CST ===
file_path: 
has_file_content: 
has_replacements: 
top_keys: 
tool_input_keys: 
=== DONE ===
=== 2026年 07月 17日 星期五 14:34:40 CST ===
file_path: 
has_file_content: 
has_replacements: 
top_keys: 
tool_input_keys: 
=== DONE ===
=== 2026年 07月 17日 星期五 14:34:43 CST ===
file_path: 
has_file_content: 
has_replacements: 
top_keys: 
tool_input_keys: 
=== DONE ===
=== 2026年 07月 17日 星期五 14:34:54 CST ===
file_path: 
has_file_content: 
has_replacements: 
top_keys: 
tool_input_keys: 
=== DONE ===
=== 2026年 07月 17日 星期五 14:34:57 CST ===
file_path: 
has_file_content: 
has_replacements: 
top_keys: 
tool_input_keys: 
=== DONE ===
=== 2026年 07月 17日 星期五 14:35:05 CST ===
file_path: EMPTY
has_file_content: false
has_replacements: false
top_keys: cwd, extra, hook_event_name, request_set_id, session_id, tool_input, tool_name, transcript_path
tool_input_keys: command, is_background
=== DONE ===
=== 2026年 07月 17日 星期五 14:36:29 CST ===
file_path: 
has_file_content: 
has_replacements: 
top_keys: 
tool_input_keys: 
=== DONE ===
=== 2026年 07月 17日 星期五 14:36:33 CST ===
file_path: 
has_file_content: 
has_replacements: 
top_keys: 
tool_input_keys: 
=== DONE ===
=== 2026年 07月 17日 星期五 14:36:42 CST ===
file_path: 
has_file_content: 
has_replacements: 
top_keys: 
tool_input_keys: 
=== DONE ===
=== 2026年 07月 17日 星期五 14:36:46 CST ===
file_path: 
has_file_content: 
has_replacements: 
top_keys: 
tool_input_keys: 
=== DONE ===
=== 2026年 07月 17日 星期五 14:36:54 CST ===
file_path: EMPTY
has_file_content: false
has_replacements: false
top_keys: cwd, extra, hook_event_name, request_set_id, session_id, tool_input, tool_name, transcript_path
tool_input_keys: command, is_background
=== DONE ===
=== 2026年 07月 17日 星期五 14:37:07 CST ===
file_path: EMPTY
has_file_content: false
has_replacements: false
top_keys: cwd, extra, hook_event_name, request_set_id, session_id, tool_input, tool_name, transcript_path
tool_input_keys: command, is_background
=== DONE ===
=== 2026年 07月 17日 星期五 14:37:51 CST ===
file_path: EMPTY
has_file_content: false
has_replacements: false
top_keys: cwd, extra, hook_event_name, request_set_id, session_id, tool_input, tool_name, transcript_path
tool_input_keys: command, is_background
=== DONE ===
=== 2026年 07月 17日 星期五 14:45:25 CST ===
file_path: 
has_file_content: 
has_replacements: 
top_keys: 
tool_input_keys: 
=== DONE ===
=== 2026年 07月 17日 星期五 14:46:17 CST ===
file_path: EMPTY
has_file_content: false
has_replacements: false
top_keys: cwd, extra, hook_event_name, request_set_id, session_id, tool_input, tool_name, transcript_path
tool_input_keys: command, is_background
=== DONE ===
=== 2026年 07月 17日 星期五 14:49:01 CST ===
file_path: EMPTY
has_file_content: false
has_replacements: false
top_keys: cwd, extra, hook_event_name, request_set_id, session_id, tool_input, tool_name, transcript_path
tool_input_keys: command, is_background
=== DONE ===
=== 2026年 07月 17日 星期五 14:50:51 CST ===
file_path: EMPTY
has_file_content: false
has_replacements: false
top_keys: cwd, extra, hook_event_name, request_set_id, session_id, tool_input, tool_name, transcript_path
tool_input_keys: command, is_background
=== DONE ===
=== 2026年 07月 17日 星期五 14:53:54 CST ===
file_path: 
has_file_content: 
has_replacements: 
top_keys: 
tool_input_keys: 
=== DONE ===
=== 2026年 07月 17日 星期五 14:53:58 CST ===
file_path: 
has_file_content: 
has_replacements: 
top_keys: 
tool_input_keys: 
=== DONE ===
=== 2026年 07月 17日 星期五 14:55:10 CST ===
file_path: /home/xmm/ai/add-coder/.qoder/hooks/prompt-submit.sh
has_file_content: false
has_replacements: true
top_keys: cwd, extra, hook_event_name, request_set_id, session_id, tool_input, tool_name, transcript_path
tool_input_keys: file_path, replacements
=== DONE ===
=== 2026年 07月 17日 星期五 14:55:13 CST ===
file_path: 
has_file_content: 
has_replacements: 
top_keys: 
tool_input_keys: 
=== DONE ===
=== 2026年 07月 17日 星期五 14:55:54 CST ===
file_path: EMPTY
has_file_content: false
has_replacements: false
top_keys: cwd, extra, hook_event_name, request_set_id, session_id, tool_input, tool_name, transcript_path
tool_input_keys: command, is_background
=== DONE ===
=== 2026年 07月 17日 星期五 14:56:15 CST ===
file_path: 
has_file_content: 
has_replacements: 
top_keys: 
tool_input_keys: 
=== DONE ===
=== 2026年 07月 17日 星期五 14:56:19 CST ===
file_path: 
has_file_content: 
has_replacements: 
top_keys: 
tool_input_keys: 
=== DONE ===
=== 2026年 07月 17日 星期五 14:56:49 CST ===
file_path: 
has_file_content: 
has_replacements: 
top_keys: 
tool_input_keys: 
=== DONE ===
=== 2026年 07月 17日 星期五 14:56:53 CST ===
file_path: 
has_file_content: 
has_replacements: 
top_keys: 
tool_input_keys: 
=== DONE ===
=== 2026年 07月 17日 星期五 14:57:03 CST ===
file_path: 
has_file_content: 
has_replacements: 
top_keys: 
tool_input_keys: 
=== DONE ===
=== 2026年 07月 17日 星期五 14:57:07 CST ===
file_path: 
has_file_content: 
has_replacements: 
top_keys: 
tool_input_keys: 
=== DONE ===
=== 2026年 07月 17日 星期五 14:57:31 CST ===
file_path: EMPTY
has_file_content: false
has_replacements: false
top_keys: cwd, extra, hook_event_name, request_set_id, session_id, tool_input, tool_name, transcript_path
tool_input_keys: command, is_background
=== DONE ===
=== 2026年 07月 17日 星期五 14:58:00 CST ===
file_path: 
has_file_content: 
has_replacements: 
top_keys: 
tool_input_keys: 
=== DONE ===
=== 2026年 07月 17日 星期五 14:58:03 CST ===
file_path: 
has_file_content: 
has_replacements: 
top_keys: 
tool_input_keys: 
=== DONE ===
=== 2026年 07月 17日 星期五 14:58:15 CST ===
file_path: /home/xmm/ai/add-coder/.qoder/hooks/prompt-submit.sh
has_file_content: false
has_replacements: true
top_keys: cwd, extra, hook_event_name, request_set_id, session_id, tool_input, tool_name, transcript_path
tool_input_keys: file_path, replacements
=== DONE ===
=== 2026年 07月 17日 星期五 14:58:19 CST ===
file_path: 
has_file_content: 
has_replacements: 
top_keys: 
tool_input_keys: 
=== DONE ===
=== 2026年 07月 17日 星期五 14:58:44 CST ===
file_path: EMPTY
has_file_content: false
has_replacements: false
top_keys: cwd, extra, hook_event_name, request_set_id, session_id, tool_input, tool_name, transcript_path
tool_input_keys: command, is_background
=== DONE ===
=== 2026年 07月 17日 星期五 14:59:47 CST ===
file_path: EMPTY
has_file_content: false
has_replacements: false
top_keys: cwd, extra, hook_event_name, request_set_id, session_id, tool_input, tool_name, transcript_path
tool_input_keys: command, is_background
=== DONE ===
=== 2026年 07月 17日 星期五 14:59:59 CST ===
file_path: 
has_file_content: 
has_replacements: 
top_keys: 
tool_input_keys: 
=== DONE ===
=== 2026年 07月 17日 星期五 15:00:03 CST ===
file_path: 
has_file_content: 
has_replacements: 
top_keys: 
tool_input_keys: 
=== DONE ===
=== 2026年 07月 17日 星期五 15:00:44 CST ===
file_path: EMPTY
has_file_content: false
has_replacements: false
top_keys: cwd, extra, hook_event_name, request_set_id, session_id, tool_input, tool_name, transcript_path
tool_input_keys: command, is_background
=== DONE ===
=== 2026年 07月 17日 星期五 15:01:44 CST ===
file_path: /home/xmm/ai/add-coder/.qoder/hooks/lib/vocabulary.sh
has_file_content: false
has_replacements: true
top_keys: cwd, extra, hook_event_name, request_set_id, session_id, tool_input, tool_name, transcript_path
tool_input_keys: file_path, replacements
=== DONE ===
=== 2026年 07月 17日 星期五 15:01:48 CST ===
file_path: 
has_file_content: 
has_replacements: 
top_keys: 
tool_input_keys: 
=== DONE ===
=== 2026年 07月 17日 星期五 15:01:57 CST ===
file_path: EMPTY
has_file_content: false
has_replacements: false
top_keys: cwd, extra, hook_event_name, request_set_id, session_id, tool_input, tool_name, transcript_path
tool_input_keys: command, is_background
=== DONE ===
=== 2026年 07月 17日 星期五 15:03:22 CST ===
file_path: EMPTY
has_file_content: false
has_replacements: false
top_keys: cwd, extra, hook_event_name, request_set_id, session_id, tool_input, tool_name, transcript_path
tool_input_keys: command, is_background
=== DONE ===
=== 2026年 07月 17日 星期五 15:03:43 CST ===
file_path: 
has_file_content: 
has_replacements: 
top_keys: 
tool_input_keys: 
=== DONE ===
=== 2026年 07月 17日 星期五 15:03:47 CST ===
file_path: 
has_file_content: 
has_replacements: 
top_keys: 
tool_input_keys: 
=== DONE ===
=== 2026年 07月 17日 星期五 15:04:46 CST ===
file_path: EMPTY
has_file_content: false
has_replacements: false
top_keys: cwd, extra, hook_event_name, request_set_id, session_id, tool_input, tool_name, transcript_path
tool_input_keys: command, is_background
=== DONE ===
=== 2026年 07月 17日 星期五 15:05:09 CST ===
file_path: 
has_file_content: 
has_replacements: 
top_keys: 
tool_input_keys: 
=== DONE ===
=== 2026年 07月 17日 星期五 15:05:12 CST ===
file_path: 
has_file_content: 
has_replacements: 
top_keys: 
tool_input_keys: 
=== DONE ===
=== 2026年 07月 17日 星期五 15:07:52 CST ===
file_path: EMPTY
has_file_content: false
has_replacements: false
top_keys: cwd, extra, hook_event_name, request_set_id, session_id, tool_input, tool_name, transcript_path
tool_input_keys: command, is_background
=== DONE ===
=== 2026年 07月 17日 星期五 15:08:11 CST ===
file_path: 
has_file_content: 
has_replacements: 
top_keys: 
tool_input_keys: 
=== DONE ===
=== 2026年 07月 17日 星期五 15:08:14 CST ===
file_path: 
has_file_content: 
has_replacements: 
top_keys: 
tool_input_keys: 
=== DONE ===
=== 2026年 07月 17日 星期五 15:08:44 CST ===
file_path: 
has_file_content: 
has_replacements: 
top_keys: 
tool_input_keys: 
=== DONE ===
=== 2026年 07月 17日 星期五 15:08:47 CST ===
file_path: 
has_file_content: 
has_replacements: 
top_keys: 
tool_input_keys: 
=== DONE ===
=== 2026年 07月 17日 星期五 15:08:57 CST ===
file_path: 
has_file_content: 
has_replacements: 
top_keys: 
tool_input_keys: 
=== DONE ===
=== 2026年 07月 17日 星期五 15:09:00 CST ===
file_path: 
has_file_content: 
has_replacements: 
top_keys: 
tool_input_keys: 
=== DONE ===
=== 2026年 07月 17日 星期五 15:09:13 CST ===
file_path: 
has_file_content: 
has_replacements: 
top_keys: 
tool_input_keys: 
=== DONE ===
=== 2026年 07月 17日 星期五 15:10:28 CST ===
file_path: 
has_file_content: 
has_replacements: 
top_keys: 
tool_input_keys: 
=== DONE ===
=== 2026年 07月 17日 星期五 15:10:32 CST ===
file_path: 
has_file_content: 
has_replacements: 
top_keys: 
tool_input_keys: 
=== DONE ===
=== 2026年 07月 17日 星期五 15:10:39 CST ===
file_path: EMPTY
has_file_content: false
has_replacements: false
top_keys: cwd, extra, hook_event_name, request_set_id, session_id, tool_input, tool_name, transcript_path
tool_input_keys: command, is_background
=== DONE ===
=== 2026年 07月 17日 星期五 15:11:30 CST ===
file_path: 
has_file_content: 
has_replacements: 
top_keys: 
tool_input_keys: 
=== DONE ===
=== 2026年 07月 17日 星期五 15:11:33 CST ===
file_path: 
has_file_content: 
has_replacements: 
top_keys: 
tool_input_keys: 
=== DONE ===
=== 2026年 07月 17日 星期五 15:11:40 CST ===
file_path: EMPTY
has_file_content: false
has_replacements: false
top_keys: cwd, extra, hook_event_name, request_set_id, session_id, tool_input, tool_name, transcript_path
tool_input_keys: command, is_background
=== DONE ===
=== 2026年 07月 17日 星期五 15:12:06 CST ===
file_path: 
has_file_content: 
has_replacements: 
top_keys: 
tool_input_keys: 
=== DONE ===
=== 2026年 07月 17日 星期五 15:12:26 CST ===
file_path: 
has_file_content: 
has_replacements: 
top_keys: 
tool_input_keys: 
=== DONE ===
=== 2026年 07月 17日 星期五 15:12:29 CST ===
file_path: 
has_file_content: 
has_replacements: 
top_keys: 
tool_input_keys: 
=== DONE ===
=== 2026年 07月 17日 星期五 15:12:37 CST ===
file_path: 
has_file_content: 
has_replacements: 
top_keys: 
tool_input_keys: 
=== DONE ===
=== 2026年 07月 17日 星期五 15:12:41 CST ===
file_path: 
has_file_content: 
has_replacements: 
top_keys: 
tool_input_keys: 
=== DONE ===
=== 2026年 07月 17日 星期五 15:12:58 CST ===
file_path: 
has_file_content: 
has_replacements: 
top_keys: 
tool_input_keys: 
=== DONE ===
=== 2026年 07月 17日 星期五 15:13:02 CST ===
file_path: 
has_file_content: 
has_replacements: 
top_keys: 
tool_input_keys: 
=== DONE ===
=== 2026年 07月 17日 星期五 15:13:12 CST ===
file_path: 
has_file_content: 
has_replacements: 
top_keys: 
tool_input_keys: 
=== DONE ===
=== 2026年 07月 17日 星期五 15:13:16 CST ===
file_path: 
has_file_content: 
has_replacements: 
top_keys: 
tool_input_keys: 
=== DONE ===
=== 2026年 07月 17日 星期五 15:13:32 CST ===
file_path: 
has_file_content: 
has_replacements: 
top_keys: 
tool_input_keys: 
=== DONE ===
=== 2026年 07月 17日 星期五 15:13:36 CST ===
file_path: 
has_file_content: 
has_replacements: 
top_keys: 
tool_input_keys: 
=== DONE ===
=== 2026年 07月 17日 星期五 15:13:45 CST ===
file_path: 
has_file_content: 
has_replacements: 
top_keys: 
tool_input_keys: 
=== DONE ===
=== 2026年 07月 17日 星期五 15:16:07 CST ===
file_path: 
has_file_content: 
has_replacements: 
top_keys: 
tool_input_keys: 
=== DONE ===
=== 2026年 07月 17日 星期五 15:16:19 CST ===
file_path: EMPTY
has_file_content: false
has_replacements: false
top_keys: cwd, extra, hook_event_name, request_set_id, session_id, tool_input, tool_name, transcript_path
tool_input_keys: command, is_background
=== DONE ===
=== 2026年 07月 17日 星期五 15:17:14 CST ===
file_path: EMPTY
has_file_content: false
has_replacements: false
top_keys: cwd, extra, hook_event_name, request_set_id, session_id, tool_input, tool_name, transcript_path
tool_input_keys: command, is_background
=== DONE ===
=== 2026年 07月 17日 星期五 15:17:27 CST ===
file_path: EMPTY
has_file_content: false
has_replacements: false
top_keys: cwd, extra, hook_event_name, request_set_id, session_id, tool_input, tool_name, transcript_path
tool_input_keys: command, is_background
=== DONE ===
=== 2026年 07月 17日 星期五 15:18:49 CST ===
file_path: /home/xmm/ai/add-coder/ADD-governance-qoder-cn.md
has_file_content: false
has_replacements: true
top_keys: cwd, extra, hook_event_name, request_set_id, session_id, tool_input, tool_name, transcript_path
tool_input_keys: file_path, replacements
=== DONE ===
=== 2026年 07月 17日 星期五 15:18:53 CST ===
file_path: /home/xmm/ai/add-coder/ADD-governance-qoder-cn.md
has_file_content: false
has_replacements: true
top_keys: cwd, extra, hook_event_name, request_set_id, session_id, tool_input, tool_name, tool_response, transcript_path
tool_input_keys: file_path, replacements
=== DONE ===
=== 2026年 07月 17日 星期五 15:20:26 CST ===
file_path: /home/xmm/ai/add-coder/.qoder/plans/2026-07/17/add-coder-hook-full-alignment-plan-v1.md
has_file_content: false
has_replacements: true
top_keys: cwd, extra, hook_event_name, request_set_id, session_id, tool_input, tool_name, transcript_path
tool_input_keys: file_path, replacements
=== DONE ===
=== 2026年 07月 17日 星期五 15:20:29 CST ===
file_path: /home/xmm/ai/add-coder/.qoder/plans/2026-07/17/add-coder-hook-full-alignment-plan-v1.md
has_file_content: false
has_replacements: true
top_keys: cwd, extra, hook_event_name, request_set_id, session_id, tool_input, tool_name, tool_response, transcript_path
tool_input_keys: file_path, replacements
=== DONE ===
=== 2026年 07月 17日 星期五 15:20:43 CST ===
file_path: /home/xmm/ai/add-coder/.qoder/plans/2026-07/17/add-coder-hook-full-alignment-plan-v1.md
has_file_content: false
has_replacements: true
top_keys: cwd, extra, hook_event_name, request_set_id, session_id, tool_input, tool_name, transcript_path
tool_input_keys: file_path, replacements
=== DONE ===
=== 2026年 07月 17日 星期五 15:20:44 CST ===
file_path: /home/xmm/ai/add-coder/.qoder/plans/2026-07/17/add-coder-hook-full-alignment-plan-v1.md
has_file_content: false
has_replacements: true
top_keys: cwd, extra, hook_event_name, request_set_id, session_id, tool_input, tool_name, tool_response, transcript_path
tool_input_keys: file_path, replacements
=== DONE ===
=== 2026年 07月 17日 星期五 15:21:16 CST ===
file_path: EMPTY
has_file_content: false
has_replacements: false
top_keys: cwd, extra, hook_event_name, request_set_id, session_id, tool_input, tool_name, transcript_path
tool_input_keys: command, is_background
=== DONE ===
=== 2026年 07月 17日 星期五 15:21:28 CST ===
file_path: EMPTY
has_file_content: false
has_replacements: false
top_keys: cwd, extra, hook_event_name, request_set_id, session_id, tool_input, tool_name, transcript_path
tool_input_keys: command, is_background
=== DONE ===
=== 2026年 07月 17日 星期五 15:21:35 CST ===
file_path: EMPTY
has_file_content: false
has_replacements: false
top_keys: cwd, extra, hook_event_name, request_set_id, session_id, tool_input, tool_name, transcript_path
tool_input_keys: command, is_background
=== DONE ===
=== 2026年 07月 17日 星期五 15:21:53 CST ===
file_path: /home/xmm/ai/add-coder/.qoder/plans/2026-07/17/add-coder-hook-full-alignment-plan-v1.md
has_file_content: false
has_replacements: true
top_keys: cwd, extra, hook_event_name, request_set_id, session_id, tool_input, tool_name, transcript_path
tool_input_keys: file_path, replacements
=== DONE ===
=== 2026年 07月 17日 星期五 15:21:56 CST ===
file_path: /home/xmm/ai/add-coder/.qoder/plans/2026-07/17/add-coder-hook-full-alignment-plan-v1.md
has_file_content: false
has_replacements: true
top_keys: cwd, extra, hook_event_name, request_set_id, session_id, tool_input, tool_name, tool_response, transcript_path
tool_input_keys: file_path, replacements
=== DONE ===
=== 2026年 07月 17日 星期五 15:22:58 CST ===
file_path: EMPTY
has_file_content: false
has_replacements: false
top_keys: cwd, extra, hook_event_name, request_set_id, session_id, tool_input, tool_name, transcript_path
tool_input_keys: command, is_background
=== DONE ===
=== 2026年 07月 17日 星期五 15:23:12 CST ===
file_path: EMPTY
has_file_content: false
has_replacements: false
top_keys: cwd, extra, hook_event_name, request_set_id, session_id, tool_input, tool_name, transcript_path
tool_input_keys: command, is_background
=== DONE ===
=== 2026年 07月 17日 星期五 15:23:23 CST ===
file_path: EMPTY
has_file_content: false
has_replacements: false
top_keys: cwd, extra, hook_event_name, request_set_id, session_id, tool_input, tool_name, transcript_path
tool_input_keys: command, is_background
=== DONE ===
=== 2026年 07月 17日 星期五 15:23:35 CST ===
file_path: EMPTY
has_file_content: false
has_replacements: false
top_keys: cwd, extra, hook_event_name, request_set_id, session_id, tool_input, tool_name, transcript_path
tool_input_keys: command, is_background
=== DONE ===
=== 2026年 07月 17日 星期五 15:24:42 CST ===
file_path: /home/xmm/ai/add-coder/.qoder/specs/add-coder-hook-full-alignment/tasks.md
has_file_content: false
has_replacements: true
top_keys: cwd, extra, hook_event_name, request_set_id, session_id, tool_input, tool_name, transcript_path
tool_input_keys: file_path, replacements
=== DONE ===
=== 2026年 07月 17日 星期五 15:24:53 CST ===
file_path: EMPTY
has_file_content: false
has_replacements: false
top_keys: cwd, extra, hook_event_name, request_set_id, session_id, tool_input, tool_name, transcript_path
tool_input_keys: command, is_background
=== DONE ===
=== 2026年 07月 17日 星期五 15:27:17 CST ===
file_path: /home/xmm/ai/add-coder/.qoder/hooks/doc-format-guard.sh
has_file_content: false
has_replacements: true
top_keys: cwd, extra, hook_event_name, request_set_id, session_id, tool_input, tool_name, transcript_path
tool_input_keys: file_path, replacements
=== DONE ===
=== 2026年 07月 17日 星期五 15:27:21 CST ===
file_path: /home/xmm/ai/add-coder/.qoder/hooks/doc-format-guard.sh
has_file_content: false
has_replacements: true
top_keys: cwd, extra, hook_event_name, request_set_id, session_id, tool_input, tool_name, tool_response, transcript_path
tool_input_keys: file_path, replacements
=== DONE ===
=== 2026年 07月 17日 星期五 15:27:33 CST ===
file_path: /home/xmm/ai/add-coder/.qoder/hooks/doc-format-guard.sh
has_file_content: false
has_replacements: true
top_keys: cwd, extra, hook_event_name, request_set_id, session_id, tool_input, tool_name, transcript_path
tool_input_keys: file_path, replacements
=== DONE ===
=== 2026年 07月 17日 星期五 15:27:37 CST ===
file_path: /home/xmm/ai/add-coder/.qoder/hooks/doc-format-guard.sh
has_file_content: false
has_replacements: true
top_keys: cwd, extra, hook_event_name, request_set_id, session_id, tool_input, tool_name, tool_response, transcript_path
tool_input_keys: file_path, replacements
=== DONE ===
=== 2026年 07月 17日 星期五 15:27:45 CST ===
file_path: EMPTY
has_file_content: false
has_replacements: false
top_keys: cwd, extra, hook_event_name, request_set_id, session_id, tool_input, tool_name, transcript_path
tool_input_keys: command, is_background
=== DONE ===
=== 2026年 07月 17日 星期五 15:28:12 CST ===
file_path: /home/xmm/ai/add-coder/.qoder/hooks/doc-format-guard.sh
has_file_content: false
has_replacements: true
top_keys: cwd, extra, hook_event_name, request_set_id, session_id, tool_input, tool_name, transcript_path
tool_input_keys: file_path, replacements
=== DONE ===
=== 2026年 07月 17日 星期五 15:28:16 CST ===
file_path: /home/xmm/ai/add-coder/.qoder/hooks/doc-format-guard.sh
has_file_content: false
has_replacements: true
top_keys: cwd, extra, hook_event_name, request_set_id, session_id, tool_input, tool_name, tool_response, transcript_path
tool_input_keys: file_path, replacements
=== DONE ===
=== 2026年 07月 17日 星期五 15:28:23 CST ===
file_path: EMPTY
has_file_content: false
has_replacements: false
top_keys: cwd, extra, hook_event_name, request_set_id, session_id, tool_input, tool_name, transcript_path
tool_input_keys: command, is_background
=== DONE ===
=== 2026年 07月 17日 星期五 15:29:40 CST ===
file_path: /home/xmm/ai/add-coder/.qoder/hooks/doc-format-guard.sh
has_file_content: false
has_replacements: true
top_keys: cwd, extra, hook_event_name, request_set_id, session_id, tool_input, tool_name, transcript_path
tool_input_keys: file_path, replacements
=== DONE ===
=== 2026年 07月 17日 星期五 15:29:44 CST ===
file_path: /home/xmm/ai/add-coder/.qoder/hooks/doc-format-guard.sh
has_file_content: false
has_replacements: true
top_keys: cwd, extra, hook_event_name, request_set_id, session_id, tool_input, tool_name, tool_response, transcript_path
tool_input_keys: file_path, replacements
=== DONE ===
=== 2026年 07月 17日 星期五 15:29:52 CST ===
file_path: EMPTY
has_file_content: false
has_replacements: false
top_keys: cwd, extra, hook_event_name, request_set_id, session_id, tool_input, tool_name, transcript_path
tool_input_keys: command, is_background
=== DONE ===
=== 2026年 07月 17日 星期五 15:30:12 CST ===
file_path: EMPTY
has_file_content: false
has_replacements: false
top_keys: cwd, extra, hook_event_name, request_set_id, session_id, tool_input, tool_name, transcript_path
tool_input_keys: command, is_background
=== DONE ===
=== 2026年 07月 17日 星期五 15:31:31 CST ===
file_path: /home/xmm/ai/add-coder/templates/adapters/claude/hooks/pre-tool-use.sh
has_file_content: false
has_replacements: true
top_keys: cwd, extra, hook_event_name, request_set_id, session_id, tool_input, tool_name, transcript_path
tool_input_keys: file_path, replacements
=== DONE ===
=== 2026年 07月 17日 星期五 15:31:35 CST ===
file_path: /home/xmm/ai/add-coder/templates/adapters/claude/hooks/pre-tool-use.sh
has_file_content: false
has_replacements: true
top_keys: cwd, extra, hook_event_name, request_set_id, session_id, tool_input, tool_name, tool_response, transcript_path
tool_input_keys: file_path, replacements
=== DONE ===
=== 2026年 07月 17日 星期五 15:31:48 CST ===
file_path: /home/xmm/ai/add-coder/templates/adapters/qoder/hooks/pre-tool-use.sh
has_file_content: false
has_replacements: true
top_keys: cwd, extra, hook_event_name, request_set_id, session_id, tool_input, tool_name, transcript_path
tool_input_keys: file_path, replacements
=== DONE ===
=== 2026年 07月 17日 星期五 15:31:54 CST ===
file_path: /home/xmm/ai/add-coder/templates/adapters/qoder/hooks/pre-tool-use.sh
has_file_content: false
has_replacements: true
top_keys: cwd, extra, hook_event_name, request_set_id, session_id, tool_input, tool_name, tool_response, transcript_path
tool_input_keys: file_path, replacements
=== DONE ===
=== 2026年 07月 17日 星期五 15:32:06 CST ===
file_path: EMPTY
has_file_content: false
has_replacements: false
top_keys: cwd, extra, hook_event_name, request_set_id, session_id, tool_input, tool_name, transcript_path
tool_input_keys: command, is_background
=== DONE ===
=== 2026年 07月 17日 星期五 15:32:56 CST ===
file_path: /home/xmm/ai/add-coder/.qoder/specs/add-coder-hook-full-alignment/tasks.md
has_file_content: false
has_replacements: true
top_keys: cwd, extra, hook_event_name, request_set_id, session_id, tool_input, tool_name, transcript_path
tool_input_keys: file_path, replacements
=== DONE ===
=== 2026年 07月 17日 星期五 15:33:00 CST ===
file_path: /home/xmm/ai/add-coder/.qoder/specs/add-coder-hook-full-alignment/tasks.md
has_file_content: false
has_replacements: true
top_keys: cwd, extra, hook_event_name, request_set_id, session_id, tool_input, tool_name, tool_response, transcript_path
tool_input_keys: file_path, replacements
=== DONE ===
=== 2026年 07月 17日 星期五 15:33:29 CST ===
file_path: /home/xmm/ai/add-coder/templates/adapters/vscode/.github/hooks/pre-tool-use.json
has_file_content: true
has_replacements: false
top_keys: cwd, extra, hook_event_name, request_set_id, session_id, tool_input, tool_name, transcript_path
tool_input_keys: file_content, file_path
=== DONE ===
=== 2026年 07月 17日 星期五 15:33:32 CST ===
file_path: /home/xmm/ai/add-coder/templates/adapters/vscode/.github/hooks/pre-tool-use.json
has_file_content: true
has_replacements: false
top_keys: cwd, extra, hook_event_name, request_set_id, session_id, tool_input, tool_name, tool_response, transcript_path
tool_input_keys: file_content, file_path
=== DONE ===
=== 2026年 07月 17日 星期五 15:33:40 CST ===
file_path: EMPTY
has_file_content: false
has_replacements: false
top_keys: cwd, extra, hook_event_name, request_set_id, session_id, tool_input, tool_name, transcript_path
tool_input_keys: command, is_background
=== DONE ===
=== 2026年 07月 17日 星期五 15:33:52 CST ===
file_path: EMPTY
has_file_content: false
has_replacements: false
top_keys: cwd, extra, hook_event_name, request_set_id, session_id, tool_input, tool_name, transcript_path
tool_input_keys: command, is_background
=== DONE ===
=== 2026年 07月 17日 星期五 15:36:19 CST ===
file_path: /home/xmm/ai/add-coder/src/adapters/vscode/renderer.ts
has_file_content: false
has_replacements: true
top_keys: cwd, extra, hook_event_name, request_set_id, session_id, tool_input, tool_name, transcript_path
tool_input_keys: file_path, replacements
=== DONE ===
=== 2026年 07月 17日 星期五 15:36:23 CST ===
file_path: /home/xmm/ai/add-coder/src/adapters/vscode/renderer.ts
has_file_content: false
has_replacements: true
top_keys: cwd, extra, hook_event_name, request_set_id, session_id, tool_input, tool_name, tool_response, transcript_path
tool_input_keys: file_path, replacements
=== DONE ===
=== 2026年 07月 17日 星期五 15:36:31 CST ===
file_path: EMPTY
has_file_content: false
has_replacements: false
top_keys: cwd, extra, hook_event_name, request_set_id, session_id, tool_input, tool_name, transcript_path
tool_input_keys: command, is_background
=== DONE ===
=== 2026年 07月 17日 星期五 15:41:52 CST ===
file_path: EMPTY
has_file_content: false
has_replacements: false
top_keys: cwd, extra, hook_event_name, request_set_id, session_id, tool_input, tool_name, transcript_path
tool_input_keys: command, is_background
=== DONE ===
=== 2026年 07月 17日 星期五 15:42:07 CST ===
file_path: /home/xmm/ai/add-coder/src/adapters/claude/renderer.ts
has_file_content: false
has_replacements: true
top_keys: cwd, extra, hook_event_name, request_set_id, session_id, tool_input, tool_name, transcript_path
tool_input_keys: file_path, replacements
=== DONE ===
=== 2026年 07月 17日 星期五 15:42:08 CST ===
file_path: /home/xmm/ai/add-coder/src/adapters/claude/renderer.ts
has_file_content: false
has_replacements: true
top_keys: cwd, extra, hook_event_name, request_set_id, session_id, tool_input, tool_name, tool_response, transcript_path
tool_input_keys: file_path, replacements
=== DONE ===
=== 2026年 07月 17日 星期五 15:42:22 CST ===
file_path: /home/xmm/ai/add-coder/src/adapters/qoder/renderer.ts
has_file_content: false
has_replacements: true
top_keys: cwd, extra, hook_event_name, request_set_id, session_id, tool_input, tool_name, transcript_path
tool_input_keys: file_path, replacements
=== DONE ===
=== 2026年 07月 17日 星期五 15:42:25 CST ===
file_path: /home/xmm/ai/add-coder/src/adapters/qoder/renderer.ts
has_file_content: false
has_replacements: true
top_keys: cwd, extra, hook_event_name, request_set_id, session_id, tool_input, tool_name, tool_response, transcript_path
tool_input_keys: file_path, replacements
=== DONE ===
=== 2026年 07月 17日 星期五 15:42:38 CST ===
file_path: /home/xmm/ai/add-coder/src/adapters/vscode/renderer.ts
has_file_content: false
has_replacements: true
top_keys: cwd, extra, hook_event_name, request_set_id, session_id, tool_input, tool_name, transcript_path
tool_input_keys: file_path, replacements
=== DONE ===
=== 2026年 07月 17日 星期五 15:42:39 CST ===
file_path: /home/xmm/ai/add-coder/src/adapters/vscode/renderer.ts
has_file_content: false
has_replacements: true
top_keys: cwd, extra, hook_event_name, request_set_id, session_id, tool_input, tool_name, tool_response, transcript_path
tool_input_keys: file_path, replacements
=== DONE ===
=== 2026年 07月 17日 星期五 15:42:49 CST ===
file_path: EMPTY
has_file_content: false
has_replacements: false
top_keys: cwd, extra, hook_event_name, request_set_id, session_id, tool_input, tool_name, transcript_path
tool_input_keys: command, is_background
=== DONE ===
=== 2026年 07月 17日 星期五 15:44:23 CST ===
file_path: /home/xmm/ai/add-coder/src/core/renderer.ts
has_file_content: false
has_replacements: true
top_keys: cwd, extra, hook_event_name, request_set_id, session_id, tool_input, tool_name, transcript_path
tool_input_keys: file_path, replacements
=== DONE ===
=== 2026年 07月 17日 星期五 15:44:27 CST ===
file_path: /home/xmm/ai/add-coder/src/core/renderer.ts
has_file_content: false
has_replacements: true
top_keys: cwd, extra, hook_event_name, request_set_id, session_id, tool_input, tool_name, tool_response, transcript_path
tool_input_keys: file_path, replacements
=== DONE ===
=== 2026年 07月 17日 星期五 15:44:35 CST ===
file_path: /home/xmm/ai/add-coder/src/adapters/claude/renderer.ts
has_file_content: true
has_replacements: false
top_keys: cwd, extra, hook_event_name, request_set_id, session_id, tool_input, tool_name, transcript_path
tool_input_keys: file_content, file_path
=== DONE ===
=== 2026年 07月 17日 星期五 15:44:37 CST ===
file_path: /home/xmm/ai/add-coder/src/adapters/claude/renderer.ts
has_file_content: true
has_replacements: false
top_keys: cwd, extra, hook_event_name, request_set_id, session_id, tool_input, tool_name, tool_response, transcript_path
tool_input_keys: file_content, file_path
=== DONE ===
=== 2026年 07月 17日 星期五 15:44:46 CST ===
file_path: /home/xmm/ai/add-coder/src/adapters/qoder/renderer.ts
has_file_content: true
has_replacements: false
top_keys: cwd, extra, hook_event_name, request_set_id, session_id, tool_input, tool_name, transcript_path
tool_input_keys: file_content, file_path
=== DONE ===
=== 2026年 07月 17日 星期五 15:44:47 CST ===
file_path: /home/xmm/ai/add-coder/src/adapters/qoder/renderer.ts
has_file_content: true
has_replacements: false
top_keys: cwd, extra, hook_event_name, request_set_id, session_id, tool_input, tool_name, tool_response, transcript_path
tool_input_keys: file_content, file_path
=== DONE ===
=== 2026年 07月 17日 星期五 15:44:57 CST ===
file_path: /home/xmm/ai/add-coder/src/adapters/vscode/renderer.ts
has_file_content: true
has_replacements: false
top_keys: cwd, extra, hook_event_name, request_set_id, session_id, tool_input, tool_name, transcript_path
tool_input_keys: file_content, file_path
=== DONE ===
=== 2026年 07月 17日 星期五 15:44:58 CST ===
file_path: /home/xmm/ai/add-coder/src/adapters/vscode/renderer.ts
has_file_content: true
has_replacements: false
top_keys: cwd, extra, hook_event_name, request_set_id, session_id, tool_input, tool_name, tool_response, transcript_path
tool_input_keys: file_content, file_path
=== DONE ===
=== 2026年 07月 17日 星期五 15:45:06 CST ===
file_path: /home/xmm/ai/add-coder/src/adapters/trae/renderer.ts
has_file_content: true
has_replacements: false
top_keys: cwd, extra, hook_event_name, request_set_id, session_id, tool_input, tool_name, transcript_path
tool_input_keys: file_content, file_path
=== DONE ===
=== 2026年 07月 17日 星期五 15:45:07 CST ===
file_path: /home/xmm/ai/add-coder/src/adapters/trae/renderer.ts
has_file_content: true
has_replacements: false
top_keys: cwd, extra, hook_event_name, request_set_id, session_id, tool_input, tool_name, tool_response, transcript_path
tool_input_keys: file_content, file_path
=== DONE ===
=== 2026年 07月 17日 星期五 15:45:18 CST ===
file_path: EMPTY
has_file_content: false
has_replacements: false
top_keys: cwd, extra, hook_event_name, request_set_id, session_id, tool_input, tool_name, transcript_path
tool_input_keys: command, is_background
=== DONE ===
=== 2026年 07月 17日 星期五 15:48:30 CST ===
file_path: /home/xmm/ai/add-coder/src/cli/commands/init.ts
has_file_content: false
has_replacements: true
top_keys: cwd, extra, hook_event_name, request_set_id, session_id, tool_input, tool_name, transcript_path
tool_input_keys: file_path, replacements
=== DONE ===
=== 2026年 07月 17日 星期五 15:48:31 CST ===
file_path: /home/xmm/ai/add-coder/src/cli/commands/init.ts
has_file_content: false
has_replacements: true
top_keys: cwd, extra, hook_event_name, request_set_id, session_id, tool_input, tool_name, tool_response, transcript_path
tool_input_keys: file_path, replacements
=== DONE ===
=== 2026年 07月 17日 星期五 15:48:39 CST ===
file_path: EMPTY
has_file_content: false
has_replacements: false
top_keys: cwd, extra, hook_event_name, request_set_id, session_id, tool_input, tool_name, transcript_path
tool_input_keys: command, is_background
=== DONE ===
=== 2026年 07月 17日 星期五 15:52:14 CST ===
file_path: EMPTY
has_file_content: false
has_replacements: false
top_keys: cwd, extra, hook_event_name, request_set_id, session_id, tool_input, tool_name, transcript_path
tool_input_keys: command, is_background
=== DONE ===
=== 2026年 07月 17日 星期五 15:52:24 CST ===
file_path: /home/xmm/ai/add-coder/src/adapters/claude/renderer.ts
has_file_content: true
has_replacements: false
top_keys: cwd, extra, hook_event_name, request_set_id, session_id, tool_input, tool_name, transcript_path
tool_input_keys: file_content, file_path
=== DONE ===
=== 2026年 07月 17日 星期五 15:52:26 CST ===
file_path: /home/xmm/ai/add-coder/src/adapters/claude/renderer.ts
has_file_content: true
has_replacements: false
top_keys: cwd, extra, hook_event_name, request_set_id, session_id, tool_input, tool_name, tool_response, transcript_path
tool_input_keys: file_content, file_path
=== DONE ===
=== 2026年 07月 17日 星期五 15:52:34 CST ===
file_path: EMPTY
has_file_content: false
has_replacements: false
top_keys: cwd, extra, hook_event_name, request_set_id, session_id, tool_input, tool_name, transcript_path
tool_input_keys: command, is_background
=== DONE ===
=== 2026年 07月 17日 星期五 15:52:41 CST ===
file_path: EMPTY
has_file_content: false
has_replacements: false
top_keys: cwd, extra, hook_event_name, request_set_id, session_id, tool_input, tool_name, transcript_path
tool_input_keys: command, is_background
=== DONE ===
=== 2026年 07月 17日 星期五 15:54:09 CST ===
file_path: /home/xmm/ai/add-coder/src/adapters/claude/renderer.ts
has_file_content: true
has_replacements: false
top_keys: cwd, extra, hook_event_name, request_set_id, session_id, tool_input, tool_name, transcript_path
tool_input_keys: file_content, file_path
=== DONE ===
=== 2026年 07月 17日 星期五 15:54:10 CST ===
file_path: /home/xmm/ai/add-coder/src/adapters/claude/renderer.ts
has_file_content: true
has_replacements: false
top_keys: cwd, extra, hook_event_name, request_set_id, session_id, tool_input, tool_name, tool_response, transcript_path
tool_input_keys: file_content, file_path
=== DONE ===
=== 2026年 07月 17日 星期五 15:54:23 CST ===
file_path: EMPTY
has_file_content: false
has_replacements: false
top_keys: cwd, extra, hook_event_name, request_set_id, session_id, tool_input, tool_name, transcript_path
tool_input_keys: command, is_background
=== DONE ===
=== 2026年 07月 17日 星期五 15:54:36 CST ===
file_path: /home/xmm/ai/add-coder/src/cli/commands/init.ts
has_file_content: false
has_replacements: true
top_keys: cwd, extra, hook_event_name, request_set_id, session_id, tool_input, tool_name, transcript_path
tool_input_keys: file_path, replacements
=== DONE ===
=== 2026年 07月 17日 星期五 15:54:38 CST ===
file_path: /home/xmm/ai/add-coder/src/cli/commands/init.ts
has_file_content: false
has_replacements: true
top_keys: cwd, extra, hook_event_name, request_set_id, session_id, tool_input, tool_name, tool_response, transcript_path
tool_input_keys: file_path, replacements
=== DONE ===
=== 2026年 07月 17日 星期五 15:54:46 CST ===
file_path: EMPTY
has_file_content: false
has_replacements: false
top_keys: cwd, extra, hook_event_name, request_set_id, session_id, tool_input, tool_name, transcript_path
tool_input_keys: command, is_background
=== DONE ===
=== 2026年 07月 17日 星期五 15:59:52 CST ===
file_path: EMPTY
has_file_content: false
has_replacements: false
top_keys: cwd, extra, hook_event_name, request_set_id, session_id, tool_input, tool_name, transcript_path
tool_input_keys: command, is_background
=== DONE ===
=== 2026年 07月 17日 星期五 16:00:24 CST ===
file_path: EMPTY
has_file_content: false
has_replacements: false
top_keys: cwd, extra, hook_event_name, request_set_id, session_id, tool_input, tool_name, transcript_path
tool_input_keys: command, is_background
=== DONE ===
=== 2026年 07月 17日 星期五 16:00:40 CST ===
file_path: EMPTY
has_file_content: false
has_replacements: false
top_keys: cwd, extra, hook_event_name, request_set_id, session_id, tool_input, tool_name, transcript_path
tool_input_keys: command, is_background
=== DONE ===
=== 2026年 07月 17日 星期五 16:00:58 CST ===
file_path: EMPTY
has_file_content: false
has_replacements: false
top_keys: cwd, extra, hook_event_name, request_set_id, session_id, tool_input, tool_name, transcript_path
tool_input_keys: command, is_background
=== DONE ===
=== 2026年 07月 17日 星期五 16:01:13 CST ===
file_path: EMPTY
has_file_content: false
has_replacements: false
top_keys: cwd, extra, hook_event_name, request_set_id, session_id, tool_input, tool_name, transcript_path
tool_input_keys: command, is_background
=== DONE ===
=== 2026年 07月 17日 星期五 16:01:28 CST ===
file_path: EMPTY
has_file_content: false
has_replacements: false
top_keys: cwd, extra, hook_event_name, request_set_id, session_id, tool_input, tool_name, transcript_path
tool_input_keys: command, is_background
=== DONE ===
=== 2026年 07月 17日 星期五 16:01:52 CST ===
file_path: EMPTY
has_file_content: false
has_replacements: false
top_keys: cwd, extra, hook_event_name, request_set_id, session_id, tool_input, tool_name, transcript_path
tool_input_keys: command, is_background
=== DONE ===
=== 2026年 07月 17日 星期五 16:22:33 CST ===
file_path: EMPTY
has_file_content: false
has_replacements: false
top_keys: cwd, extra, hook_event_name, request_set_id, session_id, tool_input, tool_name, transcript_path
tool_input_keys: command, is_background
=== DONE ===
=== 2026年 07月 17日 星期五 16:23:02 CST ===
file_path: EMPTY
has_file_content: false
has_replacements: false
top_keys: cwd, extra, hook_event_name, request_set_id, session_id, tool_input, tool_name, transcript_path
tool_input_keys: command, is_background
=== DONE ===
=== 2026年 07月 17日 星期五 16:23:09 CST ===
file_path: EMPTY
has_file_content: false
has_replacements: false
top_keys: cwd, extra, hook_event_name, request_set_id, session_id, tool_input, tool_name, transcript_path
tool_input_keys: command, is_background
=== DONE ===
=== 2026年 07月 17日 星期五 16:23:21 CST ===
file_path: EMPTY
has_file_content: false
has_replacements: false
top_keys: cwd, extra, hook_event_name, request_set_id, session_id, tool_input, tool_name, transcript_path
tool_input_keys: command, is_background
=== DONE ===
=== 2026年 07月 17日 星期五 16:23:36 CST ===
file_path: EMPTY
has_file_content: false
has_replacements: false
top_keys: cwd, extra, hook_event_name, request_set_id, session_id, tool_input, tool_name, transcript_path
tool_input_keys: command, is_background
=== DONE ===
=== 2026年 07月 17日 星期五 16:23:42 CST ===
file_path: EMPTY
has_file_content: false
has_replacements: false
top_keys: cwd, extra, hook_event_name, request_set_id, session_id, tool_input, tool_name, transcript_path
tool_input_keys: command, is_background
=== DONE ===
=== 2026年 07月 17日 星期五 16:24:59 CST ===
file_path: /home/xmm/ai/add-coder/templates/adapters/vscode/settings.json
has_file_content: false
has_replacements: true
top_keys: cwd, extra, hook_event_name, request_set_id, session_id, tool_input, tool_name, transcript_path
tool_input_keys: file_path, replacements
=== DONE ===
=== 2026年 07月 17日 星期五 16:25:03 CST ===
file_path: /home/xmm/ai/add-coder/templates/adapters/vscode/settings.json
has_file_content: false
has_replacements: true
top_keys: cwd, extra, hook_event_name, request_set_id, session_id, tool_input, tool_name, tool_response, transcript_path
tool_input_keys: file_path, replacements
=== DONE ===
=== 2026年 07月 17日 星期五 16:25:13 CST ===
file_path: /home/xmm/ai/add-coder/templates/adapters/vscode/launch.json
has_file_content: false
has_replacements: true
top_keys: cwd, extra, hook_event_name, request_set_id, session_id, tool_input, tool_name, transcript_path
tool_input_keys: file_path, replacements
=== DONE ===
=== 2026年 07月 17日 星期五 16:25:17 CST ===
file_path: /home/xmm/ai/add-coder/templates/adapters/vscode/launch.json
has_file_content: false
has_replacements: true
top_keys: cwd, extra, hook_event_name, request_set_id, session_id, tool_input, tool_name, tool_response, transcript_path
tool_input_keys: file_path, replacements
=== DONE ===
=== 2026年 07月 17日 星期五 16:25:25 CST ===
file_path: /home/xmm/ai/add-coder/src/cli/commands/init.ts
has_file_content: false
has_replacements: true
top_keys: cwd, extra, hook_event_name, request_set_id, session_id, tool_input, tool_name, transcript_path
tool_input_keys: file_path, replacements
=== DONE ===
=== 2026年 07月 17日 星期五 16:25:27 CST ===
file_path: /home/xmm/ai/add-coder/src/cli/commands/init.ts
has_file_content: false
has_replacements: true
top_keys: cwd, extra, hook_event_name, request_set_id, session_id, tool_input, tool_name, tool_response, transcript_path
tool_input_keys: file_path, replacements
=== DONE ===
=== 2026年 07月 17日 星期五 16:25:31 CST ===
file_path: EMPTY
has_file_content: false
has_replacements: false
top_keys: cwd, extra, hook_event_name, request_set_id, session_id, tool_input, tool_name, transcript_path
tool_input_keys: command, is_background
=== DONE ===
=== 2026年 07月 17日 星期五 16:25:45 CST ===
file_path: EMPTY
has_file_content: false
has_replacements: false
top_keys: cwd, extra, hook_event_name, request_set_id, session_id, tool_input, tool_name, transcript_path
tool_input_keys: command, is_background
=== DONE ===
=== 2026年 07月 17日 星期五 16:25:53 CST ===
file_path: EMPTY
has_file_content: false
has_replacements: false
top_keys: cwd, extra, hook_event_name, request_set_id, session_id, tool_input, tool_name, transcript_path
tool_input_keys: command, is_background
=== DONE ===
=== 2026年 07月 17日 星期五 16:25:58 CST ===
file_path: EMPTY
has_file_content: false
has_replacements: false
top_keys: cwd, extra, hook_event_name, request_set_id, session_id, tool_input, tool_name, transcript_path
tool_input_keys: command, is_background
=== DONE ===
=== 2026年 07月 17日 星期五 16:26:03 CST ===
file_path: EMPTY
has_file_content: false
has_replacements: false
top_keys: cwd, extra, hook_event_name, request_set_id, session_id, tool_input, tool_name, transcript_path
tool_input_keys: command, is_background
=== DONE ===
=== 2026年 07月 17日 星期五 16:28:08 CST ===
file_path: EMPTY
has_file_content: false
has_replacements: false
top_keys: cwd, extra, hook_event_name, request_set_id, session_id, tool_input, tool_name, transcript_path
tool_input_keys: command, is_background
=== DONE ===
=== 2026年 07月 17日 星期五 16:28:27 CST ===
file_path: EMPTY
has_file_content: false
has_replacements: false
top_keys: cwd, extra, hook_event_name, request_set_id, session_id, tool_input, tool_name, transcript_path
tool_input_keys: command, is_background
=== DONE ===
=== 2026年 07月 17日 星期五 16:28:32 CST ===
file_path: EMPTY
has_file_content: false
has_replacements: false
top_keys: cwd, extra, hook_event_name, request_set_id, session_id, tool_input, tool_name, transcript_path
tool_input_keys: command, is_background
=== DONE ===
=== 2026年 07月 17日 星期五 16:28:52 CST ===
file_path: EMPTY
has_file_content: false
has_replacements: false
top_keys: cwd, extra, hook_event_name, request_set_id, session_id, tool_input, tool_name, transcript_path
tool_input_keys: command, is_background
=== DONE ===
=== 2026年 07月 17日 星期五 16:28:58 CST ===
file_path: EMPTY
has_file_content: false
has_replacements: false
top_keys: cwd, extra, hook_event_name, request_set_id, session_id, tool_input, tool_name, transcript_path
tool_input_keys: command, is_background
=== DONE ===
=== 2026年 07月 17日 星期五 16:29:05 CST ===
file_path: EMPTY
has_file_content: false
has_replacements: false
top_keys: cwd, extra, hook_event_name, request_set_id, session_id, tool_input, tool_name, transcript_path
tool_input_keys: command, is_background
=== DONE ===
=== 2026年 07月 17日 星期五 16:29:28 CST ===
file_path: EMPTY
has_file_content: false
has_replacements: false
top_keys: cwd, extra, hook_event_name, request_set_id, session_id, tool_input, tool_name, transcript_path
tool_input_keys: command, is_background
=== DONE ===
=== 2026年 07月 17日 星期五 16:31:33 CST ===
file_path: EMPTY
has_file_content: false
has_replacements: false
top_keys: cwd, extra, hook_event_name, request_set_id, session_id, tool_input, tool_name, transcript_path
tool_input_keys: command, is_background
=== DONE ===
=== 2026年 07月 17日 星期五 16:38:30 CST ===
file_path: /home/xmm/ai/add-coder/src/cli/commands/init.ts
has_file_content: false
has_replacements: true
top_keys: cwd, extra, hook_event_name, request_set_id, session_id, tool_input, tool_name, transcript_path
tool_input_keys: file_path, replacements
=== DONE ===
=== 2026年 07月 17日 星期五 16:38:32 CST ===
file_path: /home/xmm/ai/add-coder/src/cli/commands/init.ts
has_file_content: false
has_replacements: true
top_keys: cwd, extra, hook_event_name, request_set_id, session_id, tool_input, tool_name, tool_response, transcript_path
tool_input_keys: file_path, replacements
=== DONE ===
=== 2026年 07月 17日 星期五 16:38:36 CST ===
file_path: EMPTY
has_file_content: false
has_replacements: false
top_keys: cwd, extra, hook_event_name, request_set_id, session_id, tool_input, tool_name, transcript_path
tool_input_keys: command, is_background
=== DONE ===
=== 2026年 07月 17日 星期五 16:41:55 CST ===
file_path: EMPTY
has_file_content: false
has_replacements: false
top_keys: cwd, extra, hook_event_name, request_set_id, session_id, tool_input, tool_name, transcript_path
tool_input_keys: command, is_background
=== DONE ===
=== 2026年 07月 17日 星期五 16:42:08 CST ===
file_path: EMPTY
has_file_content: false
has_replacements: false
top_keys: cwd, extra, hook_event_name, request_set_id, session_id, tool_input, tool_name, transcript_path
tool_input_keys: command, is_background
=== DONE ===
=== 2026年 07月 17日 星期五 16:42:22 CST ===
file_path: EMPTY
has_file_content: false
has_replacements: false
top_keys: cwd, extra, hook_event_name, request_set_id, session_id, tool_input, tool_name, transcript_path
tool_input_keys: command, is_background
=== DONE ===
=== 2026年 07月 17日 星期五 16:42:49 CST ===
=== 2026年 07月 17日 星期五 16:42:49 CST ===
=== 2026年 07月 17日 星期五 16:42:49 CST ===
=== 2026年 07月 17日 星期五 16:42:49 CST ===
file_path: /home/xmm/ai/add-coder/templates/adapters/vscode/.github/hooks/pre-tool-use.json
file_path: /home/xmm/ai/add-coder/templates/adapters/vscode/.github/hooks/error-occurred.json
file_path: /home/xmm/ai/add-coder/templates/adapters/vscode/.github/hooks/stop-check.json
=== 2026年 07月 17日 星期五 16:42:49 CST ===
=== 2026年 07月 17日 星期五 16:42:49 CST ===
has_file_content: false
has_file_content: false
has_file_content: false
file_path: /home/xmm/ai/add-coder/templates/adapters/vscode/.github/hooks/post-tool-use.json
file_path: /home/xmm/ai/add-coder/templates/adapters/vscode/.github/hooks/subagent-stop.json
file_path: /home/xmm/ai/add-coder/templates/adapters/vscode/.github/hooks/pre-compact.json
has_replacements: true
has_replacements: true
has_file_content: false
has_file_content: false
has_file_content: false
has_replacements: true
top_keys: cwd, extra, hook_event_name, request_set_id, session_id, tool_input, tool_name, transcript_path
top_keys: cwd, extra, hook_event_name, request_set_id, session_id, tool_input, tool_name, transcript_path
has_replacements: true
top_keys: cwd, extra, hook_event_name, request_set_id, session_id, tool_input, tool_name, transcript_path
has_replacements: true
has_replacements: true
tool_input_keys: file_path, replacements
=== DONE ===
tool_input_keys: file_path, replacements
=== DONE ===
top_keys: cwd, extra, hook_event_name, request_set_id, session_id, tool_input, tool_name, transcript_path
tool_input_keys: file_path, replacements
=== DONE ===
top_keys: cwd, extra, hook_event_name, request_set_id, session_id, tool_input, tool_name, transcript_path
top_keys: cwd, extra, hook_event_name, request_set_id, session_id, tool_input, tool_name, transcript_path
tool_input_keys: file_path, replacements
=== DONE ===
tool_input_keys: file_path, replacements
=== DONE ===
tool_input_keys: file_path, replacements
=== DONE ===
=== 2026年 07月 17日 星期五 16:42:53 CST ===
file_path: /home/xmm/ai/add-coder/templates/adapters/vscode/.github/hooks/pre-tool-use.json
has_file_content: false
has_replacements: true
top_keys: cwd, extra, hook_event_name, request_set_id, session_id, tool_input, tool_name, tool_response, transcript_path
tool_input_keys: file_path, replacements
=== DONE ===
=== 2026年 07月 17日 星期五 16:42:53 CST ===
=== 2026年 07月 17日 星期五 16:42:53 CST ===
=== 2026年 07月 17日 星期五 16:42:53 CST ===
file_path: /home/xmm/ai/add-coder/templates/adapters/vscode/.github/hooks/error-occurred.json
file_path: /home/xmm/ai/add-coder/templates/adapters/vscode/.github/hooks/stop-check.json
file_path: /home/xmm/ai/add-coder/templates/adapters/vscode/.github/hooks/subagent-stop.json
has_file_content: false
has_file_content: false
has_file_content: false
has_replacements: true
has_replacements: true
has_replacements: true
top_keys: cwd, extra, hook_event_name, request_set_id, session_id, tool_input, tool_name, tool_response, transcript_path
top_keys: cwd, extra, hook_event_name, request_set_id, session_id, tool_input, tool_name, tool_response, transcript_path
top_keys: cwd, extra, hook_event_name, request_set_id, session_id, tool_input, tool_name, tool_response, transcript_path
tool_input_keys: file_path, replacements
=== DONE ===
tool_input_keys: file_path, replacements
=== DONE ===
tool_input_keys: file_path, replacements
=== DONE ===
=== 2026年 07月 17日 星期五 16:42:53 CST ===
file_path: /home/xmm/ai/add-coder/templates/adapters/vscode/.github/hooks/pre-compact.json
=== 2026年 07月 17日 星期五 16:42:53 CST ===
has_file_content: false
file_path: /home/xmm/ai/add-coder/templates/adapters/vscode/.github/hooks/post-tool-use.json
has_replacements: true
has_file_content: false
top_keys: cwd, extra, hook_event_name, request_set_id, session_id, tool_input, tool_name, tool_response, transcript_path
has_replacements: true
tool_input_keys: file_path, replacements
=== DONE ===
top_keys: cwd, extra, hook_event_name, request_set_id, session_id, tool_input, tool_name, tool_response, transcript_path
tool_input_keys: file_path, replacements
=== DONE ===
=== 2026年 07月 17日 星期五 16:42:58 CST ===
file_path: EMPTY
has_file_content: false
has_replacements: false
top_keys: cwd, extra, hook_event_name, request_set_id, session_id, tool_input, tool_name, transcript_path
tool_input_keys: command, is_background
=== DONE ===
=== 2026年 07月 17日 星期五 16:47:45 CST ===
file_path: EMPTY
has_file_content: false
has_replacements: false
top_keys: cwd, extra, hook_event_name, request_set_id, session_id, tool_input, tool_name, transcript_path
tool_input_keys: command, is_background
=== DONE ===
=== 2026年 07月 17日 星期五 16:48:28 CST ===
=== 2026年 07月 17日 星期五 16:48:28 CST ===
file_path: /home/xmm/ai/add-coder/templates/adapters/vscode/.github/hooks/subagent-start.json
file_path: /home/xmm/ai/add-coder/templates/adapters/vscode/.github/hooks/session-end.json
has_file_content: true
has_file_content: true
has_replacements: false
has_replacements: false
top_keys: cwd, extra, hook_event_name, request_set_id, session_id, tool_input, tool_name, transcript_path
top_keys: cwd, extra, hook_event_name, request_set_id, session_id, tool_input, tool_name, transcript_path
tool_input_keys: file_content, file_path
=== DONE ===
tool_input_keys: file_content, file_path
=== DONE ===
=== 2026年 07月 17日 星期五 16:48:31 CST ===
=== 2026年 07月 17日 星期五 16:48:31 CST ===
file_path: /home/xmm/ai/add-coder/templates/adapters/vscode/.github/hooks/subagent-start.json
file_path: /home/xmm/ai/add-coder/templates/adapters/vscode/.github/hooks/session-end.json
has_file_content: true
has_file_content: true
has_replacements: false
has_replacements: false
top_keys: cwd, extra, hook_event_name, request_set_id, session_id, tool_input, tool_name, tool_response, transcript_path
top_keys: cwd, extra, hook_event_name, request_set_id, session_id, tool_input, tool_name, tool_response, transcript_path
tool_input_keys: file_content, file_path
=== DONE ===
tool_input_keys: file_content, file_path
=== DONE ===
=== 2026年 07月 17日 星期五 16:48:55 CST ===
=== 2026年 07月 17日 星期五 16:48:55 CST ===
=== 2026年 07月 17日 星期五 16:48:55 CST ===
=== 2026年 07月 17日 星期五 16:48:55 CST ===
file_path: /home/xmm/ai/add-coder/templates/adapters/vscode/.github/hooks/session-start.json
file_path: /home/xmm/ai/add-coder/templates/adapters/vscode/.github/hooks/pre-compact.json
file_path: /home/xmm/ai/add-coder/templates/adapters/vscode/.github/hooks/post-tool-use.json
=== 2026年 07月 17日 星期五 16:48:55 CST ===
file_path: /home/xmm/ai/add-coder/templates/adapters/vscode/.github/hooks/pre-tool-use.json
has_file_content: false
=== 2026年 07月 17日 星期五 16:48:55 CST ===
has_file_content: false
file_path: /home/xmm/ai/add-coder/templates/adapters/vscode/.github/hooks/stop-check.json
has_file_content: false
=== 2026年 07月 17日 星期五 16:48:55 CST ===
has_replacements: true
file_path: /home/xmm/ai/add-coder/templates/adapters/vscode/.github/hooks/subagent-stop.json
has_file_content: false
=== 2026年 07月 17日 星期五 16:48:55 CST ===
has_file_content: false
has_replacements: true
has_replacements: true
file_path: /home/xmm/ai/add-coder/templates/adapters/vscode/.github/hooks/error-occurred.json
file_path: /home/xmm/ai/add-coder/templates/adapters/vscode/.github/hooks/user-prompt-submit.json
has_replacements: true
has_file_content: false
top_keys: cwd, extra, hook_event_name, request_set_id, session_id, tool_input, tool_name, transcript_path
has_replacements: true
top_keys: cwd, extra, hook_event_name, request_set_id, session_id, tool_input, tool_name, transcript_path
top_keys: cwd, extra, hook_event_name, request_set_id, session_id, tool_input, tool_name, transcript_path
has_file_content: false
has_file_content: false
top_keys: cwd, extra, hook_event_name, request_set_id, session_id, tool_input, tool_name, transcript_path
tool_input_keys: file_path, replacements
tool_input_keys: file_path, replacements
=== DONE ===
=== DONE ===
has_replacements: true
tool_input_keys: file_path, replacements
has_replacements: true
=== DONE ===
top_keys: cwd, extra, hook_event_name, request_set_id, session_id, tool_input, tool_name, transcript_path
has_replacements: true
tool_input_keys: file_path, replacements
=== DONE ===
top_keys: cwd, extra, hook_event_name, request_set_id, session_id, tool_input, tool_name, transcript_path
top_keys: cwd, extra, hook_event_name, request_set_id, session_id, tool_input, tool_name, transcript_path
tool_input_keys: file_path, replacements
=== DONE ===
top_keys: cwd, extra, hook_event_name, request_set_id, session_id, tool_input, tool_name, transcript_path
tool_input_keys: file_path, replacements
=== DONE ===
tool_input_keys: file_path, replacements
=== DONE ===
tool_input_keys: file_path, replacements
=== DONE ===
=== 2026年 07月 17日 星期五 16:48:59 CST ===
file_path: /home/xmm/ai/add-coder/templates/adapters/vscode/.github/hooks/pre-compact.json
has_file_content: false
has_replacements: true
top_keys: cwd, extra, hook_event_name, request_set_id, session_id, tool_input, tool_name, tool_response, transcript_path
tool_input_keys: file_path, replacements
=== DONE ===
=== 2026年 07月 17日 星期五 16:48:59 CST ===
=== 2026年 07月 17日 星期五 16:48:59 CST ===
file_path: /home/xmm/ai/add-coder/templates/adapters/vscode/.github/hooks/post-tool-use.json
=== 2026年 07月 17日 星期五 16:48:59 CST ===
file_path: /home/xmm/ai/add-coder/templates/adapters/vscode/.github/hooks/stop-check.json
has_file_content: false
file_path: /home/xmm/ai/add-coder/templates/adapters/vscode/.github/hooks/pre-tool-use.json
has_file_content: false
has_replacements: true
has_file_content: false
has_replacements: true
=== 2026年 07月 17日 星期五 16:48:59 CST ===
top_keys: cwd, extra, hook_event_name, request_set_id, session_id, tool_input, tool_name, tool_response, transcript_path
has_replacements: true
top_keys: cwd, extra, hook_event_name, request_set_id, session_id, tool_input, tool_name, tool_response, transcript_path
=== 2026年 07月 17日 星期五 16:48:59 CST ===
tool_input_keys: file_path, replacements
=== DONE ===
file_path: /home/xmm/ai/add-coder/templates/adapters/vscode/.github/hooks/error-occurred.json
top_keys: cwd, extra, hook_event_name, request_set_id, session_id, tool_input, tool_name, tool_response, transcript_path
tool_input_keys: file_path, replacements
=== DONE ===
file_path: /home/xmm/ai/add-coder/templates/adapters/vscode/.github/hooks/subagent-stop.json
tool_input_keys: file_path, replacements
has_file_content: false
=== DONE ===
has_file_content: false
has_replacements: true
has_replacements: true
top_keys: cwd, extra, hook_event_name, request_set_id, session_id, tool_input, tool_name, tool_response, transcript_path
top_keys: cwd, extra, hook_event_name, request_set_id, session_id, tool_input, tool_name, tool_response, transcript_path
tool_input_keys: file_path, replacements
=== DONE ===
tool_input_keys: file_path, replacements
=== DONE ===
=== 2026年 07月 17日 星期五 16:48:59 CST ===
=== 2026年 07月 17日 星期五 16:48:59 CST ===
file_path: /home/xmm/ai/add-coder/templates/adapters/vscode/.github/hooks/user-prompt-submit.json
file_path: /home/xmm/ai/add-coder/templates/adapters/vscode/.github/hooks/session-start.json
has_file_content: false
has_file_content: false
has_replacements: true
has_replacements: true
top_keys: cwd, extra, hook_event_name, request_set_id, session_id, tool_input, tool_name, tool_response, transcript_path
top_keys: cwd, extra, hook_event_name, request_set_id, session_id, tool_input, tool_name, tool_response, transcript_path
tool_input_keys: file_path, replacements
=== DONE ===
tool_input_keys: file_path, replacements
=== DONE ===
=== 2026年 07月 17日 星期五 16:49:29 CST ===
file_path: /home/xmm/ai/add-coder/src/cli/commands/init.ts
has_file_content: false
has_replacements: true
top_keys: cwd, extra, hook_event_name, request_set_id, session_id, tool_input, tool_name, transcript_path
tool_input_keys: file_path, replacements
=== DONE ===
=== 2026年 07月 17日 星期五 16:49:31 CST ===
file_path: /home/xmm/ai/add-coder/src/cli/commands/init.ts
has_file_content: false
has_replacements: true
top_keys: cwd, extra, hook_event_name, request_set_id, session_id, tool_input, tool_name, tool_response, transcript_path
tool_input_keys: file_path, replacements
=== DONE ===
=== 2026年 07月 17日 星期五 16:49:34 CST ===
file_path: EMPTY
has_file_content: false
has_replacements: false
top_keys: cwd, extra, hook_event_name, request_set_id, session_id, tool_input, tool_name, transcript_path
tool_input_keys: command, is_background
=== DONE ===
=== 2026年 07月 17日 星期五 16:50:16 CST ===
file_path: /home/xmm/ai/add-coder/ADD-governance-vscode-copilot.md
has_file_content: false
has_replacements: true
top_keys: cwd, extra, hook_event_name, request_set_id, session_id, tool_input, tool_name, transcript_path
tool_input_keys: file_path, replacements
=== DONE ===
=== 2026年 07月 17日 星期五 16:50:20 CST ===
file_path: /home/xmm/ai/add-coder/ADD-governance-vscode-copilot.md
has_file_content: false
has_replacements: true
top_keys: cwd, extra, hook_event_name, request_set_id, session_id, tool_input, tool_name, tool_response, transcript_path
tool_input_keys: file_path, replacements
=== DONE ===
=== 2026年 07月 17日 星期五 16:50:26 CST ===
file_path: EMPTY
has_file_content: false
has_replacements: false
top_keys: cwd, extra, hook_event_name, request_set_id, session_id, tool_input, tool_name, transcript_path
tool_input_keys: command, is_background
=== DONE ===
=== 2026年 07月 17日 星期五 16:52:14 CST ===
file_path: EMPTY
has_file_content: false
has_replacements: false
top_keys: cwd, extra, hook_event_name, request_set_id, session_id, tool_input, tool_name, transcript_path
tool_input_keys: command, is_background
=== DONE ===
=== 2026年 07月 17日 星期五 16:52:59 CST ===
file_path: /home/xmm/ai/add-coder/src/cli/commands/init.ts
has_file_content: false
has_replacements: true
top_keys: cwd, extra, hook_event_name, request_set_id, session_id, tool_input, tool_name, transcript_path
tool_input_keys: file_path, replacements
=== DONE ===
=== 2026年 07月 17日 星期五 16:53:01 CST ===
file_path: /home/xmm/ai/add-coder/src/cli/commands/init.ts
has_file_content: false
has_replacements: true
top_keys: cwd, extra, hook_event_name, request_set_id, session_id, tool_input, tool_name, tool_response, transcript_path
tool_input_keys: file_path, replacements
=== DONE ===
=== 2026年 07月 17日 星期五 16:53:05 CST ===
file_path: EMPTY
has_file_content: false
has_replacements: false
top_keys: cwd, extra, hook_event_name, request_set_id, session_id, tool_input, tool_name, transcript_path
tool_input_keys: command, is_background
=== DONE ===
=== 2026年 07月 17日 星期五 16:55:03 CST ===
file_path: /home/xmm/ai/add-coder/src/cli/commands/init.ts
has_file_content: false
has_replacements: true
top_keys: cwd, extra, hook_event_name, request_set_id, session_id, tool_input, tool_name, transcript_path
tool_input_keys: file_path, replacements
=== DONE ===
=== 2026年 07月 17日 星期五 16:55:05 CST ===
file_path: /home/xmm/ai/add-coder/src/cli/commands/init.ts
has_file_content: false
has_replacements: true
top_keys: cwd, extra, hook_event_name, request_set_id, session_id, tool_input, tool_name, tool_response, transcript_path
tool_input_keys: file_path, replacements
=== DONE ===
=== 2026年 07月 17日 星期五 16:55:08 CST ===
file_path: EMPTY
has_file_content: false
has_replacements: false
top_keys: cwd, extra, hook_event_name, request_set_id, session_id, tool_input, tool_name, transcript_path
tool_input_keys: command, is_background
=== DONE ===
=== 2026年 07月 17日 星期五 16:57:11 CST ===
file_path: /home/xmm/ai/add-coder/ADD-governance-vscode-copilot.md
has_file_content: false
has_replacements: true
top_keys: cwd, extra, hook_event_name, request_set_id, session_id, tool_input, tool_name, transcript_path
tool_input_keys: file_path, replacements
=== DONE ===
=== 2026年 07月 17日 星期五 16:57:13 CST ===
file_path: /home/xmm/ai/add-coder/ADD-governance-vscode-copilot.md
has_file_content: false
has_replacements: true
top_keys: cwd, extra, hook_event_name, request_set_id, session_id, tool_input, tool_name, tool_response, transcript_path
tool_input_keys: file_path, replacements
=== DONE ===
=== 2026年 07月 17日 星期五 16:57:21 CST ===
file_path: /home/xmm/ai/add-coder/ADD-governance-vscode-copilot.md
has_file_content: false
has_replacements: true
top_keys: cwd, extra, hook_event_name, request_set_id, session_id, tool_input, tool_name, transcript_path
tool_input_keys: file_path, replacements
=== DONE ===
=== 2026年 07月 17日 星期五 16:57:25 CST ===
file_path: /home/xmm/ai/add-coder/ADD-governance-vscode-copilot.md
has_file_content: false
has_replacements: true
top_keys: cwd, extra, hook_event_name, request_set_id, session_id, tool_input, tool_name, tool_response, transcript_path
tool_input_keys: file_path, replacements
=== DONE ===
=== 2026年 07月 17日 星期五 17:00:34 CST ===
file_path: EMPTY
has_file_content: false
has_replacements: false
top_keys: cwd, extra, hook_event_name, request_set_id, session_id, tool_input, tool_name, transcript_path
tool_input_keys: command, is_background
=== DONE ===
=== 2026年 07月 17日 星期五 17:00:42 CST ===
file_path: EMPTY
has_file_content: false
has_replacements: false
top_keys: cwd, extra, hook_event_name, request_set_id, session_id, tool_input, tool_name, transcript_path
tool_input_keys: command, is_background
=== DONE ===
=== 2026年 07月 17日 星期五 17:00:51 CST ===
file_path: EMPTY
has_file_content: false
has_replacements: false
top_keys: cwd, extra, hook_event_name, request_set_id, session_id, tool_input, tool_name, transcript_path
tool_input_keys: command, is_background
=== DONE ===
=== 2026年 07月 17日 星期五 17:01:28 CST ===
file_path: /home/xmm/ai/add-coder/ADD-governance-vscode-copilot.md
has_file_content: false
has_replacements: true
top_keys: cwd, extra, hook_event_name, request_set_id, session_id, tool_input, tool_name, transcript_path
tool_input_keys: file_path, replacements
=== DONE ===
=== 2026年 07月 17日 星期五 17:01:32 CST ===
file_path: /home/xmm/ai/add-coder/ADD-governance-vscode-copilot.md
has_file_content: false
has_replacements: true
top_keys: cwd, extra, hook_event_name, request_set_id, session_id, tool_input, tool_name, tool_response, transcript_path
tool_input_keys: file_path, replacements
=== DONE ===
=== 2026年 07月 17日 星期五 17:04:26 CST ===
file_path: EMPTY
has_file_content: false
has_replacements: false
top_keys: cwd, extra, hook_event_name, request_set_id, session_id, tool_input, tool_name, transcript_path
tool_input_keys: command, is_background
=== DONE ===
=== 2026年 07月 17日 星期五 17:05:02 CST ===
=== 2026年 07月 17日 星期五 17:05:02 CST ===
=== 2026年 07月 17日 星期五 17:05:02 CST ===
=== 2026年 07月 17日 星期五 17:05:02 CST ===
file_path: /home/xmm/ai/add-coder/templates/adapters/vscode/hooks/post-tool-use.sh
file_path: /home/xmm/ai/add-coder/templates/adapters/vscode/hooks/pre-tool-use.sh
file_path: /home/xmm/ai/add-coder/templates/adapters/vscode/hooks/stop-check.sh
file_path: /home/xmm/ai/add-coder/templates/adapters/vscode/hooks/prompt-submit.sh
has_file_content: true
has_file_content: true
=== 2026年 07月 17日 星期五 17:05:02 CST ===
has_file_content: true
has_file_content: true
has_replacements: false
has_replacements: false
file_path: /home/xmm/ai/add-coder/templates/adapters/vscode/hooks/session-start.sh
top_keys: cwd, extra, hook_event_name, request_set_id, session_id, tool_input, tool_name, transcript_path
has_replacements: false
has_replacements: false
top_keys: cwd, extra, hook_event_name, request_set_id, session_id, tool_input, tool_name, transcript_path
top_keys: cwd, extra, hook_event_name, request_set_id, session_id, tool_input, tool_name, transcript_path
has_file_content: true
top_keys: cwd, extra, hook_event_name, request_set_id, session_id, tool_input, tool_name, transcript_path
tool_input_keys: file_content, file_path
tool_input_keys: file_content, file_path
=== DONE ===
=== DONE ===
tool_input_keys: file_content, file_path
=== DONE ===
has_replacements: false
tool_input_keys: file_content, file_path
=== DONE ===
top_keys: cwd, extra, hook_event_name, request_set_id, session_id, tool_input, tool_name, transcript_path
tool_input_keys: file_content, file_path
=== DONE ===
=== 2026年 07月 17日 星期五 17:05:07 CST ===
=== 2026年 07月 17日 星期五 17:05:07 CST ===
=== 2026年 07月 17日 星期五 17:05:07 CST ===
=== 2026年 07月 17日 星期五 17:05:07 CST ===
=== 2026年 07月 17日 星期五 17:05:07 CST ===
file_path: /home/xmm/ai/add-coder/templates/adapters/vscode/hooks/stop-check.sh
file_path: /home/xmm/ai/add-coder/templates/adapters/vscode/hooks/prompt-submit.sh
file_path: /home/xmm/ai/add-coder/templates/adapters/vscode/hooks/post-tool-use.sh
file_path: /home/xmm/ai/add-coder/templates/adapters/vscode/hooks/pre-tool-use.sh
has_file_content: true
has_file_content: true
file_path: /home/xmm/ai/add-coder/templates/adapters/vscode/hooks/session-start.sh
has_file_content: true
has_replacements: false
has_file_content: true
has_replacements: false
has_replacements: false
has_file_content: true
top_keys: cwd, extra, hook_event_name, request_set_id, session_id, tool_input, tool_name, tool_response, transcript_path
has_replacements: false
top_keys: cwd, extra, hook_event_name, request_set_id, session_id, tool_input, tool_name, tool_response, transcript_path
top_keys: cwd, extra, hook_event_name, request_set_id, session_id, tool_input, tool_name, tool_response, transcript_path
has_replacements: false
tool_input_keys: file_content, file_path
=== DONE ===
top_keys: cwd, extra, hook_event_name, request_set_id, session_id, tool_input, tool_name, tool_response, transcript_path
tool_input_keys: file_content, file_path
=== DONE ===
tool_input_keys: file_content, file_path
=== DONE ===
top_keys: cwd, extra, hook_event_name, request_set_id, session_id, tool_input, tool_name, tool_response, transcript_path
tool_input_keys: file_content, file_path
=== DONE ===
tool_input_keys: file_content, file_path
=== DONE ===
=== 2026年 07月 17日 星期五 17:05:25 CST ===
=== 2026年 07月 17日 星期五 17:05:25 CST ===
=== 2026年 07月 17日 星期五 17:05:25 CST ===
=== 2026年 07月 17日 星期五 17:05:25 CST ===
=== 2026年 07月 17日 星期五 17:05:25 CST ===
file_path: /home/xmm/ai/add-coder/templates/adapters/vscode/hooks/post-tool-failure.sh
file_path: /home/xmm/ai/add-coder/templates/adapters/vscode/hooks/session-end.sh
file_path: /home/xmm/ai/add-coder/templates/adapters/vscode/hooks/subagent-stop.sh
has_file_content: true
file_path: /home/xmm/ai/add-coder/templates/adapters/vscode/hooks/pre-compact.sh
has_file_content: true
file_path: /home/xmm/ai/add-coder/templates/adapters/vscode/hooks/subagent-guard.sh
has_file_content: true
has_file_content: true
has_replacements: false
has_file_content: true
has_replacements: false
has_replacements: false
has_replacements: false
has_replacements: false
top_keys: cwd, extra, hook_event_name, request_set_id, session_id, tool_input, tool_name, transcript_path
top_keys: cwd, extra, hook_event_name, request_set_id, session_id, tool_input, tool_name, transcript_path
top_keys: cwd, extra, hook_event_name, request_set_id, session_id, tool_input, tool_name, transcript_path
top_keys: cwd, extra, hook_event_name, request_set_id, session_id, tool_input, tool_name, transcript_path
top_keys: cwd, extra, hook_event_name, request_set_id, session_id, tool_input, tool_name, transcript_path
tool_input_keys: file_content, file_path
=== DONE ===
tool_input_keys: file_content, file_path
=== DONE ===
tool_input_keys: file_content, file_path
=== DONE ===
tool_input_keys: file_content, file_path
=== DONE ===
tool_input_keys: file_content, file_path
=== DONE ===
=== 2026年 07月 17日 星期五 17:05:29 CST ===
=== 2026年 07月 17日 星期五 17:05:29 CST ===
=== 2026年 07月 17日 星期五 17:05:29 CST ===
=== 2026年 07月 17日 星期五 17:05:29 CST ===
file_path: /home/xmm/ai/add-coder/templates/adapters/vscode/hooks/pre-compact.sh
file_path: /home/xmm/ai/add-coder/templates/adapters/vscode/hooks/subagent-guard.sh
file_path: /home/xmm/ai/add-coder/templates/adapters/vscode/hooks/post-tool-failure.sh
=== 2026年 07月 17日 星期五 17:05:29 CST ===
has_file_content: true
file_path: /home/xmm/ai/add-coder/templates/adapters/vscode/hooks/subagent-stop.sh
has_file_content: true
has_file_content: true
file_path: /home/xmm/ai/add-coder/templates/adapters/vscode/hooks/session-end.sh
has_replacements: false
has_file_content: true
has_replacements: false
has_replacements: false
has_file_content: true
has_replacements: false
top_keys: cwd, extra, hook_event_name, request_set_id, session_id, tool_input, tool_name, tool_response, transcript_path
top_keys: cwd, extra, hook_event_name, request_set_id, session_id, tool_input, tool_name, tool_response, transcript_path
top_keys: cwd, extra, hook_event_name, request_set_id, session_id, tool_input, tool_name, tool_response, transcript_path
top_keys: cwd, extra, hook_event_name, request_set_id, session_id, tool_input, tool_name, tool_response, transcript_path
has_replacements: false
tool_input_keys: file_content, file_path
=== DONE ===
tool_input_keys: file_content, file_path
=== DONE ===
tool_input_keys: file_content, file_path
=== DONE ===
tool_input_keys: file_content, file_path
top_keys: cwd, extra, hook_event_name, request_set_id, session_id, tool_input, tool_name, tool_response, transcript_path
=== DONE ===
tool_input_keys: file_content, file_path
=== DONE ===
=== 2026年 07月 17日 星期五 17:05:40 CST ===
file_path: EMPTY
has_file_content: false
has_replacements: false
top_keys: cwd, extra, hook_event_name, request_set_id, session_id, tool_input, tool_name, transcript_path
tool_input_keys: command, is_background
=== DONE ===
=== 2026年 07月 17日 星期五 17:05:45 CST ===
file_path: /home/xmm/ai/add-coder/templates/adapters/vscode/.github/hooks/session-start.json
has_file_content: false
has_replacements: true
top_keys: cwd, extra, hook_event_name, request_set_id, session_id, tool_input, tool_name, transcript_path
tool_input_keys: file_path, replace_replace_all, replacements
=== DONE ===
=== 2026年 07月 17日 星期五 17:05:49 CST ===
file_path: /home/xmm/ai/add-coder/templates/adapters/vscode/.github/hooks/session-start.json
has_file_content: false
has_replacements: true
top_keys: cwd, extra, hook_event_name, request_set_id, session_id, tool_input, tool_name, tool_response, transcript_path
tool_input_keys: file_path, replace_replace_all, replacements
=== DONE ===
=== 2026年 07月 17日 星期五 17:06:01 CST ===
=== 2026年 07月 17日 星期五 17:06:01 CST ===
file_path: /home/xmm/ai/add-coder/templates/adapters/vscode/.github/hooks/post-tool-use.json
=== 2026年 07月 17日 星期五 17:06:01 CST ===
=== 2026年 07月 17日 星期五 17:06:01 CST ===
=== 2026年 07月 17日 星期五 17:06:01 CST ===
has_file_content: false
=== 2026年 07月 17日 星期五 17:06:01 CST ===
=== 2026年 07月 17日 星期五 17:06:01 CST ===
file_path: /home/xmm/ai/add-coder/templates/adapters/vscode/.github/hooks/error-occurred.json
file_path: /home/xmm/ai/add-coder/templates/adapters/vscode/.github/hooks/stop-check.json
=== 2026年 07月 17日 星期五 17:06:01 CST ===
file_path: /home/xmm/ai/add-coder/templates/adapters/vscode/.github/hooks/subagent-stop.json
file_path: /home/xmm/ai/add-coder/templates/adapters/vscode/.github/hooks/user-prompt-submit.json
=== 2026年 07月 17日 星期五 17:06:01 CST ===
file_path: /home/xmm/ai/add-coder/templates/adapters/vscode/.github/hooks/session-end.json
has_file_content: false
has_file_content: false
file_path: /home/xmm/ai/add-coder/templates/adapters/vscode/.github/hooks/pre-compact.json
has_file_content: false
has_replacements: true
has_replacements: true
has_file_content: false
file_path: /home/xmm/ai/add-coder/templates/adapters/vscode/.github/hooks/subagent-start.json
has_file_content: false
has_replacements: true
has_file_content: false
has_replacements: true
has_file_content: false
top_keys: cwd, extra, hook_event_name, request_set_id, session_id, tool_input, tool_name, transcript_path
top_keys: cwd, extra, hook_event_name, request_set_id, session_id, tool_input, tool_name, transcript_path
has_replacements: true
top_keys: cwd, extra, hook_event_name, request_set_id, session_id, tool_input, tool_name, transcript_path
file_path: /home/xmm/ai/add-coder/templates/adapters/vscode/.github/hooks/pre-tool-use.json
top_keys: cwd, extra, hook_event_name, request_set_id, session_id, tool_input, tool_name, transcript_path
tool_input_keys: file_path, replace_all, replacements
=== DONE ===
has_replacements: true
tool_input_keys: file_path, replace_all, replacements
has_replacements: true
=== DONE ===
has_replacements: true
top_keys: cwd, extra, hook_event_name, request_set_id, session_id, tool_input, tool_name, transcript_path
tool_input_keys: file_path, replace_all, replacements
=== DONE ===
top_keys: cwd, extra, hook_event_name, request_set_id, session_id, tool_input, tool_name, transcript_path
has_file_content: false
top_keys: cwd, extra, hook_event_name, request_set_id, session_id, tool_input, tool_name, transcript_path
tool_input_keys: file_path, replace_all, replacements
=== DONE ===
top_keys: cwd, extra, hook_event_name, request_set_id, session_id, tool_input, tool_name, transcript_path
tool_input_keys: file_path, replace_all, replacements
=== DONE ===
tool_input_keys: file_path, replace_all, replacements
=== DONE ===
has_replacements: true
tool_input_keys: file_path, replace_all, replacements
=== DONE ===
tool_input_keys: file_path, replace_all, replacements
=== DONE ===
top_keys: cwd, extra, hook_event_name, request_set_id, session_id, tool_input, tool_name, transcript_path
tool_input_keys: file_path, replace_all, replacements
=== DONE ===
=== 2026年 07月 17日 星期五 17:06:05 CST ===
file_path: /home/xmm/ai/add-coder/templates/adapters/vscode/.github/hooks/error-occurred.json
has_file_content: false
has_replacements: true
top_keys: cwd, extra, hook_event_name, request_set_id, session_id, tool_input, tool_name, tool_response, transcript_path
tool_input_keys: file_path, replace_all, replacements
=== DONE ===
=== 2026年 07月 17日 星期五 17:06:06 CST ===
file_path: /home/xmm/ai/add-coder/templates/adapters/vscode/.github/hooks/subagent-stop.json
has_file_content: false
has_replacements: true
top_keys: cwd, extra, hook_event_name, request_set_id, session_id, tool_input, tool_name, tool_response, transcript_path
tool_input_keys: file_path, replace_all, replacements
=== DONE ===
=== 2026年 07月 17日 星期五 17:06:06 CST ===
=== 2026年 07月 17日 星期五 17:06:06 CST ===
=== 2026年 07月 17日 星期五 17:06:06 CST ===
file_path: /home/xmm/ai/add-coder/templates/adapters/vscode/.github/hooks/post-tool-use.json
=== 2026年 07月 17日 星期五 17:06:06 CST ===
file_path: /home/xmm/ai/add-coder/templates/adapters/vscode/.github/hooks/user-prompt-submit.json
file_path: /home/xmm/ai/add-coder/templates/adapters/vscode/.github/hooks/session-end.json
has_file_content: false
=== 2026年 07月 17日 星期五 17:06:06 CST ===
=== 2026年 07月 17日 星期五 17:06:06 CST ===
has_file_content: false
file_path: /home/xmm/ai/add-coder/templates/adapters/vscode/.github/hooks/stop-check.json
has_file_content: false
has_replacements: true
has_replacements: true
file_path: /home/xmm/ai/add-coder/templates/adapters/vscode/.github/hooks/pre-compact.json
top_keys: cwd, extra, hook_event_name, request_set_id, session_id, tool_input, tool_name, tool_response, transcript_path
=== 2026年 07月 17日 星期五 17:06:06 CST ===
file_path: /home/xmm/ai/add-coder/templates/adapters/vscode/.github/hooks/subagent-start.json
has_replacements: true
has_file_content: false
has_file_content: false
top_keys: cwd, extra, hook_event_name, request_set_id, session_id, tool_input, tool_name, tool_response, transcript_path
tool_input_keys: file_path, replace_all, replacements
=== DONE ===
file_path: /home/xmm/ai/add-coder/templates/adapters/vscode/.github/hooks/pre-tool-use.json
has_file_content: false
top_keys: cwd, extra, hook_event_name, request_set_id, session_id, tool_input, tool_name, tool_response, transcript_path
has_replacements: true
has_replacements: true
tool_input_keys: file_path, replace_all, replacements
=== DONE ===
has_replacements: true
top_keys: cwd, extra, hook_event_name, request_set_id, session_id, tool_input, tool_name, tool_response, transcript_path
has_file_content: false
top_keys: cwd, extra, hook_event_name, request_set_id, session_id, tool_input, tool_name, tool_response, transcript_path
tool_input_keys: file_path, replace_all, replacements
=== DONE ===
top_keys: cwd, extra, hook_event_name, request_set_id, session_id, tool_input, tool_name, tool_response, transcript_path
tool_input_keys: file_path, replace_all, replacements
=== DONE ===
has_replacements: true
tool_input_keys: file_path, replace_all, replacements
=== DONE ===
tool_input_keys: file_path, replace_all, replacements
=== DONE ===
top_keys: cwd, extra, hook_event_name, request_set_id, session_id, tool_input, tool_name, tool_response, transcript_path
tool_input_keys: file_path, replace_all, replacements
=== DONE ===
=== 2026年 07月 17日 星期五 17:06:27 CST ===
file_path: /home/xmm/ai/add-coder/ADD-governance-vscode-copilot.md
has_file_content: false
has_replacements: true
top_keys: cwd, extra, hook_event_name, request_set_id, session_id, tool_input, tool_name, transcript_path
tool_input_keys: file_path, replacements
=== DONE ===
=== 2026年 07月 17日 星期五 17:06:31 CST ===
file_path: /home/xmm/ai/add-coder/ADD-governance-vscode-copilot.md
has_file_content: false
has_replacements: true
top_keys: cwd, extra, hook_event_name, request_set_id, session_id, tool_input, tool_name, tool_response, transcript_path
tool_input_keys: file_path, replacements
=== DONE ===
=== 2026年 07月 17日 星期五 17:06:35 CST ===
file_path: EMPTY
has_file_content: false
has_replacements: false
top_keys: cwd, extra, hook_event_name, request_set_id, session_id, tool_input, tool_name, transcript_path
tool_input_keys: command, is_background
=== DONE ===
=== 2026年 07月 17日 星期五 17:06:42 CST ===
file_path: EMPTY
has_file_content: false
has_replacements: false
top_keys: cwd, extra, hook_event_name, request_set_id, session_id, tool_input, tool_name, transcript_path
tool_input_keys: command, is_background
=== DONE ===
=== 2026年 07月 17日 星期五 17:07:49 CST ===
file_path: EMPTY
has_file_content: false
has_replacements: false
top_keys: cwd, extra, hook_event_name, request_set_id, session_id, tool_input, tool_name, transcript_path
tool_input_keys: command, is_background
=== DONE ===
=== 2026年 07月 17日 星期五 17:07:54 CST ===
file_path: EMPTY
has_file_content: false
has_replacements: false
top_keys: cwd, extra, hook_event_name, request_set_id, session_id, tool_input, tool_name, transcript_path
tool_input_keys: command, is_background
=== DONE ===
=== 2026年 07月 17日 星期五 17:07:59 CST ===
file_path: EMPTY
has_file_content: false
has_replacements: false
top_keys: cwd, extra, hook_event_name, request_set_id, session_id, tool_input, tool_name, transcript_path
tool_input_keys: command, is_background
=== DONE ===
=== 2026年 07月 17日 星期五 17:08:04 CST ===
file_path: EMPTY
has_file_content: false
has_replacements: false
top_keys: cwd, extra, hook_event_name, request_set_id, session_id, tool_input, tool_name, transcript_path
tool_input_keys: command, is_background
=== DONE ===
=== 2026年 07月 17日 星期五 17:09:10 CST ===
file_path: EMPTY
has_file_content: false
has_replacements: false
top_keys: cwd, extra, hook_event_name, request_set_id, session_id, tool_input, tool_name, transcript_path
tool_input_keys: command, is_background
=== DONE ===
=== 2026年 07月 17日 星期五 17:09:16 CST ===
file_path: EMPTY
has_file_content: false
has_replacements: false
top_keys: cwd, extra, hook_event_name, request_set_id, session_id, tool_input, tool_name, transcript_path
tool_input_keys: command, is_background
=== DONE ===
=== 2026年 07月 17日 星期五 17:10:01 CST ===
file_path: EMPTY
has_file_content: false
has_replacements: false
top_keys: cwd, extra, hook_event_name, request_set_id, session_id, tool_input, tool_name, transcript_path
tool_input_keys: command, is_background
=== DONE ===
=== 2026年 07月 17日 星期五 17:10:06 CST ===
file_path: EMPTY
has_file_content: false
has_replacements: false
top_keys: cwd, extra, hook_event_name, request_set_id, session_id, tool_input, tool_name, transcript_path
tool_input_keys: command, is_background
=== DONE ===
=== 2026年 07月 17日 星期五 17:10:11 CST ===
file_path: EMPTY
has_file_content: false
has_replacements: false
top_keys: cwd, extra, hook_event_name, request_set_id, session_id, tool_input, tool_name, transcript_path
tool_input_keys: command, is_background
=== DONE ===
=== 2026年 07月 17日 星期五 17:14:50 CST ===
file_path: EMPTY
has_file_content: false
has_replacements: false
top_keys: cwd, extra, hook_event_name, request_set_id, session_id, tool_input, tool_name, transcript_path
tool_input_keys: command, is_background
=== DONE ===
=== 2026年 07月 17日 星期五 17:14:57 CST ===
file_path: /home/xmm/ai/add-coder/src/core/renderer.ts
has_file_content: false
has_replacements: true
top_keys: cwd, extra, hook_event_name, request_set_id, session_id, tool_input, tool_name, transcript_path
tool_input_keys: file_path, replacements
=== DONE ===
=== 2026年 07月 17日 星期五 17:15:01 CST ===
file_path: /home/xmm/ai/add-coder/src/core/renderer.ts
has_file_content: false
has_replacements: true
top_keys: cwd, extra, hook_event_name, request_set_id, session_id, tool_input, tool_name, tool_response, transcript_path
tool_input_keys: file_path, replacements
=== DONE ===
=== 2026年 07月 17日 星期五 17:15:06 CST ===
file_path: EMPTY
has_file_content: false
has_replacements: false
top_keys: cwd, extra, hook_event_name, request_set_id, session_id, tool_input, tool_name, transcript_path
tool_input_keys: command, is_background
=== DONE ===
=== 2026年 07月 17日 星期五 17:15:14 CST ===
file_path: EMPTY
has_file_content: false
has_replacements: false
top_keys: cwd, extra, hook_event_name, request_set_id, session_id, tool_input, tool_name, transcript_path
tool_input_keys: command, is_background
=== DONE ===
=== 2026年 07月 17日 星期五 17:15:55 CST ===
file_path: EMPTY
has_file_content: false
has_replacements: false
top_keys: cwd, extra, hook_event_name, request_set_id, session_id, tool_input, tool_name, transcript_path
tool_input_keys: command, is_background
=== DONE ===
=== 2026年 07月 17日 星期五 17:16:03 CST ===
file_path: EMPTY
has_file_content: false
has_replacements: false
top_keys: cwd, extra, hook_event_name, request_set_id, session_id, tool_input, tool_name, transcript_path
tool_input_keys: command, is_background
=== DONE ===
=== 2026年 07月 17日 星期五 17:16:18 CST ===
file_path: EMPTY
has_file_content: false
has_replacements: false
top_keys: cwd, extra, hook_event_name, request_set_id, session_id, tool_input, tool_name, transcript_path
tool_input_keys: command, is_background
=== DONE ===
=== 2026年 07月 17日 星期五 17:16:31 CST ===
=== 2026年 07月 17日 星期五 17:16:31 CST ===
=== 2026年 07月 17日 星期五 17:16:31 CST ===
file_path: /home/xmm/ai/add-coder/templates/core/hooks/lib/vocabulary.sh
file_path: /home/xmm/ai/add-coder/templates/core/hooks/lib/state-detect.sh
file_path: /home/xmm/ai/add-coder/templates/core/hooks/lib/context-inject.sh
has_file_content: false
has_file_content: false
has_file_content: false
has_replacements: false
has_replacements: false
has_replacements: false
top_keys: cwd, extra, hook_event_name, request_set_id, session_id, tool_input, tool_name, transcript_path
top_keys: cwd, extra, hook_event_name, request_set_id, session_id, tool_input, tool_name, transcript_path
top_keys: cwd, extra, hook_event_name, request_set_id, session_id, tool_input, tool_name, transcript_path
tool_input_keys: file_path
tool_input_keys: file_path
=== DONE ===
=== DONE ===
tool_input_keys: file_path
=== DONE ===
=== 2026年 07月 17日 星期五 17:16:31 CST ===
=== 2026年 07月 17日 星期五 17:16:31 CST ===
file_path: /home/xmm/ai/add-coder/templates/core/hooks/lib/context-inject.sh
file_path: /home/xmm/ai/add-coder/templates/core/hooks/lib/state-detect.sh
has_file_content: false
has_file_content: false
has_replacements: false
has_replacements: false
top_keys: cwd, extra, hook_event_name, request_set_id, session_id, tool_input, tool_name, tool_response, transcript_path
top_keys: cwd, extra, hook_event_name, request_set_id, session_id, tool_input, tool_name, tool_response, transcript_path
tool_input_keys: file_path
tool_input_keys: file_path
=== DONE ===
=== DONE ===
=== 2026年 07月 17日 星期五 17:16:31 CST ===
file_path: /home/xmm/ai/add-coder/templates/core/hooks/lib/vocabulary.sh
has_file_content: false
has_replacements: false
top_keys: cwd, extra, hook_event_name, request_set_id, session_id, tool_input, tool_name, tool_response, transcript_path
tool_input_keys: file_path
=== DONE ===
=== 2026年 07月 17日 星期五 17:16:36 CST ===
file_path: EMPTY
has_file_content: false
has_replacements: false
top_keys: cwd, extra, hook_event_name, request_set_id, session_id, tool_input, tool_name, transcript_path
tool_input_keys: command, is_background
=== DONE ===
=== 2026年 07月 17日 星期五 17:16:43 CST ===
file_path: /home/xmm/ai/add-coder/templates/core/hooks/doc-format-guard.sh
has_file_content: false
has_replacements: true
top_keys: cwd, extra, hook_event_name, request_set_id, session_id, tool_input, tool_name, transcript_path
tool_input_keys: file_path, replacements
=== DONE ===
=== 2026年 07月 17日 星期五 17:16:47 CST ===
file_path: /home/xmm/ai/add-coder/templates/core/hooks/doc-format-guard.sh
has_file_content: false
has_replacements: true
top_keys: cwd, extra, hook_event_name, request_set_id, session_id, tool_input, tool_name, tool_response, transcript_path
tool_input_keys: file_path, replacements
=== DONE ===
=== 2026年 07月 17日 星期五 17:16:53 CST ===
file_path: EMPTY
has_file_content: false
has_replacements: false
top_keys: cwd, extra, hook_event_name, request_set_id, session_id, tool_input, tool_name, transcript_path
tool_input_keys: command, is_background
=== DONE ===
=== 2026年 07月 17日 星期五 17:17:15 CST ===
file_path: EMPTY
has_file_content: false
has_replacements: false
top_keys: cwd, extra, hook_event_name, request_set_id, session_id, tool_input, tool_name, transcript_path
tool_input_keys: command, is_background
=== DONE ===
=== 2026年 07月 17日 星期五 17:17:25 CST ===
file_path: EMPTY
has_file_content: false
has_replacements: false
top_keys: cwd, extra, hook_event_name, request_set_id, session_id, tool_input, tool_name, transcript_path
tool_input_keys: command, is_background
=== DONE ===
=== 2026年 07月 17日 星期五 17:17:30 CST ===
file_path: EMPTY
has_file_content: false
has_replacements: false
top_keys: cwd, extra, hook_event_name, request_set_id, session_id, tool_input, tool_name, transcript_path
tool_input_keys: command, is_background
=== DONE ===
=== 2026年 07月 17日 星期五 17:21:25 CST ===
file_path: EMPTY
has_file_content: false
has_replacements: false
top_keys: cwd, extra, hook_event_name, request_set_id, session_id, tool_input, tool_name, transcript_path
tool_input_keys: command, is_background
=== DONE ===
=== 2026年 07月 17日 星期五 17:21:28 CST ===
file_path: EMPTY
has_file_content: false
has_replacements: false
top_keys: cwd, extra, hook_event_name, request_set_id, session_id, tool_input, tool_name, transcript_path
tool_input_keys: command, is_background
=== DONE ===
=== 2026年 07月 17日 星期五 17:21:28 CST ===
file_path: EMPTY
has_file_content: false
has_replacements: false
top_keys: cwd, extra, hook_event_name, request_set_id, session_id, tool_input, tool_name, transcript_path
tool_input_keys: command, is_background
=== DONE ===
=== 2026年 07月 17日 星期五 17:21:48 CST ===
file_path: /home/xmm/ai/add-coder/.qoder/specs/add-coder-hook-full-alignment/checklist.md
has_file_content: false
has_replacements: true
top_keys: cwd, extra, hook_event_name, request_set_id, session_id, tool_input, tool_name, transcript_path
tool_input_keys: file_path, replacements
=== DONE ===
=== 2026年 07月 17日 星期五 17:21:51 CST ===
file_path: /home/xmm/ai/add-coder/.qoder/specs/add-coder-hook-full-alignment/checklist.md
has_file_content: false
has_replacements: true
top_keys: cwd, extra, hook_event_name, request_set_id, session_id, tool_input, tool_name, tool_response, transcript_path
tool_input_keys: file_path, replacements
=== DONE ===
=== 2026年 07月 17日 星期五 17:22:02 CST ===
file_path: EMPTY
has_file_content: false
has_replacements: false
top_keys: cwd, extra, hook_event_name, request_set_id, session_id, tool_input, tool_name, transcript_path
tool_input_keys: command, is_background
=== DONE ===
=== 2026年 07月 17日 星期五 17:22:06 CST ===
file_path: /home/xmm/ai/add-coder/.qoder/specs/add-coder-hook-full-alignment/checklist.md
has_file_content: false
has_replacements: true
top_keys: cwd, extra, hook_event_name, request_set_id, session_id, tool_input, tool_name, transcript_path
tool_input_keys: file_path, replacements
=== DONE ===
=== 2026年 07月 17日 星期五 17:22:09 CST ===
file_path: /home/xmm/ai/add-coder/.qoder/specs/add-coder-hook-full-alignment/checklist.md
has_file_content: false
has_replacements: true
top_keys: cwd, extra, hook_event_name, request_set_id, session_id, tool_input, tool_name, tool_response, transcript_path
tool_input_keys: file_path, replacements
=== DONE ===
=== 2026年 07月 17日 星期五 17:22:14 CST ===
file_path: /home/xmm/ai/add-coder/.qoder/specs/add-coder-hook-full-alignment/checklist.md
has_file_content: false
has_replacements: true
top_keys: cwd, extra, hook_event_name, request_set_id, session_id, tool_input, tool_name, transcript_path
tool_input_keys: file_path, replacements
=== DONE ===
=== 2026年 07月 17日 星期五 17:22:18 CST ===
file_path: /home/xmm/ai/add-coder/.qoder/specs/add-coder-hook-full-alignment/checklist.md
has_file_content: false
has_replacements: true
top_keys: cwd, extra, hook_event_name, request_set_id, session_id, tool_input, tool_name, tool_response, transcript_path
tool_input_keys: file_path, replacements
=== DONE ===
=== 2026年 07月 17日 星期五 17:22:32 CST ===
file_path: /home/xmm/ai/add-coder/.qoder/specs/add-coder-hook-full-alignment/tasks.md
has_file_content: false
has_replacements: true
top_keys: cwd, extra, hook_event_name, request_set_id, session_id, tool_input, tool_name, transcript_path
tool_input_keys: file_path, replacements
=== DONE ===
=== 2026年 07月 17日 星期五 17:22:36 CST ===
file_path: /home/xmm/ai/add-coder/.qoder/specs/add-coder-hook-full-alignment/tasks.md
has_file_content: false
has_replacements: true
top_keys: cwd, extra, hook_event_name, request_set_id, session_id, tool_input, tool_name, tool_response, transcript_path
tool_input_keys: file_path, replacements
=== DONE ===
=== 2026年 07月 17日 星期五 17:22:57 CST ===
file_path: /home/xmm/ai/add-coder/.qoder/specs/add-coder-hook-full-alignment/tasks.md
has_file_content: false
has_replacements: true
top_keys: cwd, extra, hook_event_name, request_set_id, session_id, tool_input, tool_name, transcript_path
tool_input_keys: file_path, replacements
=== DONE ===
=== 2026年 07月 17日 星期五 17:23:01 CST ===
file_path: /home/xmm/ai/add-coder/.qoder/specs/add-coder-hook-full-alignment/tasks.md
has_file_content: false
has_replacements: true
top_keys: cwd, extra, hook_event_name, request_set_id, session_id, tool_input, tool_name, tool_response, transcript_path
tool_input_keys: file_path, replacements
=== DONE ===
=== 2026年 07月 17日 星期五 17:23:16 CST ===
file_path: EMPTY
has_file_content: false
has_replacements: false
top_keys: cwd, extra, hook_event_name, request_set_id, session_id, tool_input, tool_name, transcript_path
tool_input_keys: command, is_background
=== DONE ===
=== 2026年 07月 17日 星期五 17:23:32 CST ===
file_path: /home/xmm/ai/add-coder/.qoder/plans/2026-07/17/add-coder-hook-full-alignment-add-route-v1.md
has_file_content: false
has_replacements: true
top_keys: cwd, extra, hook_event_name, request_set_id, session_id, tool_input, tool_name, transcript_path
tool_input_keys: file_path, replacements
=== DONE ===
=== 2026年 07月 17日 星期五 17:23:37 CST ===
file_path: /home/xmm/ai/add-coder/.qoder/plans/2026-07/17/add-coder-hook-full-alignment-add-route-v1.md
has_file_content: false
has_replacements: true
top_keys: cwd, extra, hook_event_name, request_set_id, session_id, tool_input, tool_name, tool_response, transcript_path
tool_input_keys: file_path, replacements
=== DONE ===
=== 2026年 07月 17日 星期五 17:23:53 CST ===
file_path: EMPTY
has_file_content: false
has_replacements: false
top_keys: cwd, extra, hook_event_name, request_set_id, session_id, tool_input, tool_name, transcript_path
tool_input_keys: command, is_background
=== DONE ===
=== 2026年 07月 17日 星期五 17:24:05 CST ===
file_path: /home/xmm/ai/add-coder/README.md
has_file_content: false
has_replacements: true
top_keys: cwd, extra, hook_event_name, request_set_id, session_id, tool_input, tool_name, transcript_path
tool_input_keys: file_path, replacements
=== DONE ===
=== 2026年 07月 17日 星期五 17:24:09 CST ===
file_path: /home/xmm/ai/add-coder/README.md
has_file_content: false
has_replacements: true
top_keys: cwd, extra, hook_event_name, request_set_id, session_id, tool_input, tool_name, tool_response, transcript_path
tool_input_keys: file_path, replacements
=== DONE ===
=== 2026年 07月 17日 星期五 17:24:36 CST ===
file_path: EMPTY
has_file_content: false
has_replacements: false
top_keys: cwd, extra, hook_event_name, request_set_id, session_id, tool_input, tool_name, transcript_path
tool_input_keys: command, is_background
=== DONE ===
=== 2026年 07月 17日 星期五 17:24:44 CST ===
file_path: EMPTY
has_file_content: false
has_replacements: false
top_keys: cwd, extra, hook_event_name, request_set_id, session_id, tool_input, tool_name, transcript_path
tool_input_keys: command, is_background
=== DONE ===
=== 2026年 07月 17日 星期五 17:24:56 CST ===
file_path: /home/xmm/ai/add-coder/.qoder/specs/add-coder-hook-full-alignment/checklist.md
has_file_content: false
has_replacements: true
top_keys: cwd, extra, hook_event_name, request_set_id, session_id, tool_input, tool_name, transcript_path
tool_input_keys: file_path, replacements
=== DONE ===
=== 2026年 07月 17日 星期五 17:25:00 CST ===
file_path: /home/xmm/ai/add-coder/.qoder/specs/add-coder-hook-full-alignment/checklist.md
has_file_content: false
has_replacements: true
top_keys: cwd, extra, hook_event_name, request_set_id, session_id, tool_input, tool_name, tool_response, transcript_path
tool_input_keys: file_path, replacements
=== DONE ===
=== 2026年 07月 17日 星期五 17:26:14 CST ===
file_path: EMPTY
has_file_content: false
has_replacements: false
top_keys: cwd, extra, hook_event_name, request_set_id, session_id, tool_input, tool_name, transcript_path
tool_input_keys: command, is_background
=== DONE ===
=== 2026年 07月 17日 星期五 17:26:16 CST ===
file_path: EMPTY
has_file_content: false
has_replacements: false
top_keys: cwd, extra, hook_event_name, request_set_id, session_id, tool_input, tool_name, transcript_path
tool_input_keys: command, is_background
=== DONE ===
=== 2026年 07月 17日 星期五 17:26:19 CST ===
file_path: EMPTY
has_file_content: false
has_replacements: false
top_keys: cwd, extra, hook_event_name, request_set_id, session_id, tool_input, tool_name, transcript_path
tool_input_keys: command, is_background
=== DONE ===
=== 2026年 07月 17日 星期五 17:26:41 CST ===
file_path: /home/xmm/ai/add-coder/.qoder/specs/add-coder-hook-full-alignment/tasks.md
has_file_content: false
has_replacements: true
top_keys: cwd, extra, hook_event_name, request_set_id, session_id, tool_input, tool_name, transcript_path
tool_input_keys: file_path, replacements
=== DONE ===
=== 2026年 07月 17日 星期五 17:26:45 CST ===
file_path: /home/xmm/ai/add-coder/.qoder/specs/add-coder-hook-full-alignment/tasks.md
has_file_content: false
has_replacements: true
top_keys: cwd, extra, hook_event_name, request_set_id, session_id, tool_input, tool_name, tool_response, transcript_path
tool_input_keys: file_path, replacements
=== DONE ===
=== 2026年 07月 17日 星期五 17:27:15 CST ===
file_path: /home/xmm/ai/add-coder/.qoder/specs/add-coder-hook-full-alignment/tasks.md
has_file_content: false
has_replacements: true
top_keys: cwd, extra, hook_event_name, request_set_id, session_id, tool_input, tool_name, transcript_path
tool_input_keys: file_path, replacements
=== DONE ===
=== 2026年 07月 17日 星期五 17:27:19 CST ===
file_path: /home/xmm/ai/add-coder/.qoder/specs/add-coder-hook-full-alignment/tasks.md
has_file_content: false
has_replacements: true
top_keys: cwd, extra, hook_event_name, request_set_id, session_id, tool_input, tool_name, tool_response, transcript_path
tool_input_keys: file_path, replacements
=== DONE ===
=== 2026年 07月 17日 星期五 17:28:38 CST ===
file_path: EMPTY
has_file_content: false
has_replacements: false
top_keys: cwd, extra, hook_event_name, request_set_id, session_id, tool_input, tool_name, transcript_path
tool_input_keys: command, is_background
=== DONE ===
=== 2026年 07月 17日 星期五 17:28:48 CST ===
file_path: EMPTY
has_file_content: false
has_replacements: false
top_keys: cwd, extra, hook_event_name, request_set_id, session_id, tool_input, tool_name, transcript_path
tool_input_keys: command, is_background
=== DONE ===
=== 2026年 07月 17日 星期五 17:29:50 CST ===
file_path: /home/xmm/ai/add-coder/.qoder/plans/2026-07/17/add-coder-hook-full-alignment-handoff-v1.md
has_file_content: true
has_replacements: false
top_keys: cwd, extra, hook_event_name, request_set_id, session_id, tool_input, tool_name, transcript_path
tool_input_keys: file_content, file_path
=== DONE ===
=== 2026年 07月 17日 星期五 17:29:56 CST ===
file_path: EMPTY
has_file_content: false
has_replacements: false
top_keys: cwd, extra, hook_event_name, request_set_id, session_id, tool_input, tool_name, transcript_path
tool_input_keys: command, is_background
=== DONE ===
=== 2026年 07月 17日 星期五 17:31:26 CST ===
file_path: /home/xmm/ai/add-coder/templates/adapters/claude/hooks/pre-tool-use.sh
has_file_content: false
has_replacements: true
top_keys: cwd, extra, hook_event_name, request_set_id, session_id, tool_input, tool_name, transcript_path
tool_input_keys: file_path, replacements
=== DONE ===
=== 2026年 07月 17日 星期五 17:31:29 CST ===
file_path: /home/xmm/ai/add-coder/templates/adapters/claude/hooks/pre-tool-use.sh
has_file_content: false
has_replacements: true
top_keys: cwd, extra, hook_event_name, request_set_id, session_id, tool_input, tool_name, tool_response, transcript_path
tool_input_keys: file_path, replacements
=== DONE ===
=== 2026年 07月 17日 星期五 17:31:37 CST ===
file_path: EMPTY
has_file_content: false
has_replacements: false
top_keys: cwd, extra, hook_event_name, request_set_id, session_id, tool_input, tool_name, transcript_path
tool_input_keys: command, is_background
=== DONE ===
=== 2026年 07月 17日 星期五 17:31:47 CST ===
file_path: EMPTY
has_file_content: false
has_replacements: false
top_keys: cwd, extra, hook_event_name, request_set_id, session_id, tool_input, tool_name, transcript_path
tool_input_keys: command, is_background
=== DONE ===
=== 2026年 07月 17日 星期五 17:32:01 CST ===
=== 2026年 07月 17日 星期五 17:32:01 CST ===
file_path: /home/xmm/ai/add-coder/templates/adapters/vscode/hooks/pre-tool-use.sh
file_path: /home/xmm/ai/add-coder/templates/adapters/qoder/hooks/pre-tool-use.sh
has_file_content: false
has_file_content: false
has_replacements: true
has_replacements: true
top_keys: cwd, extra, hook_event_name, request_set_id, session_id, tool_input, tool_name, transcript_path
top_keys: cwd, extra, hook_event_name, request_set_id, session_id, tool_input, tool_name, transcript_path
tool_input_keys: file_path, replacements
tool_input_keys: file_path, replacements
=== DONE ===
=== DONE ===
=== 2026年 07月 17日 星期五 17:32:04 CST ===
file_path: /home/xmm/ai/add-coder/templates/adapters/qoder/hooks/pre-tool-use.sh
has_file_content: false
has_replacements: true
top_keys: cwd, extra, hook_event_name, request_set_id, session_id, tool_input, tool_name, tool_response, transcript_path
tool_input_keys: file_path, replacements
=== DONE ===
=== 2026年 07月 17日 星期五 17:32:05 CST ===
file_path: /home/xmm/ai/add-coder/templates/adapters/vscode/hooks/pre-tool-use.sh
has_file_content: false
has_replacements: true
top_keys: cwd, extra, hook_event_name, request_set_id, session_id, tool_input, tool_name, tool_response, transcript_path
tool_input_keys: file_path, replacements
=== DONE ===
=== 2026年 07月 17日 星期五 17:32:10 CST ===
file_path: EMPTY
has_file_content: false
has_replacements: false
top_keys: cwd, extra, hook_event_name, request_set_id, session_id, tool_input, tool_name, transcript_path
tool_input_keys: command, is_background
=== DONE ===
=== 2026年 07月 17日 星期五 17:32:22 CST ===
file_path: EMPTY
has_file_content: false
has_replacements: false
top_keys: cwd, extra, hook_event_name, request_set_id, session_id, tool_input, tool_name, transcript_path
tool_input_keys: command, is_background
=== DONE ===
=== 2026年 07月 17日 星期五 17:33:15 CST ===
file_path: /home/xmm/ai/add-coder/.qoder/plans/2026-07/17/add-coder-hook-full-alignment-handoff-v1.md
has_file_content: true
has_replacements: false
top_keys: cwd, extra, hook_event_name, request_set_id, session_id, tool_input, tool_name, transcript_path
tool_input_keys: file_content, file_path
=== DONE ===
=== 2026年 07月 17日 星期五 17:33:30 CST ===
file_path: /home/xmm/ai/add-coder/.qoder/hooks/doc-format-guard.sh
has_file_content: false
has_replacements: true
top_keys: cwd, extra, hook_event_name, request_set_id, session_id, tool_input, tool_name, transcript_path
tool_input_keys: file_path, replacements
=== DONE ===
=== 2026年 07月 17日 星期五 17:33:34 CST ===
file_path: /home/xmm/ai/add-coder/.qoder/hooks/doc-format-guard.sh
has_file_content: false
has_replacements: true
top_keys: cwd, extra, hook_event_name, request_set_id, session_id, tool_input, tool_name, tool_response, transcript_path
tool_input_keys: file_path, replacements
=== DONE ===
=== 2026年 07月 17日 星期五 17:33:39 CST ===
file_path: EMPTY
has_file_content: false
has_replacements: false
top_keys: cwd, extra, hook_event_name, request_set_id, session_id, tool_input, tool_name, transcript_path
tool_input_keys: command, is_background
=== DONE ===
=== 2026年 07月 17日 星期五 17:34:06 CST ===
file_path: /home/xmm/ai/add-coder/.qoder/plans/2026-07/17/add-coder-hook-full-alignment-handoff-v1.md
has_file_content: true
has_replacements: false
top_keys: cwd, extra, hook_event_name, request_set_id, session_id, tool_input, tool_name, transcript_path
tool_input_keys: file_content, file_path
=== DONE ===
=== 2026年 07月 17日 星期五 17:35:02 CST ===
file_path: /home/xmm/ai/add-coder/.qoder/plans/2026-07/17/add-coder-hook-full-alignment-handoff-v1.md
has_file_content: true
has_replacements: false
top_keys: cwd, extra, hook_event_name, request_set_id, session_id, tool_input, tool_name, transcript_path
tool_input_keys: file_content, file_path
=== DONE ===
=== 2026年 07月 17日 星期五 17:35:29 CST ===
file_path: /home/xmm/ai/add-coder/.qoder/plans/2026-07/17/add-coder-hook-full-alignment-handoff-v1.md
has_file_content: false
has_replacements: true
top_keys: cwd, extra, hook_event_name, request_set_id, session_id, tool_input, tool_name, transcript_path
tool_input_keys: file_path, replacements
=== DONE ===
=== 2026年 07月 17日 星期五 17:36:51 CST ===
file_path: /home/xmm/ai/add-coder/templates/adapters/claude/hooks/pre-tool-use.sh
has_file_content: false
has_replacements: true
top_keys: cwd, extra, hook_event_name, request_set_id, session_id, tool_input, tool_name, transcript_path
tool_input_keys: file_path, replacements
=== DONE ===
=== 2026年 07月 17日 星期五 17:36:54 CST ===
file_path: /home/xmm/ai/add-coder/templates/adapters/claude/hooks/pre-tool-use.sh
has_file_content: false
has_replacements: true
top_keys: cwd, extra, hook_event_name, request_set_id, session_id, tool_input, tool_name, tool_response, transcript_path
tool_input_keys: file_path, replacements
=== DONE ===
=== 2026年 07月 17日 星期五 17:37:12 CST ===
file_path: /home/xmm/ai/add-coder/templates/adapters/qoder/hooks/pre-tool-use.sh
has_file_content: false
has_replacements: true
top_keys: cwd, extra, hook_event_name, request_set_id, session_id, tool_input, tool_name, transcript_path
tool_input_keys: file_path, replacements
=== DONE ===
=== 2026年 07月 17日 星期五 17:37:17 CST ===
file_path: /home/xmm/ai/add-coder/templates/adapters/qoder/hooks/pre-tool-use.sh
has_file_content: false
has_replacements: true
top_keys: cwd, extra, hook_event_name, request_set_id, session_id, tool_input, tool_name, tool_response, transcript_path
tool_input_keys: file_path, replacements
=== DONE ===
=== 2026年 07月 17日 星期五 17:37:31 CST ===
file_path: /home/xmm/ai/add-coder/templates/adapters/vscode/hooks/pre-tool-use.sh
has_file_content: false
has_replacements: true
top_keys: cwd, extra, hook_event_name, request_set_id, session_id, tool_input, tool_name, transcript_path
tool_input_keys: file_path, replacements
=== DONE ===
=== 2026年 07月 17日 星期五 17:37:35 CST ===
file_path: /home/xmm/ai/add-coder/templates/adapters/vscode/hooks/pre-tool-use.sh
has_file_content: false
has_replacements: true
top_keys: cwd, extra, hook_event_name, request_set_id, session_id, tool_input, tool_name, tool_response, transcript_path
tool_input_keys: file_path, replacements
=== DONE ===
=== 2026年 07月 17日 星期五 17:37:40 CST ===
file_path: EMPTY
has_file_content: false
has_replacements: false
top_keys: cwd, extra, hook_event_name, request_set_id, session_id, tool_input, tool_name, transcript_path
tool_input_keys: command, is_background
=== DONE ===
=== 2026年 07月 17日 星期五 17:38:25 CST ===
file_path: /home/xmm/ai/add-coder/.qoder/plans/2026-07/17/add-coder-hook-full-alignment-handoff-v1.md
has_file_content: true
has_replacements: false
top_keys: cwd, extra, hook_event_name, request_set_id, session_id, tool_input, tool_name, transcript_path
tool_input_keys: file_content, file_path
=== DONE ===
=== 2026年 07月 17日 星期五 17:41:38 CST ===
file_path: EMPTY
has_file_content: false
has_replacements: false
top_keys: cwd, extra, hook_event_name, request_set_id, session_id, tool_input, tool_name, transcript_path
tool_input_keys: command, is_background
=== DONE ===
=== 2026年 07月 17日 星期五 17:42:29 CST ===
file_path: /home/xmm/ai/add-coder/.qoder/plans/2026-07/17/add-coder-hook-full-alignment-handoff-v1.md
has_file_content: true
has_replacements: false
top_keys: cwd, extra, hook_event_name, request_set_id, session_id, tool_input, tool_name, transcript_path
tool_input_keys: file_content, file_path
=== DONE ===
=== 2026年 07月 17日 星期五 17:42:33 CST ===
file_path: /home/xmm/ai/add-coder/.qoder/plans/2026-07/17/add-coder-hook-full-alignment-handoff-v1.md
has_file_content: true
has_replacements: false
top_keys: cwd, extra, hook_event_name, request_set_id, session_id, tool_input, tool_name, tool_response, transcript_path
tool_input_keys: file_content, file_path
=== DONE ===
=== 2026年 07月 17日 星期五 17:44:34 CST ===
file_path: /home/xmm/ai/add-coder/.qoder/plans/2026-07/17/add-coder-hook-full-alignment-handoff-v1.md
has_file_content: false
has_replacements: true
top_keys: cwd, extra, hook_event_name, request_set_id, session_id, tool_input, tool_name, transcript_path
tool_input_keys: file_path, replacements
=== DONE ===
=== 2026年 07月 17日 星期五 17:44:43 CST ===
file_path: /home/xmm/ai/add-coder/.qoder/plans/2026-07/17/add-coder-hook-full-alignment-handoff-v1.md
has_file_content: false
has_replacements: true
top_keys: cwd, extra, hook_event_name, request_set_id, session_id, tool_input, tool_name, transcript_path
tool_input_keys: file_path, replacements
=== DONE ===
=== 2026年 07月 17日 星期五 17:46:13 CST ===
file_path: /home/xmm/ai/add-coder/.qoder/plans/2026-07/17/add-coder-hook-full-alignment-handoff-v1.md
has_file_content: false
has_replacements: true
top_keys: cwd, extra, hook_event_name, request_set_id, session_id, tool_input, tool_name, transcript_path
tool_input_keys: file_path, replacements
=== DONE ===
=== 2026年 07月 17日 星期五 17:47:00 CST ===
file_path: /home/xmm/ai/add-coder/.qoder/plans/2026-07/17/add-coder-hook-full-alignment-handoff-v1.md
has_file_content: true
has_replacements: false
top_keys: cwd, extra, hook_event_name, request_set_id, session_id, tool_input, tool_name, transcript_path
tool_input_keys: file_content, file_path
=== DONE ===
=== 2026年 07月 17日 星期五 17:48:04 CST ===
file_path: EMPTY
has_file_content: false
has_replacements: false
top_keys: cwd, extra, hook_event_name, request_set_id, session_id, tool_input, tool_name, transcript_path
tool_input_keys: command, is_background
=== DONE ===
=== 2026年 07月 17日 星期五 17:48:05 CST ===
file_path: EMPTY
has_file_content: false
has_replacements: false
top_keys: cwd, extra, hook_event_name, request_set_id, session_id, tool_input, tool_name, transcript_path
tool_input_keys: command, is_background
=== DONE ===
=== 2026年 07月 17日 星期五 17:48:33 CST ===
file_path: EMPTY
has_file_content: false
has_replacements: false
top_keys: cwd, extra, hook_event_name, request_set_id, session_id, tool_input, tool_name, transcript_path
tool_input_keys: command, is_background
=== DONE ===
=== 2026年 07月 17日 星期五 17:48:33 CST ===
file_path: EMPTY
has_file_content: false
has_replacements: false
top_keys: cwd, extra, hook_event_name, request_set_id, session_id, tool_input, tool_name, transcript_path
tool_input_keys: command, is_background
=== DONE ===
=== 2026年 07月 17日 星期五 17:48:40 CST ===
file_path: EMPTY
has_file_content: false
has_replacements: false
top_keys: cwd, extra, hook_event_name, request_set_id, session_id, tool_input, tool_name, transcript_path
tool_input_keys: command, is_background
=== DONE ===
=== 2026年 07月 17日 星期五 17:50:10 CST ===
file_path: EMPTY
has_file_content: false
has_replacements: false
top_keys: cwd, extra, hook_event_name, request_set_id, session_id, tool_input, tool_name, transcript_path
tool_input_keys: command, is_background
=== DONE ===
=== 2026年 07月 17日 星期五 17:50:24 CST ===
file_path: EMPTY
has_file_content: false
has_replacements: false
top_keys: cwd, extra, hook_event_name, request_set_id, session_id, tool_input, tool_name, transcript_path
tool_input_keys: command, is_background
=== DONE ===
=== 2026年 07月 17日 星期五 17:51:17 CST ===
file_path: EMPTY
has_file_content: false
has_replacements: false
top_keys: cwd, extra, hook_event_name, request_set_id, session_id, tool_input, tool_name, transcript_path
tool_input_keys: command, is_background
=== DONE ===
=== 2026年 07月 17日 星期五 17:51:26 CST ===
file_path: EMPTY
has_file_content: false
has_replacements: false
top_keys: cwd, extra, hook_event_name, request_set_id, session_id, tool_input, tool_name, transcript_path
tool_input_keys: command, is_background
=== DONE ===
=== 2026年 07月 17日 星期五 17:51:37 CST ===
file_path: EMPTY
has_file_content: false
has_replacements: false
top_keys: cwd, extra, hook_event_name, request_set_id, session_id, tool_input, tool_name, transcript_path
tool_input_keys: command, is_background
=== DONE ===
=== 2026年 07月 17日 星期五 17:53:52 CST ===
file_path: EMPTY
has_file_content: false
has_replacements: false
top_keys: cwd, extra, hook_event_name, request_set_id, session_id, tool_input, tool_name, transcript_path
tool_input_keys: command, is_background
=== DONE ===
=== 2026年 07月 17日 星期五 17:54:06 CST ===
file_path: EMPTY
has_file_content: false
has_replacements: false
top_keys: cwd, extra, hook_event_name, request_set_id, session_id, tool_input, tool_name, transcript_path
tool_input_keys: command, is_background
=== DONE ===
=== 2026年 07月 17日 星期五 17:54:12 CST ===
file_path: EMPTY
has_file_content: false
has_replacements: false
top_keys: cwd, extra, hook_event_name, request_set_id, session_id, tool_input, tool_name, transcript_path
tool_input_keys: command, is_background
=== DONE ===
=== 2026年 07月 17日 星期五 17:56:12 CST ===
file_path: EMPTY
has_file_content: false
has_replacements: false
top_keys: cwd, extra, hook_event_name, request_set_id, session_id, tool_input, tool_name, transcript_path
tool_input_keys: command, is_background
=== DONE ===
=== 2026年 07月 17日 星期五 17:56:22 CST ===
file_path: EMPTY
has_file_content: false
has_replacements: false
top_keys: cwd, extra, hook_event_name, request_set_id, session_id, tool_input, tool_name, transcript_path
tool_input_keys: command, is_background
=== DONE ===
=== 2026年 07月 17日 星期五 17:56:40 CST ===
file_path: EMPTY
has_file_content: false
has_replacements: false
top_keys: cwd, extra, hook_event_name, request_set_id, session_id, tool_input, tool_name, transcript_path
tool_input_keys: command, is_background
=== DONE ===
=== 2026年 07月 17日 星期五 17:58:33 CST ===
file_path: EMPTY
has_file_content: false
has_replacements: false
top_keys: cwd, extra, hook_event_name, request_set_id, session_id, tool_input, tool_name, transcript_path
tool_input_keys: command, is_background
=== DONE ===
=== 2026年 07月 17日 星期五 17:58:45 CST ===
file_path: EMPTY
has_file_content: false
has_replacements: false
top_keys: cwd, extra, hook_event_name, request_set_id, session_id, tool_input, tool_name, transcript_path
tool_input_keys: command, is_background
=== DONE ===
=== 2026年 07月 17日 星期五 17:59:41 CST ===
file_path: EMPTY
has_file_content: false
has_replacements: false
top_keys: cwd, extra, hook_event_name, request_set_id, session_id, tool_input, tool_name, transcript_path
tool_input_keys: command, is_background
=== DONE ===
=== 2026年 07月 17日 星期五 18:00:07 CST ===
file_path: /home/xmm/ai/add-coder/templates/adapters/claude/hooks/prompt-submit.sh
has_file_content: true
has_replacements: false
top_keys: cwd, extra, hook_event_name, request_set_id, session_id, tool_input, tool_name, transcript_path
tool_input_keys: file_content, file_path
=== DONE ===
=== 2026年 07月 17日 星期五 18:00:11 CST ===
file_path: /home/xmm/ai/add-coder/templates/adapters/claude/hooks/prompt-submit.sh
has_file_content: true
has_replacements: false
top_keys: cwd, extra, hook_event_name, request_set_id, session_id, tool_input, tool_name, tool_response, transcript_path
tool_input_keys: file_content, file_path
=== DONE ===
=== 2026年 07月 17日 星期五 18:00:30 CST ===
file_path: /home/xmm/ai/add-coder/templates/adapters/vscode/hooks/prompt-submit.sh
has_file_content: true
has_replacements: false
top_keys: cwd, extra, hook_event_name, request_set_id, session_id, tool_input, tool_name, transcript_path
tool_input_keys: file_content, file_path
=== DONE ===
=== 2026年 07月 17日 星期五 18:00:34 CST ===
file_path: /home/xmm/ai/add-coder/templates/adapters/vscode/hooks/prompt-submit.sh
has_file_content: true
has_replacements: false
top_keys: cwd, extra, hook_event_name, request_set_id, session_id, tool_input, tool_name, tool_response, transcript_path
tool_input_keys: file_content, file_path
=== DONE ===
=== 2026年 07月 17日 星期五 18:00:39 CST ===
file_path: EMPTY
has_file_content: false
has_replacements: false
top_keys: cwd, extra, hook_event_name, request_set_id, session_id, tool_input, tool_name, transcript_path
tool_input_keys: command, is_background
=== DONE ===
=== 2026年 07月 17日 星期五 18:00:49 CST ===
file_path: EMPTY
has_file_content: false
has_replacements: false
top_keys: cwd, extra, hook_event_name, request_set_id, session_id, tool_input, tool_name, transcript_path
tool_input_keys: command, is_background
=== DONE ===
=== 2026年 07月 17日 星期五 18:01:10 CST ===
file_path: EMPTY
has_file_content: false
has_replacements: false
top_keys: cwd, extra, hook_event_name, request_set_id, session_id, tool_input, tool_name, transcript_path
tool_input_keys: command, is_background
=== DONE ===
=== 2026年 07月 17日 星期五 18:01:22 CST ===
=== 2026年 07月 17日 星期五 18:01:22 CST ===
file_path: /home/xmm/ai/add-coder/templates/adapters/vscode/hooks/notification.sh
file_path: /home/xmm/ai/add-coder/templates/adapters/claude/hooks/notification.sh
has_file_content: true
has_file_content: true
has_replacements: false
has_replacements: false
top_keys: cwd, extra, hook_event_name, request_set_id, session_id, tool_input, tool_name, transcript_path
top_keys: cwd, extra, hook_event_name, request_set_id, session_id, tool_input, tool_name, transcript_path
tool_input_keys: file_content, file_path
tool_input_keys: file_content, file_path
=== DONE ===
=== DONE ===
=== 2026年 07月 17日 星期五 18:01:24 CST ===
file_path: /home/xmm/ai/add-coder/templates/adapters/vscode/hooks/notification.sh
has_file_content: true
has_replacements: false
top_keys: cwd, extra, hook_event_name, request_set_id, session_id, tool_input, tool_name, tool_response, transcript_path
tool_input_keys: file_content, file_path
=== DONE ===
=== 2026年 07月 17日 星期五 18:01:26 CST ===
file_path: /home/xmm/ai/add-coder/templates/adapters/claude/hooks/notification.sh
has_file_content: true
has_replacements: false
top_keys: cwd, extra, hook_event_name, request_set_id, session_id, tool_input, tool_name, tool_response, transcript_path
tool_input_keys: file_content, file_path
=== DONE ===
=== 2026年 07月 17日 星期五 18:01:32 CST ===
file_path: EMPTY
has_file_content: false
has_replacements: false
top_keys: cwd, extra, hook_event_name, request_set_id, session_id, tool_input, tool_name, transcript_path
tool_input_keys: command, is_background
=== DONE ===
=== 2026年 07月 17日 星期五 18:03:33 CST ===
file_path: EMPTY
has_file_content: false
has_replacements: false
top_keys: cwd, extra, hook_event_name, request_set_id, session_id, tool_input, tool_name, transcript_path
tool_input_keys: command, is_background
=== DONE ===
=== 2026年 07月 17日 星期五 18:03:46 CST ===
=== 2026年 07月 17日 星期五 18:03:46 CST ===
file_path: /home/xmm/ai/add-coder/templates/adapters/claude/hooks/subagent-guard.sh
file_path: /home/xmm/ai/add-coder/templates/adapters/qoder/hooks/subagent-guard.sh
has_file_content: true
has_file_content: true
has_replacements: false
has_replacements: false
top_keys: cwd, extra, hook_event_name, request_set_id, session_id, tool_input, tool_name, transcript_path
top_keys: cwd, extra, hook_event_name, request_set_id, session_id, tool_input, tool_name, transcript_path
tool_input_keys: file_content, file_path
tool_input_keys: file_content, file_path
=== DONE ===
=== DONE ===
=== 2026年 07月 17日 星期五 18:03:50 CST ===
file_path: /home/xmm/ai/add-coder/templates/adapters/qoder/hooks/subagent-guard.sh
has_file_content: true
=== 2026年 07月 17日 星期五 18:03:50 CST ===
has_replacements: false
file_path: /home/xmm/ai/add-coder/templates/adapters/claude/hooks/subagent-guard.sh
top_keys: cwd, extra, hook_event_name, request_set_id, session_id, tool_input, tool_name, tool_response, transcript_path
has_file_content: true
tool_input_keys: file_content, file_path
=== DONE ===
has_replacements: false
top_keys: cwd, extra, hook_event_name, request_set_id, session_id, tool_input, tool_name, tool_response, transcript_path
tool_input_keys: file_content, file_path
=== DONE ===
=== 2026年 07月 17日 星期五 18:03:56 CST ===
file_path: EMPTY
has_file_content: false
has_replacements: false
top_keys: cwd, extra, hook_event_name, request_set_id, session_id, tool_input, tool_name, transcript_path
tool_input_keys: command, is_background
=== DONE ===
=== 2026年 07月 17日 星期五 18:05:01 CST ===
file_path: /home/xmm/ai/add-coder/templates/adapters/qoder/hooks/subagent-guard.sh
has_file_content: false
has_replacements: true
top_keys: cwd, extra, hook_event_name, request_set_id, session_id, tool_input, tool_name, transcript_path
tool_input_keys: file_path, replacements
=== DONE ===
=== 2026年 07月 17日 星期五 18:05:04 CST ===
file_path: /home/xmm/ai/add-coder/templates/adapters/qoder/hooks/subagent-guard.sh
has_file_content: false
has_replacements: true
top_keys: cwd, extra, hook_event_name, request_set_id, session_id, tool_input, tool_name, tool_response, transcript_path
tool_input_keys: file_path, replacements
=== DONE ===
=== 2026年 07月 17日 星期五 18:05:09 CST ===
file_path: EMPTY
has_file_content: false
has_replacements: false
top_keys: cwd, extra, hook_event_name, request_set_id, session_id, tool_input, tool_name, transcript_path
tool_input_keys: command, is_background
=== DONE ===
=== 2026年 07月 17日 星期五 18:06:38 CST ===
file_path: EMPTY
has_file_content: false
has_replacements: false
top_keys: cwd, extra, hook_event_name, request_set_id, session_id, tool_input, tool_name, transcript_path
tool_input_keys: command, is_background
=== DONE ===
=== 2026年 07月 17日 星期五 18:07:32 CST ===
file_path: /home/xmm/ai/add-coder/templates/adapters/qoder/hooks/stop-check.sh
has_file_content: false
has_replacements: true
top_keys: cwd, extra, hook_event_name, request_set_id, session_id, tool_input, tool_name, transcript_path
tool_input_keys: file_path, replacements
=== DONE ===
=== 2026年 07月 17日 星期五 18:07:36 CST ===
file_path: /home/xmm/ai/add-coder/templates/adapters/qoder/hooks/stop-check.sh
has_file_content: false
has_replacements: true
top_keys: cwd, extra, hook_event_name, request_set_id, session_id, tool_input, tool_name, tool_response, transcript_path
tool_input_keys: file_path, replacements
=== DONE ===
=== 2026年 07月 17日 星期五 18:07:40 CST ===
file_path: EMPTY
has_file_content: false
has_replacements: false
top_keys: cwd, extra, hook_event_name, request_set_id, session_id, tool_input, tool_name, transcript_path
tool_input_keys: command, is_background
=== DONE ===
=== 2026年 07月 17日 星期五 18:08:21 CST ===
file_path: /home/xmm/ai/add-coder/templates/adapters/qoder/hooks/session-end.sh
has_file_content: false
has_replacements: true
top_keys: cwd, extra, hook_event_name, request_set_id, session_id, tool_input, tool_name, transcript_path
tool_input_keys: file_path, replacements
=== DONE ===
=== 2026年 07月 17日 星期五 18:08:25 CST ===
file_path: /home/xmm/ai/add-coder/templates/adapters/qoder/hooks/session-end.sh
has_file_content: false
has_replacements: true
top_keys: cwd, extra, hook_event_name, request_set_id, session_id, tool_input, tool_name, tool_response, transcript_path
tool_input_keys: file_path, replacements
=== DONE ===
=== 2026年 07月 17日 星期五 18:08:30 CST ===
file_path: EMPTY
has_file_content: false
has_replacements: false
top_keys: cwd, extra, hook_event_name, request_set_id, session_id, tool_input, tool_name, transcript_path
tool_input_keys: command, is_background
=== DONE ===
=== 2026年 07月 17日 星期五 18:09:35 CST ===
file_path: /home/xmm/ai/add-coder/templates/adapters/qoder/hooks/subagent-stop.sh
has_file_content: false
has_replacements: true
top_keys: cwd, extra, hook_event_name, request_set_id, session_id, tool_input, tool_name, transcript_path
tool_input_keys: file_path, replacements
=== DONE ===
=== 2026年 07月 17日 星期五 18:09:39 CST ===
file_path: /home/xmm/ai/add-coder/templates/adapters/qoder/hooks/subagent-stop.sh
has_file_content: false
has_replacements: true
top_keys: cwd, extra, hook_event_name, request_set_id, session_id, tool_input, tool_name, tool_response, transcript_path
tool_input_keys: file_path, replacements
=== DONE ===
=== 2026年 07月 17日 星期五 18:09:44 CST ===
file_path: EMPTY
has_file_content: false
has_replacements: false
top_keys: cwd, extra, hook_event_name, request_set_id, session_id, tool_input, tool_name, transcript_path
tool_input_keys: command, is_background
=== DONE ===
=== 2026年 07月 17日 星期五 18:10:04 CST ===
file_path: EMPTY
has_file_content: false
has_replacements: false
top_keys: cwd, extra, hook_event_name, request_set_id, session_id, tool_input, tool_name, transcript_path
tool_input_keys: command, is_background
=== DONE ===
=== 2026年 07月 17日 星期五 18:11:48 CST ===
=== 2026年 07月 17日 星期五 18:11:48 CST ===
file_path: /home/xmm/ai/add-coder/templates/adapters/qoder/hooks/subagent-stop.sh
file_path: /home/xmm/ai/add-coder/templates/adapters/qoder/hooks/session-end.sh
has_file_content: true
has_file_content: true
has_replacements: false
has_replacements: false
top_keys: cwd, extra, hook_event_name, request_set_id, session_id, tool_input, tool_name, transcript_path
top_keys: cwd, extra, hook_event_name, request_set_id, session_id, tool_input, tool_name, transcript_path
tool_input_keys: file_content, file_path
=== DONE ===
tool_input_keys: file_content, file_path
=== DONE ===
=== 2026年 07月 17日 星期五 18:11:52 CST ===
=== 2026年 07月 17日 星期五 18:11:52 CST ===
file_path: /home/xmm/ai/add-coder/templates/adapters/qoder/hooks/session-end.sh
file_path: /home/xmm/ai/add-coder/templates/adapters/qoder/hooks/subagent-stop.sh
has_file_content: true
has_file_content: true
has_replacements: false
has_replacements: false
top_keys: cwd, extra, hook_event_name, request_set_id, session_id, tool_input, tool_name, tool_response, transcript_path
top_keys: cwd, extra, hook_event_name, request_set_id, session_id, tool_input, tool_name, tool_response, transcript_path
tool_input_keys: file_content, file_path
tool_input_keys: file_content, file_path
=== DONE ===
=== DONE ===
=== 2026年 07月 17日 星期五 18:11:57 CST ===
file_path: EMPTY
has_file_content: false
has_replacements: false
top_keys: cwd, extra, hook_event_name, request_set_id, session_id, tool_input, tool_name, transcript_path
tool_input_keys: command, is_background
=== DONE ===
=== 2026年 07月 17日 星期五 18:13:41 CST ===
file_path: EMPTY
has_file_content: false
has_replacements: false
top_keys: cwd, extra, hook_event_name, request_set_id, session_id, tool_input, tool_name, transcript_path
tool_input_keys: command, is_background
=== DONE ===
=== 2026年 07月 17日 星期五 18:13:49 CST ===
file_path: EMPTY
has_file_content: false
has_replacements: false
top_keys: cwd, extra, hook_event_name, request_set_id, session_id, tool_input, tool_name, transcript_path
tool_input_keys: command, is_background
=== DONE ===
=== 2026年 07月 17日 星期五 18:16:06 CST ===
file_path: EMPTY
has_file_content: false
has_replacements: false
top_keys: cwd, extra, hook_event_name, request_set_id, session_id, tool_input, tool_name, transcript_path
tool_input_keys: command, is_background
=== DONE ===
=== 2026年 07月 17日 星期五 18:16:23 CST ===
=== 2026年 07月 17日 星期五 18:16:23 CST ===
file_path: /home/xmm/ai/add-coder/templates/core/hooks/subagent-stop.sh
file_path: /home/xmm/ai/add-coder/templates/core/hooks/session-end.sh
has_file_content: true
has_file_content: true
has_replacements: false
has_replacements: false
top_keys: cwd, extra, hook_event_name, request_set_id, session_id, tool_input, tool_name, transcript_path
top_keys: cwd, extra, hook_event_name, request_set_id, session_id, tool_input, tool_name, transcript_path
tool_input_keys: file_content, file_path
tool_input_keys: file_content, file_path
=== DONE ===
=== DONE ===
=== 2026年 07月 17日 星期五 18:16:25 CST ===
file_path: /home/xmm/ai/add-coder/templates/core/hooks/subagent-stop.sh
has_file_content: true
has_replacements: false
top_keys: cwd, extra, hook_event_name, request_set_id, session_id, tool_input, tool_name, tool_response, transcript_path
tool_input_keys: file_content, file_path
=== DONE ===
=== 2026年 07月 17日 星期五 18:16:26 CST ===
file_path: /home/xmm/ai/add-coder/templates/core/hooks/session-end.sh
has_file_content: true
has_replacements: false
top_keys: cwd, extra, hook_event_name, request_set_id, session_id, tool_input, tool_name, tool_response, transcript_path
tool_input_keys: file_content, file_path
=== DONE ===
=== 2026年 07月 17日 星期五 18:17:16 CST ===
=== 2026年 07月 17日 星期五 18:17:16 CST ===
file_path: /home/xmm/ai/add-coder/templates/core/hooks/subagent-stop.sh
file_path: /home/xmm/ai/add-coder/templates/core/hooks/session-end.sh
has_file_content: true
has_file_content: true
has_replacements: false
has_replacements: false
top_keys: cwd, extra, hook_event_name, request_set_id, session_id, tool_input, tool_name, transcript_path
top_keys: cwd, extra, hook_event_name, request_set_id, session_id, tool_input, tool_name, transcript_path
tool_input_keys: file_content, file_path
=== DONE ===
tool_input_keys: file_content, file_path
=== DONE ===
=== 2026年 07月 17日 星期五 18:17:19 CST ===
file_path: /home/xmm/ai/add-coder/templates/core/hooks/session-end.sh
has_file_content: true
has_replacements: false
top_keys: cwd, extra, hook_event_name, request_set_id, session_id, tool_input, tool_name, tool_response, transcript_path
tool_input_keys: file_content, file_path
=== DONE ===
=== 2026年 07月 17日 星期五 18:17:20 CST ===
file_path: /home/xmm/ai/add-coder/templates/core/hooks/subagent-stop.sh
has_file_content: true
has_replacements: false
top_keys: cwd, extra, hook_event_name, request_set_id, session_id, tool_input, tool_name, tool_response, transcript_path
tool_input_keys: file_content, file_path
=== DONE ===
=== 2026年 07月 17日 星期五 18:17:26 CST ===
file_path: EMPTY
has_file_content: false
has_replacements: false
top_keys: cwd, extra, hook_event_name, request_set_id, session_id, tool_input, tool_name, transcript_path
tool_input_keys: command, is_background
=== DONE ===
=== 2026年 07月 17日 星期五 18:18:03 CST ===
file_path: EMPTY
has_file_content: false
has_replacements: false
top_keys: cwd, extra, hook_event_name, request_set_id, session_id, tool_input, tool_name, transcript_path
tool_input_keys: command, is_background
=== DONE ===
=== 2026年 07月 17日 星期五 18:19:18 CST ===
file_path: /home/xmm/ai/add-coder/src/cli/commands/init.ts
has_file_content: false
has_replacements: true
top_keys: cwd, extra, hook_event_name, request_set_id, session_id, tool_input, tool_name, transcript_path
tool_input_keys: file_path, replacements
=== DONE ===
=== 2026年 07月 17日 星期五 18:19:22 CST ===
file_path: /home/xmm/ai/add-coder/src/cli/commands/init.ts
has_file_content: false
has_replacements: true
top_keys: cwd, extra, hook_event_name, request_set_id, session_id, tool_input, tool_name, tool_response, transcript_path
tool_input_keys: file_path, replacements
=== DONE ===
=== 2026年 07月 17日 星期五 18:19:29 CST ===
file_path: EMPTY
has_file_content: false
has_replacements: false
top_keys: cwd, extra, hook_event_name, request_set_id, session_id, tool_input, tool_name, transcript_path
tool_input_keys: command, is_background
=== DONE ===
=== 2026年 07月 17日 星期五 18:19:35 CST ===
file_path: EMPTY
has_file_content: false
has_replacements: false
top_keys: cwd, extra, hook_event_name, request_set_id, session_id, tool_input, tool_name, transcript_path
tool_input_keys: command, is_background
=== DONE ===
=== 2026年 07月 17日 星期五 18:19:41 CST ===
file_path: /home/xmm/ai/add-coder/src/config/schema.ts
has_file_content: false
has_replacements: true
top_keys: cwd, extra, hook_event_name, request_set_id, session_id, tool_input, tool_name, transcript_path
tool_input_keys: file_path, replacements
=== DONE ===
=== 2026年 07月 17日 星期五 18:19:45 CST ===
file_path: /home/xmm/ai/add-coder/src/config/schema.ts
has_file_content: false
has_replacements: true
top_keys: cwd, extra, hook_event_name, request_set_id, session_id, tool_input, tool_name, tool_response, transcript_path
tool_input_keys: file_path, replacements
=== DONE ===
=== 2026年 07月 17日 星期五 18:19:49 CST ===
file_path: EMPTY
has_file_content: false
has_replacements: false
top_keys: cwd, extra, hook_event_name, request_set_id, session_id, tool_input, tool_name, transcript_path
tool_input_keys: command, is_background
=== DONE ===
=== 2026年 07月 17日 星期五 18:20:09 CST ===
file_path: /home/xmm/ai/add-coder/ADD-governance-trae.md
has_file_content: false
has_replacements: true
top_keys: cwd, extra, hook_event_name, request_set_id, session_id, tool_input, tool_name, transcript_path
tool_input_keys: file_path, replacements
=== DONE ===
=== 2026年 07月 17日 星期五 18:20:11 CST ===
file_path: /home/xmm/ai/add-coder/ADD-governance-trae.md
has_file_content: false
has_replacements: true
top_keys: cwd, extra, hook_event_name, request_set_id, session_id, tool_input, tool_name, tool_response, transcript_path
tool_input_keys: file_path, replacements
=== DONE ===
=== 2026年 07月 17日 星期五 18:20:18 CST ===
file_path: /home/xmm/ai/add-coder/ADD-governance-trae.md
has_file_content: false
has_replacements: true
top_keys: cwd, extra, hook_event_name, request_set_id, session_id, tool_input, tool_name, transcript_path
tool_input_keys: file_path, replacements
=== DONE ===
=== 2026年 07月 17日 星期五 18:20:20 CST ===
file_path: /home/xmm/ai/add-coder/ADD-governance-trae.md
has_file_content: false
has_replacements: true
top_keys: cwd, extra, hook_event_name, request_set_id, session_id, tool_input, tool_name, tool_response, transcript_path
tool_input_keys: file_path, replacements
=== DONE ===
=== 2026年 07月 17日 星期五 18:20:31 CST ===
file_path: EMPTY
has_file_content: false
has_replacements: false
top_keys: cwd, extra, hook_event_name, request_set_id, session_id, tool_input, tool_name, transcript_path
tool_input_keys: command, is_background
=== DONE ===
=== 2026年 07月 17日 星期五 18:21:38 CST ===
file_path: EMPTY
has_file_content: false
has_replacements: false
top_keys: cwd, extra, hook_event_name, request_set_id, session_id, tool_input, tool_name, transcript_path
tool_input_keys: command, is_background
=== DONE ===
=== 2026年 07月 17日 星期五 18:21:44 CST ===
file_path: EMPTY
has_file_content: false
has_replacements: false
top_keys: cwd, extra, hook_event_name, request_set_id, session_id, tool_input, tool_name, transcript_path
tool_input_keys: command, is_background
=== DONE ===
=== 2026年 07月 17日 星期五 18:22:01 CST ===
file_path: EMPTY
has_file_content: false
has_replacements: false
top_keys: cwd, extra, hook_event_name, request_set_id, session_id, tool_input, tool_name, transcript_path
tool_input_keys: command, is_background
=== DONE ===
=== 2026年 07月 17日 星期五 18:23:59 CST ===
file_path: EMPTY
has_file_content: false
has_replacements: false
top_keys: cwd, extra, hook_event_name, request_set_id, session_id, tool_input, tool_name, transcript_path
tool_input_keys: command, is_background
=== DONE ===
=== 2026年 07月 17日 星期五 18:24:13 CST ===
file_path: EMPTY
has_file_content: false
has_replacements: false
top_keys: cwd, extra, hook_event_name, request_set_id, session_id, tool_input, tool_name, transcript_path
tool_input_keys: command, is_background
=== DONE ===
=== 2026年 07月 17日 星期五 18:24:25 CST ===
file_path: EMPTY
has_file_content: false
has_replacements: false
top_keys: cwd, extra, hook_event_name, request_set_id, session_id, tool_input, tool_name, transcript_path
tool_input_keys: command, is_background
=== DONE ===
=== 2026年 07月 17日 星期五 18:24:31 CST ===
file_path: EMPTY
has_file_content: false
has_replacements: false
top_keys: cwd, extra, hook_event_name, request_set_id, session_id, tool_input, tool_name, transcript_path
tool_input_keys: command, is_background
=== DONE ===
=== 2026年 07月 17日 星期五 18:25:57 CST ===
file_path: /home/xmm/ai/add-coder/src/config/schema.ts
has_file_content: false
has_replacements: true
top_keys: cwd, extra, hook_event_name, request_set_id, session_id, tool_input, tool_name, transcript_path
tool_input_keys: file_path, replacements
=== DONE ===
=== 2026年 07月 17日 星期五 18:26:00 CST ===
file_path: /home/xmm/ai/add-coder/src/config/schema.ts
has_file_content: false
has_replacements: true
top_keys: cwd, extra, hook_event_name, request_set_id, session_id, tool_input, tool_name, tool_response, transcript_path
tool_input_keys: file_path, replacements
=== DONE ===
=== 2026年 07月 17日 星期五 18:26:06 CST ===
file_path: EMPTY
has_file_content: false
has_replacements: false
top_keys: cwd, extra, hook_event_name, request_set_id, session_id, tool_input, tool_name, transcript_path
tool_input_keys: command, is_background
=== DONE ===
=== 2026年 07月 17日 星期五 18:26:20 CST ===
=== 2026年 07月 17日 星期五 18:26:20 CST ===
=== 2026年 07月 17日 星期五 18:26:20 CST ===
file_path: /home/xmm/ai/add-coder/templates/adapters/codex/settings.json
file_path: /home/xmm/ai/add-coder/templates/adapters/codex/hooks.json
file_path: /home/xmm/ai/add-coder/src/adapters/codex/renderer.ts
has_file_content: true
has_file_content: true
has_file_content: true
has_replacements: false
has_replacements: false
has_replacements: false
top_keys: cwd, extra, hook_event_name, request_set_id, session_id, tool_input, tool_name, transcript_path
top_keys: cwd, extra, hook_event_name, request_set_id, session_id, tool_input, tool_name, transcript_path
top_keys: cwd, extra, hook_event_name, request_set_id, session_id, tool_input, tool_name, transcript_path
tool_input_keys: file_content, file_path
=== DONE ===
tool_input_keys: file_content, file_path
=== DONE ===
tool_input_keys: file_content, file_path
=== DONE ===
=== 2026年 07月 17日 星期五 18:26:22 CST ===
file_path: /home/xmm/ai/add-coder/src/adapters/codex/renderer.ts
has_file_content: true
has_replacements: false
top_keys: cwd, extra, hook_event_name, request_set_id, session_id, tool_input, tool_name, tool_response, transcript_path
tool_input_keys: file_content, file_path
=== DONE ===
=== 2026年 07月 17日 星期五 18:26:22 CST ===
=== 2026年 07月 17日 星期五 18:26:22 CST ===
file_path: /home/xmm/ai/add-coder/templates/adapters/codex/hooks.json
file_path: /home/xmm/ai/add-coder/templates/adapters/codex/settings.json
has_file_content: true
has_file_content: true
has_replacements: false
has_replacements: false
top_keys: cwd, extra, hook_event_name, request_set_id, session_id, tool_input, tool_name, tool_response, transcript_path
top_keys: cwd, extra, hook_event_name, request_set_id, session_id, tool_input, tool_name, tool_response, transcript_path
tool_input_keys: file_content, file_path
tool_input_keys: file_content, file_path
=== DONE ===
=== DONE ===
=== 2026年 07月 17日 星期五 18:26:31 CST ===
file_path: /home/xmm/ai/add-coder/src/cli/commands/init.ts
has_file_content: false
has_replacements: true
top_keys: cwd, extra, hook_event_name, request_set_id, session_id, tool_input, tool_name, transcript_path
tool_input_keys: file_path, replacements
=== DONE ===
=== 2026年 07月 17日 星期五 18:26:33 CST ===
file_path: /home/xmm/ai/add-coder/src/cli/commands/init.ts
has_file_content: false
has_replacements: true
top_keys: cwd, extra, hook_event_name, request_set_id, session_id, tool_input, tool_name, tool_response, transcript_path
tool_input_keys: file_path, replacements
=== DONE ===
=== 2026年 07月 17日 星期五 18:26:38 CST ===
file_path: EMPTY
has_file_content: false
has_replacements: false
top_keys: cwd, extra, hook_event_name, request_set_id, session_id, tool_input, tool_name, transcript_path
tool_input_keys: command, is_background
=== DONE ===
=== 2026年 07月 17日 星期五 18:28:50 CST ===
file_path: EMPTY
has_file_content: false
has_replacements: false
top_keys: cwd, extra, hook_event_name, request_set_id, session_id, tool_input, tool_name, transcript_path
tool_input_keys: command, is_background
=== DONE ===
=== 2026年 07月 17日 星期五 18:32:33 CST ===
file_path: /home/xmm/ai/add-coder/templates/adapters/vscode/tasks.json
has_file_content: false
has_replacements: true
top_keys: cwd, extra, hook_event_name, request_set_id, session_id, tool_input, tool_name, transcript_path
tool_input_keys: file_path, replacements
=== DONE ===
=== 2026年 07月 17日 星期五 18:32:37 CST ===
file_path: /home/xmm/ai/add-coder/templates/adapters/vscode/tasks.json
has_file_content: false
has_replacements: true
top_keys: cwd, extra, hook_event_name, request_set_id, session_id, tool_input, tool_name, tool_response, transcript_path
tool_input_keys: file_path, replacements
=== DONE ===
=== 2026年 07月 17日 星期五 18:34:22 CST ===
file_path: EMPTY
has_file_content: false
has_replacements: false
top_keys: cwd, extra, hook_event_name, request_set_id, session_id, tool_input, tool_name, transcript_path
tool_input_keys: command, is_background
=== DONE ===
=== 2026年 07月 17日 星期五 18:34:52 CST ===
file_path: EMPTY
has_file_content: false
has_replacements: false
top_keys: cwd, extra, hook_event_name, request_set_id, session_id, tool_input, tool_name, transcript_path
tool_input_keys: command, is_background
=== DONE ===
=== 2026年 07月 17日 星期五 18:35:00 CST ===
file_path: /home/xmm/ai/add-coder/templates/core/rules/project_rules.md
has_file_content: false
has_replacements: true
top_keys: cwd, extra, hook_event_name, request_set_id, session_id, tool_input, tool_name, transcript_path
tool_input_keys: file_path, replacements
=== DONE ===
=== 2026年 07月 17日 星期五 18:35:04 CST ===
file_path: /home/xmm/ai/add-coder/templates/core/rules/project_rules.md
has_file_content: false
has_replacements: true
top_keys: cwd, extra, hook_event_name, request_set_id, session_id, tool_input, tool_name, tool_response, transcript_path
tool_input_keys: file_path, replacements
=== DONE ===
=== 2026年 07月 17日 星期五 18:35:10 CST ===
file_path: EMPTY
has_file_content: false
has_replacements: false
top_keys: cwd, extra, hook_event_name, request_set_id, session_id, tool_input, tool_name, transcript_path
tool_input_keys: command, is_background
=== DONE ===
=== 2026年 07月 17日 星期五 18:35:32 CST ===
file_path: /home/xmm/ai/add-coder/templates/core/scripts/mcp-server.ts
has_file_content: false
has_replacements: true
top_keys: cwd, extra, hook_event_name, request_set_id, session_id, tool_input, tool_name, transcript_path
tool_input_keys: file_path, replacements
=== DONE ===
=== 2026年 07月 17日 星期五 18:35:35 CST ===
file_path: /home/xmm/ai/add-coder/templates/core/scripts/mcp-server.ts
has_file_content: false
has_replacements: true
top_keys: cwd, extra, hook_event_name, request_set_id, session_id, tool_input, tool_name, tool_response, transcript_path
tool_input_keys: file_path, replacements
=== DONE ===
=== 2026年 07月 17日 星期五 18:36:40 CST ===
file_path: EMPTY
has_file_content: false
has_replacements: false
top_keys: cwd, extra, hook_event_name, request_set_id, session_id, tool_input, tool_name, transcript_path
tool_input_keys: command, is_background
=== DONE ===
=== 2026年 07月 17日 星期五 18:36:48 CST ===
file_path: /home/xmm/ai/add-coder/templates/core/skills/add-paradigm/SKILL.md
has_file_content: false
has_replacements: true
top_keys: cwd, extra, hook_event_name, request_set_id, session_id, tool_input, tool_name, transcript_path
tool_input_keys: file_path, replacements
=== DONE ===
=== 2026年 07月 17日 星期五 18:36:52 CST ===
file_path: /home/xmm/ai/add-coder/templates/core/skills/add-paradigm/SKILL.md
has_file_content: false
has_replacements: true
top_keys: cwd, extra, hook_event_name, request_set_id, session_id, tool_input, tool_name, tool_response, transcript_path
tool_input_keys: file_path, replacements
=== DONE ===
=== 2026年 07月 17日 星期五 18:36:59 CST ===
file_path: EMPTY
has_file_content: false
has_replacements: false
top_keys: cwd, extra, hook_event_name, request_set_id, session_id, tool_input, tool_name, transcript_path
tool_input_keys: command, is_background
=== DONE ===
=== 2026年 07月 17日 星期五 18:37:30 CST ===
file_path: EMPTY
has_file_content: false
has_replacements: false
top_keys: cwd, extra, hook_event_name, request_set_id, session_id, tool_input, tool_name, transcript_path
tool_input_keys: command, is_background
=== DONE ===
=== 2026年 07月 17日 星期五 18:38:25 CST ===
file_path: EMPTY
has_file_content: false
has_replacements: false
top_keys: cwd, extra, hook_event_name, request_set_id, session_id, tool_input, tool_name, transcript_path
tool_input_keys: command, is_background
=== DONE ===
=== 2026年 07月 17日 星期五 18:38:56 CST ===
file_path: EMPTY
has_file_content: false
has_replacements: false
top_keys: cwd, extra, hook_event_name, request_set_id, session_id, tool_input, tool_name, transcript_path
tool_input_keys: command, is_background
=== DONE ===
=== 2026年 07月 17日 星期五 18:39:14 CST ===
file_path: EMPTY
has_file_content: false
has_replacements: false
top_keys: cwd, extra, hook_event_name, request_set_id, session_id, tool_input, tool_name, transcript_path
tool_input_keys: command, is_background
=== DONE ===
=== 2026年 07月 17日 星期五 18:39:31 CST ===
file_path: EMPTY
has_file_content: false
has_replacements: false
top_keys: cwd, extra, hook_event_name, request_set_id, session_id, tool_input, tool_name, transcript_path
tool_input_keys: command, is_background
=== DONE ===
=== 2026年 07月 17日 星期五 18:39:42 CST ===
file_path: EMPTY
has_file_content: false
has_replacements: false
top_keys: cwd, extra, hook_event_name, request_set_id, session_id, tool_input, tool_name, transcript_path
tool_input_keys: command, is_background
=== DONE ===
=== 2026年 07月 17日 星期五 18:39:52 CST ===
file_path: EMPTY
has_file_content: false
has_replacements: false
top_keys: cwd, extra, hook_event_name, request_set_id, session_id, tool_input, tool_name, transcript_path
tool_input_keys: command, is_background
=== DONE ===
=== 2026年 07月 17日 星期五 18:39:59 CST ===
file_path: EMPTY
has_file_content: false
has_replacements: false
top_keys: cwd, extra, hook_event_name, request_set_id, session_id, tool_input, tool_name, transcript_path
tool_input_keys: command, is_background
=== DONE ===
=== 2026年 07月 17日 星期五 18:40:05 CST ===
file_path: EMPTY
has_file_content: false
has_replacements: false
top_keys: cwd, extra, hook_event_name, request_set_id, session_id, tool_input, tool_name, transcript_path
tool_input_keys: command, is_background
=== DONE ===
=== 2026年 07月 23日 星期四 11:41:09 CST ===
file_path: EMPTY
has_file_content: false
has_replacements: false
top_keys: cwd, extra, hook_event_name, request_set_id, session_id, tool_input, tool_name, tool_use_id, transcript_path
tool_input_keys: command, is_background
=== DONE ===
=== 2026年 07月 23日 星期四 11:44:10 CST ===
file_path: EMPTY
has_file_content: false
has_replacements: false
top_keys: cwd, extra, hook_event_name, request_set_id, session_id, tool_input, tool_name, tool_use_id, transcript_path
tool_input_keys: command, is_background
=== DONE ===
=== 2026年 07月 23日 星期四 11:49:33 CST ===
file_path: /home/xmm/ai/add-coder/GUIDE.md
has_file_content: false
has_replacements: true
[replacement_new_text[500]]: > 📦 **项目概览、架构设计、MCP 工具链** 请参见 [README.md](./README.md)。🛠 **开发者文档（sync 机制 / 唯一真源 / 自举原理）** 请参见 [DEVELOPMENT.md](./DEVELOPMENT.md)。
top_keys: cwd, extra, hook_event_name, request_set_id, session_id, tool_input, tool_name, tool_use_id, transcript_path
tool_input_keys: file_path, replacements
=== DONE ===
=== 2026年 07月 23日 星期四 11:49:37 CST ===
file_path: /home/xmm/ai/add-coder/GUIDE.md
has_file_content: false
has_replacements: true
[replacement_new_text[500]]: > 📦 **项目概览、架构设计、MCP 工具链** 请参见 [README.md](./README.md)。🛠 **开发者文档（sync 机制 / 唯一真源 / 自举原理）** 请参见 [DEVELOPMENT.md](./DEVELOPMENT.md)。
top_keys: cwd, extra, hook_event_name, request_set_id, session_id, tool_input, tool_name, tool_response, tool_use_id, transcript_path
tool_input_keys: file_path, replacements
=== DONE ===
=== 2026年 07月 23日 星期四 11:50:59 CST ===
file_path: /home/xmm/ai/add-coder/GUIDE.md
has_file_content: false
has_replacements: true
[replacement_new_text[500]]:   - [3.3 PRD 修改了怎么办](#33-prd-修改了怎么办)
  - [3.4 Plan 的 HITL 审核：先拍板再展开](#34-plan-的-hitl-审核先拍板再展开)
- [四、Plan 如何实施](#四plan-如何实施)
  - [4.1 启动 ADD 工作流](#41-启动-add-工作流)
  - [4.2 关键步骤要等人确认](#42-关键步骤要等人确认)
  - [4.3 两个闸门会强制阻断](#43-两个闸门会强制阻断)
  - [4.4 每轮都有交接文档](#44-每轮都有交接文档)
  - [4.5 Review 的 HITL 审
top_keys: cwd, extra, hook_event_name, request_set_id, session_id, tool_input, tool_name, tool_use_id, transcript_path
tool_input_keys: file_path, replacements
=== DONE ===
=== 2026年 07月 23日 星期四 11:51:03 CST ===
file_path: /home/xmm/ai/add-coder/GUIDE.md
has_file_content: false
has_replacements: true
[replacement_new_text[500]]:   - [3.3 PRD 修改了怎么办](#33-prd-修改了怎么办)
  - [3.4 Plan 的 HITL 审核：先拍板再展开](#34-plan-的-hitl-审核先拍板再展开)
- [四、Plan 如何实施](#四plan-如何实施)
  - [4.1 启动 ADD 工作流](#41-启动-add-工作流)
  - [4.2 关键步骤要等人确认](#42-关键步骤要等人确认)
  - [4.3 两个闸门会强制阻断](#43-两个闸门会强制阻断)
  - [4.4 每轮都有交接文档](#44-每轮都有交接文档)
  - [4.5 Review 的 HITL 审
top_keys: cwd, extra, hook_event_name, request_set_id, session_id, tool_input, tool_name, tool_response, tool_use_id, transcript_path
tool_input_keys: file_path, replacements
=== DONE ===
=== 2026年 07月 23日 星期四 11:55:24 CST ===
file_path: /home/xmm/ai/add-coder/README.md
has_file_content: false
has_replacements: true
[replacement_new_text[500]]: | MCP 能力重构 | MCP 工具链架构升级，提升审计与门禁工具的可扩展性和独立部署能力 |

---

## MCP 工具链架构（mcp-server.ts）

`mcp-server.ts` 是 **ADD 治理工具链的独立 MCP Server**（stdio 传输，JSON-RPC 2.0）。`npx add-coder init` 自动部署到用户项目，IDE 通过 `mcp.json` 加载。消费方是 IDE Agent、AI 助手、Hooks 脚本。

```
┌───────────────────────────────�
top_keys: cwd, extra, hook_event_name, request_set_id, session_id, tool_input, tool_name, tool_use_id, transcript_path
tool_input_keys: file_path, replacements
=== DONE ===
=== 2026年 07月 23日 星期四 11:55:28 CST ===
file_path: /home/xmm/ai/add-coder/README.md
has_file_content: false
has_replacements: true
[replacement_new_text[500]]: | MCP 能力重构 | MCP 工具链架构升级，提升审计与门禁工具的可扩展性和独立部署能力 |

---

## MCP 工具链架构（mcp-server.ts）

`mcp-server.ts` 是 **ADD 治理工具链的独立 MCP Server**（stdio 传输，JSON-RPC 2.0）。`npx add-coder init` 自动部署到用户项目，IDE 通过 `mcp.json` 加载。消费方是 IDE Agent、AI 助手、Hooks 脚本。

```
┌───────────────────────────────�
top_keys: cwd, extra, hook_event_name, request_set_id, session_id, tool_input, tool_name, tool_response, tool_use_id, transcript_path
tool_input_keys: file_path, replacements
=== DONE ===
=== 2026年 07月 23日 星期四 11:55:41 CST ===
file_path: /home/xmm/ai/add-coder/README.md
has_file_content: false
has_replacements: true
[replacement_new_text[500]]: ```

| 对话记忆增强 | 长期项目知识记忆和plan级别的稀疏记忆 |
top_keys: cwd, extra, hook_event_name, request_set_id, session_id, tool_input, tool_name, tool_use_id, transcript_path
tool_input_keys: file_path, replacements
=== DONE ===
=== 2026年 07月 23日 星期四 11:55:45 CST ===
file_path: /home/xmm/ai/add-coder/README.md
has_file_content: false
has_replacements: true
[replacement_new_text[500]]: ```

| 对话记忆增强 | 长期项目知识记忆和plan级别的稀疏记忆 |
top_keys: cwd, extra, hook_event_name, request_set_id, session_id, tool_input, tool_name, tool_response, tool_use_id, transcript_path
tool_input_keys: file_path, replacements
=== DONE ===
=== 2026年 07月 23日 星期四 11:56:18 CST ===
file_path: /home/xmm/ai/add-coder/README.md
has_file_content: false
has_replacements: true
[replacement_new_text[500]]: | MCP 能力重构 | MCP 工具链架构升级，提升审计与门禁工具的可扩展性和独立部署能力 |
| 对话记忆增强 | 长期项目知识记忆和plan级别的稀疏记忆 |
top_keys: cwd, extra, hook_event_name, request_set_id, session_id, tool_input, tool_name, tool_use_id, transcript_path
tool_input_keys: file_path, replacements
=== DONE ===
=== 2026年 07月 23日 星期四 11:56:22 CST ===
file_path: /home/xmm/ai/add-coder/README.md
has_file_content: false
has_replacements: true
[replacement_new_text[500]]: | MCP 能力重构 | MCP 工具链架构升级，提升审计与门禁工具的可扩展性和独立部署能力 |
| 对话记忆增强 | 长期项目知识记忆和plan级别的稀疏记忆 |
top_keys: cwd, extra, hook_event_name, request_set_id, session_id, tool_input, tool_name, tool_response, tool_use_id, transcript_path
tool_input_keys: file_path, replacements
=== DONE ===
=== 2026年 07月 23日 星期四 12:14:53 CST ===
file_path: /home/xmm/ai/add-coder/.qoder/plans/2026-07/23/add-coder-mcp-restructure-plan-v1.md
has_file_content: true
has_replacements: false
[file_content[500]]: # add-coder-mcp-restructure-plan-v1

> **Plan/Spec 边界提醒**：Plan 回答"改什么、为什么改、改哪里"——写到让 Review 能判断方向对不对、有没有遗漏维度的程度。具体 TS 类型定义、WHEN-THEN 场景、精确函数签名留给 Spec。

## PLAN 元信息

- **Plan 名称**: add-coder-mcp-restructure-v1
- **启动时间**: 2026-07-23T12:00:00+08:00
- **主导 AI**: Qoder
- **关联文档**:
  - ADD Route: `.qoder/plans/2026-07/23/add-coder-mcp-restructure-
top_keys: cwd, extra, hook_event_name, request_set_id, session_id, tool_input, tool_name, tool_use_id, transcript_path
tool_input_keys: add_last_line_newline, file_content, file_path
=== DONE ===
=== 2026年 07月 23日 星期四 12:15:19 CST ===
file_path: /home/xmm/ai/add-coder/.qoder/plans/2026-07/23/add-coder-mcp-restructure-plan-v1.md
has_file_content: false
has_replacements: true
[replacement_new_text[500]]: null
top_keys: cwd, extra, hook_event_name, request_set_id, session_id, tool_input, tool_name, tool_use_id, transcript_path
tool_input_keys: file_path, replacements
=== DONE ===
=== 2026年 07月 23日 星期四 12:22:11 CST ===
file_path: /home/xmm/ai/add-coder/.qoder/plans/2026-07/23/add-coder-mcp-restructure-plan-v1.md
has_file_content: true
has_replacements: false
[file_content[500]]: # add-coder-mcp-restructure-plan-v1

> **Plan/Spec 边界提醒**：Plan 回答"改什么、为什么改、改哪里"——写到让 Review 能判断方向对不对、有没有遗漏维度的程度。具体 TS 类型定义、WHEN-THEN 场景、精确函数签名留给 Spec。

## PLAN 元信息

- **Plan 名称**: add-coder-mcp-restructure-v1
- **启动时间**: 2026-07-23T12:00:00+08:00
- **主导 AI**: Qoder
- **关联文档**:
  - ADD Route: `.qoder/plans/2026-07/23/add-coder-mcp-restructure-
top_keys: cwd, extra, hook_event_name, request_set_id, session_id, tool_input, tool_name, tool_use_id, transcript_path
tool_input_keys: file_content, file_path
=== DONE ===
=== 2026年 07月 23日 星期四 12:22:45 CST ===
file_path: /home/xmm/ai/add-coder/.qoder/plans/2026-07/23/add-coder-mcp-restructure-plan-v1.md
has_file_content: false
has_replacements: true
[replacement_new_text[500]]: null
top_keys: cwd, extra, hook_event_name, request_set_id, session_id, tool_input, tool_name, tool_use_id, transcript_path
tool_input_keys: file_path, replacements
=== DONE ===
=== 2026年 07月 23日 星期四 12:29:39 CST ===
file_path: /home/xmm/ai/add-coder/.qoder/plans/2026-07/23/add-coder-mcp-restructure-plan-v1.md
has_file_content: true
has_replacements: false
[file_content[500]]: # add-coder-mcp-restructure-plan-v1

> **Plan/Spec 边界提醒**：Plan 回答"改什么、为什么改、改哪里"——写到让 Review 能判断方向对不对、有没有遗漏维度的程度。具体 TS 类型定义、WHEN-THEN 场景、精确函数签名留给 Spec。

## PLAN 元信息

- **Plan 名称**: add-coder-mcp-restructure-v1
- **启动时间**: 2026-07-23T12:00:00+08:00
- **主导 AI**: Qoder
- **关联文档**:
  - ADD Route: `.qoder/plans/2026-07/23/add-coder-mcp-restructure-
top_keys: cwd, extra, hook_event_name, request_set_id, session_id, tool_input, tool_name, tool_use_id, transcript_path
tool_input_keys: file_content, file_path
=== DONE ===
=== 2026年 07月 23日 星期四 12:29:42 CST ===
file_path: EMPTY
has_file_content: false
has_replacements: false
top_keys: cwd, extra, hook_event_name, request_set_id, session_id, tool_input, tool_name, tool_use_id, transcript_path
tool_input_keys: command, is_background
=== DONE ===
=== 2026年 07月 23日 星期四 12:32:34 CST ===
file_path: EMPTY
has_file_content: false
has_replacements: false
top_keys: cwd, extra, hook_event_name, request_set_id, session_id, tool_input, tool_name, tool_use_id, transcript_path
tool_input_keys: command, is_background
=== DONE ===
=== 2026年 07月 23日 星期四 12:39:59 CST ===
file_path: /home/xmm/ai/add-coder/GUIDE.md
has_file_content: false
has_replacements: true
[replacement_new_text[500]]: null
top_keys: cwd, extra, hook_event_name, request_set_id, session_id, tool_input, tool_name, tool_use_id, transcript_path
tool_input_keys: file_path, replacements
=== DONE ===
=== 2026年 07月 23日 星期四 12:40:02 CST ===
file_path: /home/xmm/ai/add-coder/GUIDE.md
has_file_content: false
has_replacements: true
[replacement_new_text[500]]: null
top_keys: cwd, extra, hook_event_name, request_set_id, session_id, tool_input, tool_name, tool_response, tool_use_id, transcript_path
tool_input_keys: file_path, replacements
=== DONE ===
=== 2026年 07月 23日 星期四 12:40:51 CST ===
file_path: /home/xmm/ai/add-coder/.qoder/plans/2026-07/23/add-coder-mcp-restructure-plan-v1.md
has_file_content: true
has_replacements: false
[file_content[500]]: # add-coder-mcp-restructure-plan-v1

> **Plan/Spec 边界提醒**：Plan 回答"改什么、为什么改、改哪里"——写到让 Review 能判断方向对不对、有没有遗漏维度的程度。具体 TS 类型定义、WHEN-THEN 场景、精确函数签名留给 Spec。

## PLAN 元信息

- **Plan 名称**: add-coder-mcp-restructure-v1
- **启动时间**: 2026-07-23T12:00:00+08:00
- **主导 AI**: Qoder
- **关联文档**:
  - ADD Route: `.qoder/plans/2026-07/23/add-coder-mcp-restructure-
top_keys: cwd, extra, hook_event_name, request_set_id, session_id, tool_input, tool_name, tool_use_id, transcript_path
tool_input_keys: file_content, file_path
=== DONE ===
=== 2026年 07月 23日 星期四 12:40:55 CST ===
file_path: EMPTY
has_file_content: false
has_replacements: false
top_keys: cwd, extra, hook_event_name, request_set_id, session_id, tool_input, tool_name, tool_use_id, transcript_path
tool_input_keys: command, is_background
=== DONE ===
=== 2026年 07月 23日 星期四 12:44:28 CST ===
file_path: /home/xmm/ai/add-coder/.qoder/skills/add-paradigm/SKILL.md
has_file_content: false
has_replacements: true
[replacement_new_text[500]]: null
top_keys: cwd, extra, hook_event_name, request_set_id, session_id, tool_input, tool_name, tool_use_id, transcript_path
tool_input_keys: file_path, replacements
=== DONE ===
=== 2026年 07月 23日 星期四 12:44:29 CST ===
file_path: /home/xmm/ai/add-coder/.qoder/skills/add-paradigm/SKILL.md
has_file_content: false
has_replacements: true
[replacement_new_text[500]]: null
top_keys: cwd, extra, hook_event_name, request_set_id, session_id, tool_input, tool_name, tool_response, tool_use_id, transcript_path
tool_input_keys: file_path, replacements
=== DONE ===
=== 2026年 07月 23日 星期四 12:44:47 CST ===
file_path: /home/xmm/ai/add-coder/templates/core/skills/add-paradigm/SKILL.md
has_file_content: false
has_replacements: true
[replacement_new_text[500]]: null
top_keys: cwd, extra, hook_event_name, request_set_id, session_id, tool_input, tool_name, tool_use_id, transcript_path
tool_input_keys: file_path, replacements
=== DONE ===
=== 2026年 07月 23日 星期四 12:44:51 CST ===
file_path: /home/xmm/ai/add-coder/templates/core/skills/add-paradigm/SKILL.md
has_file_content: false
has_replacements: true
[replacement_new_text[500]]: null
top_keys: cwd, extra, hook_event_name, request_set_id, session_id, tool_input, tool_name, tool_response, tool_use_id, transcript_path
tool_input_keys: file_path, replacements
=== DONE ===
=== 2026年 07月 23日 星期四 12:45:37 CST ===
file_path: /home/xmm/ai/add-coder/templates/core/rules/project_rules.md
has_file_content: false
has_replacements: true
[replacement_new_text[500]]: null
top_keys: cwd, extra, hook_event_name, request_set_id, session_id, tool_input, tool_name, tool_use_id, transcript_path
tool_input_keys: file_path, replacements
=== DONE ===
=== 2026年 07月 23日 星期四 12:45:41 CST ===
file_path: /home/xmm/ai/add-coder/templates/core/rules/project_rules.md
has_file_content: false
has_replacements: true
[replacement_new_text[500]]: null
top_keys: cwd, extra, hook_event_name, request_set_id, session_id, tool_input, tool_name, tool_response, tool_use_id, transcript_path
tool_input_keys: file_path, replacements
=== DONE ===
=== 2026年 07月 23日 星期四 12:45:48 CST ===
file_path: /home/xmm/ai/add-coder/GUIDE.md
has_file_content: false
has_replacements: true
[replacement_new_text[500]]: null
top_keys: cwd, extra, hook_event_name, request_set_id, session_id, tool_input, tool_name, tool_use_id, transcript_path
tool_input_keys: file_path, replacements
=== DONE ===
=== 2026年 07月 23日 星期四 12:45:52 CST ===
file_path: /home/xmm/ai/add-coder/GUIDE.md
has_file_content: false
has_replacements: true
[replacement_new_text[500]]: null
top_keys: cwd, extra, hook_event_name, request_set_id, session_id, tool_input, tool_name, tool_response, tool_use_id, transcript_path
tool_input_keys: file_path, replacements
=== DONE ===
=== 2026年 07月 23日 星期四 12:46:01 CST ===
file_path: EMPTY
has_file_content: false
has_replacements: false
top_keys: cwd, extra, hook_event_name, request_set_id, session_id, tool_input, tool_name, tool_use_id, transcript_path
tool_input_keys: command, description
=== DONE ===
=== 2026年 07月 23日 星期四 12:46:42 CST ===
file_path: /home/xmm/ai/add-coder/templates/core/skills/add-paradigm/SKILL.md
has_file_content: false
has_replacements: true
[replacement_new_text[500]]: null
top_keys: cwd, extra, hook_event_name, request_set_id, session_id, tool_input, tool_name, tool_use_id, transcript_path
tool_input_keys: file_path, replacements
=== DONE ===
=== 2026年 07月 23日 星期四 12:46:46 CST ===
file_path: /home/xmm/ai/add-coder/templates/core/skills/add-paradigm/SKILL.md
has_file_content: false
has_replacements: true
[replacement_new_text[500]]: null
top_keys: cwd, extra, hook_event_name, request_set_id, session_id, tool_input, tool_name, tool_response, tool_use_id, transcript_path
tool_input_keys: file_path, replacements
=== DONE ===
=== 2026年 07月 23日 星期四 12:47:03 CST ===
file_path: /home/xmm/ai/add-coder/templates/core/skills/add-paradigm/SKILL.md
has_file_content: false
has_replacements: true
[replacement_new_text[500]]: null
top_keys: cwd, extra, hook_event_name, request_set_id, session_id, tool_input, tool_name, tool_use_id, transcript_path
tool_input_keys: file_path, replacements
=== DONE ===
=== 2026年 07月 23日 星期四 12:47:07 CST ===
file_path: /home/xmm/ai/add-coder/templates/core/skills/add-paradigm/SKILL.md
has_file_content: false
has_replacements: true
[replacement_new_text[500]]: null
top_keys: cwd, extra, hook_event_name, request_set_id, session_id, tool_input, tool_name, tool_response, tool_use_id, transcript_path
tool_input_keys: file_path, replacements
=== DONE ===
=== 2026年 07月 23日 星期四 12:47:13 CST ===
file_path: /home/xmm/ai/add-coder/templates/core/skills/add-paradigm/SKILL.md
has_file_content: false
has_replacements: true
[replacement_new_text[500]]: null
top_keys: cwd, extra, hook_event_name, request_set_id, session_id, tool_input, tool_name, tool_use_id, transcript_path
tool_input_keys: file_path, replacements
=== DONE ===
=== 2026年 07月 23日 星期四 12:47:17 CST ===
file_path: /home/xmm/ai/add-coder/templates/core/skills/add-paradigm/SKILL.md
has_file_content: false
has_replacements: true
[replacement_new_text[500]]: null
top_keys: cwd, extra, hook_event_name, request_set_id, session_id, tool_input, tool_name, tool_response, tool_use_id, transcript_path
tool_input_keys: file_path, replacements
=== DONE ===
=== 2026年 07月 23日 星期四 12:47:21 CST ===
file_path: EMPTY
has_file_content: false
has_replacements: false
top_keys: cwd, extra, hook_event_name, request_set_id, session_id, tool_input, tool_name, tool_use_id, transcript_path
tool_input_keys: command, description
=== DONE ===
=== 2026年 07月 23日 星期四 12:48:27 CST ===
file_path: /home/xmm/ai/add-coder/templates/core/skills/add-paradigm/SKILL.md
has_file_content: false
has_replacements: true
[replacement_new_text[500]]: null
top_keys: cwd, extra, hook_event_name, request_set_id, session_id, tool_input, tool_name, tool_use_id, transcript_path
tool_input_keys: file_path, replacements
=== DONE ===
=== 2026年 07月 23日 星期四 12:48:31 CST ===
file_path: /home/xmm/ai/add-coder/templates/core/skills/add-paradigm/SKILL.md
has_file_content: false
has_replacements: true
[replacement_new_text[500]]: null
top_keys: cwd, extra, hook_event_name, request_set_id, session_id, tool_input, tool_name, tool_response, tool_use_id, transcript_path
tool_input_keys: file_path, replacements
=== DONE ===
=== 2026年 07月 23日 星期四 12:48:43 CST ===
file_path: /home/xmm/ai/add-coder/templates/core/skills/add-paradigm/SKILL.md
has_file_content: false
has_replacements: true
[replacement_new_text[500]]: null
top_keys: cwd, extra, hook_event_name, request_set_id, session_id, tool_input, tool_name, tool_use_id, transcript_path
tool_input_keys: file_path, replacements
=== DONE ===
=== 2026年 07月 23日 星期四 12:48:47 CST ===
file_path: /home/xmm/ai/add-coder/templates/core/skills/add-paradigm/SKILL.md
has_file_content: false
has_replacements: true
[replacement_new_text[500]]: null
top_keys: cwd, extra, hook_event_name, request_set_id, session_id, tool_input, tool_name, tool_response, tool_use_id, transcript_path
tool_input_keys: file_path, replacements
=== DONE ===
=== 2026年 07月 23日 星期四 12:53:10 CST ===
file_path: /home/xmm/ai/add-coder/templates/core/skills/add-paradigm/SKILL.md
has_file_content: false
has_replacements: true
[replacement_new_text[500]]: null
top_keys: cwd, extra, hook_event_name, request_set_id, session_id, tool_input, tool_name, tool_use_id, transcript_path
tool_input_keys: file_path, replacements
=== DONE ===
=== 2026年 07月 23日 星期四 12:53:14 CST ===
file_path: /home/xmm/ai/add-coder/templates/core/skills/add-paradigm/SKILL.md
has_file_content: false
has_replacements: true
[replacement_new_text[500]]: null
top_keys: cwd, extra, hook_event_name, request_set_id, session_id, tool_input, tool_name, tool_response, tool_use_id, transcript_path
tool_input_keys: file_path, replacements
=== DONE ===
=== 2026年 07月 23日 星期四 12:54:48 CST ===
file_path: /home/xmm/ai/add-coder/templates/core/skills/add-paradigm/SKILL.md
has_file_content: false
has_replacements: true
[replacement_new_text[500]]: null
top_keys: cwd, extra, hook_event_name, request_set_id, session_id, tool_input, tool_name, tool_use_id, transcript_path
tool_input_keys: file_path, replacements
=== DONE ===
=== 2026年 07月 23日 星期四 12:54:52 CST ===
file_path: /home/xmm/ai/add-coder/templates/core/skills/add-paradigm/SKILL.md
has_file_content: false
has_replacements: true
[replacement_new_text[500]]: null
top_keys: cwd, extra, hook_event_name, request_set_id, session_id, tool_input, tool_name, tool_response, tool_use_id, transcript_path
tool_input_keys: file_path, replacements
=== DONE ===
=== 2026年 07月 23日 星期四 12:58:29 CST ===
file_path: EMPTY
has_file_content: false
has_replacements: false
top_keys: cwd, extra, hook_event_name, request_set_id, session_id, tool_input, tool_name, tool_use_id, transcript_path
tool_input_keys: command, description
=== DONE ===
=== 2026年 07月 23日 星期四 13:01:41 CST ===
file_path: EMPTY
has_file_content: false
has_replacements: false
top_keys: cwd, extra, hook_event_name, request_set_id, session_id, tool_input, tool_name, tool_use_id, transcript_path
tool_input_keys: command, description
=== DONE ===
=== 2026年 07月 23日 星期四 13:02:43 CST ===
file_path: /home/xmm/ai/add-coder/package.json
has_file_content: false
has_replacements: true
[replacement_new_text[500]]: null
top_keys: cwd, extra, hook_event_name, request_set_id, session_id, tool_input, tool_name, tool_use_id, transcript_path
tool_input_keys: file_path, replacements
=== DONE ===
=== 2026年 07月 23日 星期四 13:02:47 CST ===
file_path: /home/xmm/ai/add-coder/package.json
has_file_content: false
has_replacements: false
top_keys: cwd, extra, hook_event_name, request_set_id, session_id, tool_input, tool_name, tool_use_id, transcript_path
tool_input_keys: file_path, new_string, old_string
=== DONE ===
=== 2026年 07月 23日 星期四 13:02:51 CST ===
file_path: /home/xmm/ai/add-coder/package.json
has_file_content: false
has_replacements: false
top_keys: cwd, extra, hook_event_name, request_set_id, session_id, tool_input, tool_name, tool_response, tool_use_id, transcript_path
tool_input_keys: file_path, new_string, old_string
=== DONE ===
=== 2026年 07月 23日 星期四 13:02:55 CST ===
file_path: EMPTY
has_file_content: false
has_replacements: false
top_keys: cwd, extra, hook_event_name, request_set_id, session_id, tool_input, tool_name, tool_use_id, transcript_path
tool_input_keys: command, description
=== DONE ===
=== 2026年 07月 23日 星期四 13:06:52 CST ===
file_path: EMPTY
has_file_content: false
has_replacements: false
top_keys: cwd, extra, hook_event_name, request_set_id, session_id, tool_input, tool_name, tool_use_id, transcript_path
tool_input_keys: command, description, is_background
=== DONE ===
=== 2026年 07月 23日 星期四 13:09:18 CST ===
file_path: /home/xmm/ai/add-coder/scripts/sync-magic-dirs.sh
has_file_content: false
has_replacements: false
top_keys: cwd, extra, hook_event_name, request_set_id, session_id, tool_input, tool_name, tool_use_id, transcript_path
tool_input_keys: file_path, new_string, old_string
=== DONE ===
=== 2026年 07月 23日 星期四 13:09:21 CST ===
file_path: /home/xmm/ai/add-coder/scripts/sync-magic-dirs.sh
has_file_content: false
has_replacements: false
top_keys: cwd, extra, hook_event_name, request_set_id, session_id, tool_input, tool_name, tool_response, tool_use_id, transcript_path
tool_input_keys: file_path, new_string, old_string
=== DONE ===
=== 2026年 07月 23日 星期四 13:09:26 CST ===
file_path: EMPTY
has_file_content: false
has_replacements: false
top_keys: cwd, extra, hook_event_name, request_set_id, session_id, tool_input, tool_name, tool_use_id, transcript_path
tool_input_keys: command, description
=== DONE ===
=== 2026年 07月 23日 星期四 13:11:51 CST ===
file_path: /home/xmm/ai/add-coder/scripts/sync-magic-dirs.sh
has_file_content: false
has_replacements: false
top_keys: cwd, extra, hook_event_name, request_set_id, session_id, tool_input, tool_name, tool_use_id, transcript_path
tool_input_keys: file_path, new_string, old_string
=== DONE ===
=== 2026年 07月 23日 星期四 13:11:55 CST ===
file_path: /home/xmm/ai/add-coder/scripts/sync-magic-dirs.sh
has_file_content: false
has_replacements: false
top_keys: cwd, extra, hook_event_name, request_set_id, session_id, tool_input, tool_name, tool_response, tool_use_id, transcript_path
tool_input_keys: file_path, new_string, old_string
=== DONE ===
=== 2026年 07月 23日 星期四 13:12:01 CST ===
file_path: /home/xmm/ai/add-coder/scripts/sync-magic-dirs.sh
has_file_content: false
has_replacements: false
top_keys: cwd, extra, hook_event_name, request_set_id, session_id, tool_input, tool_name, tool_use_id, transcript_path
tool_input_keys: file_path, new_string, old_string
=== DONE ===
=== 2026年 07月 23日 星期四 13:12:05 CST ===
file_path: /home/xmm/ai/add-coder/scripts/sync-magic-dirs.sh
has_file_content: false
has_replacements: false
top_keys: cwd, extra, hook_event_name, request_set_id, session_id, tool_input, tool_name, tool_response, tool_use_id, transcript_path
tool_input_keys: file_path, new_string, old_string
=== DONE ===
=== 2026年 07月 23日 星期四 13:12:20 CST ===
file_path: /home/xmm/ai/add-coder/scripts/sync-magic-dirs.sh
has_file_content: false
has_replacements: false
top_keys: cwd, extra, hook_event_name, request_set_id, session_id, tool_input, tool_name, tool_use_id, transcript_path
tool_input_keys: file_path, new_string, old_string
=== DONE ===
=== 2026年 07月 23日 星期四 13:12:23 CST ===
file_path: /home/xmm/ai/add-coder/scripts/sync-magic-dirs.sh
has_file_content: false
has_replacements: false
top_keys: cwd, extra, hook_event_name, request_set_id, session_id, tool_input, tool_name, tool_response, tool_use_id, transcript_path
tool_input_keys: file_path, new_string, old_string
=== DONE ===
=== 2026年 07月 23日 星期四 13:17:15 CST ===
file_path: /home/xmm/ai/add-coder/scripts/sync-magic-dirs.sh
has_file_content: false
has_replacements: false
top_keys: cwd, extra, hook_event_name, request_set_id, session_id, tool_input, tool_name, tool_use_id, transcript_path
tool_input_keys: file_path, new_string, old_string
=== DONE ===
=== 2026年 07月 23日 星期四 13:17:19 CST ===
file_path: /home/xmm/ai/add-coder/scripts/sync-magic-dirs.sh
has_file_content: false
has_replacements: false
top_keys: cwd, extra, hook_event_name, request_set_id, session_id, tool_input, tool_name, tool_response, tool_use_id, transcript_path
tool_input_keys: file_path, new_string, old_string
=== DONE ===
=== 2026年 07月 23日 星期四 13:17:24 CST ===
file_path: EMPTY
has_file_content: false
has_replacements: false
top_keys: cwd, extra, hook_event_name, request_set_id, session_id, tool_input, tool_name, tool_use_id, transcript_path
tool_input_keys: command, description
=== DONE ===
=== 2026年 07月 23日 星期四 13:20:19 CST ===
file_path: EMPTY
has_file_content: false
has_replacements: false
top_keys: cwd, extra, hook_event_name, request_set_id, session_id, tool_input, tool_name, tool_use_id, transcript_path
tool_input_keys: command, description, is_background
=== DONE ===
=== 2026年 07月 23日 星期四 13:23:26 CST ===
file_path: EMPTY
has_file_content: false
has_replacements: false
top_keys: cwd, extra, hook_event_name, request_set_id, session_id, tool_input, tool_name, tool_use_id, transcript_path
tool_input_keys: command, description, is_background, timeout
=== DONE ===
=== 2026年 07月 23日 星期四 13:24:07 CST ===
file_path: EMPTY
has_file_content: false
has_replacements: false
top_keys: cwd, extra, hook_event_name, request_set_id, session_id, tool_input, tool_name, tool_use_id, transcript_path
tool_input_keys: command, description
=== DONE ===
=== 2026年 07月 23日 星期四 13:26:19 CST ===
file_path: /home/xmm/ai/add-coder/scripts/sync-magic-dirs.sh
has_file_content: false
has_replacements: false
top_keys: cwd, extra, hook_event_name, request_set_id, session_id, tool_input, tool_name, tool_use_id, transcript_path
tool_input_keys: file_path, new_string, old_string
=== DONE ===
=== 2026年 07月 23日 星期四 13:26:23 CST ===
file_path: /home/xmm/ai/add-coder/scripts/sync-magic-dirs.sh
has_file_content: false
has_replacements: false
top_keys: cwd, extra, hook_event_name, request_set_id, session_id, tool_input, tool_name, tool_response, tool_use_id, transcript_path
tool_input_keys: file_path, new_string, old_string
=== DONE ===
=== 2026年 07月 23日 星期四 13:29:36 CST ===
file_path: EMPTY
has_file_content: false
has_replacements: false
top_keys: cwd, extra, hook_event_name, request_set_id, session_id, tool_input, tool_name, tool_use_id, transcript_path
tool_input_keys: command, description
=== DONE ===
=== 2026年 07月 23日 星期四 13:32:48 CST ===
file_path: EMPTY
has_file_content: false
has_replacements: false
top_keys: cwd, extra, hook_event_name, request_set_id, session_id, tool_input, tool_name, tool_use_id, transcript_path
tool_input_keys: command, description
=== DONE ===
=== 2026年 07月 27日 星期一 08:32:18 CST ===
file_path: EMPTY
has_file_content: false
has_replacements: false
top_keys: cwd, extra, hook_event_name, session_id, tool_input, tool_name, transcript_path
tool_input_keys: command, description, is_background
=== DONE ===
=== 2026年 07月 27日 星期一 08:32:28 CST ===
file_path: EMPTY
has_file_content: false
has_replacements: false
top_keys: cwd, extra, hook_event_name, session_id, tool_input, tool_name, transcript_path
tool_input_keys: command, description, is_background
=== DONE ===
=== 2026年 07月 27日 星期一 08:32:42 CST ===
file_path: EMPTY
has_file_content: false
has_replacements: false
top_keys: cwd, extra, hook_event_name, session_id, tool_input, tool_name, transcript_path
tool_input_keys: command, description, is_background
=== DONE ===
=== 2026年 07月 27日 星期一 08:37:44 CST ===
file_path: EMPTY
has_file_content: false
has_replacements: false
top_keys: cwd, extra, hook_event_name, session_id, tool_input, tool_name, transcript_path
tool_input_keys: command, description, is_background
=== DONE ===
=== 2026年 07月 27日 星期一 08:38:08 CST ===
file_path: EMPTY
has_file_content: false
has_replacements: false
top_keys: cwd, extra, hook_event_name, session_id, tool_input, tool_name, transcript_path
tool_input_keys: command, description, is_background
=== DONE ===
=== 2026年 07月 27日 星期一 08:39:30 CST ===
file_path: EMPTY
has_file_content: false
has_replacements: false
top_keys: cwd, extra, hook_event_name, session_id, tool_input, tool_name, transcript_path
tool_input_keys: command, description, is_background
=== DONE ===
=== 2026年 07月 27日 星期一 08:39:40 CST ===
file_path: EMPTY
has_file_content: false
has_replacements: false
top_keys: cwd, extra, hook_event_name, session_id, tool_input, tool_name, transcript_path
tool_input_keys: command, description, is_background
=== DONE ===
=== 2026年 07月 27日 星期一 08:39:57 CST ===
file_path: EMPTY
has_file_content: false
has_replacements: false
top_keys: cwd, extra, hook_event_name, session_id, tool_input, tool_name, transcript_path
tool_input_keys: command, description, is_background
=== DONE ===
=== 2026年 07月 27日 星期一 08:42:46 CST ===
file_path: /home/xmm/ai/add-coder/.qoder/plans/2026-07/28/add-coder-agent-memory-plan-v2.temporary.md
has_file_content: true
has_replacements: false
[file_content[500]]: # add-coder-agent-memory-v2 HITL 审议

## HITL 计划总览（一次性提交人类审核）

| 维度 | 内容 | 人类决策 |
|------|------|:---:|
| 影响模块 | Prisma（add.prisma 新增 AddMemory 模型 + pgvector/SQLite-Vec）、MCP Server（新增 memory-tools.ts 5 工具）、Hook（PromptSubmit/PostToolUse/session-init 三层集成）、词汇表（触发词） | 同意/调整 |
| 预估文件数 | ~8 文件（1 模型 + 1 migration + 1 MCP 工具 + 3 hook 修改 + 1 词汇表 + 1
top_keys: cwd, extra, hook_event_name, session_id, tool_input, tool_name, transcript_path
tool_input_keys: file_content, file_path
=== DONE ===
=== 2026年 07月 27日 星期一 08:43:56 CST ===
file_path: EMPTY
has_file_content: false
has_replacements: false
top_keys: cwd, extra, hook_event_name, session_id, tool_input, tool_name, transcript_path
tool_input_keys: command, description, is_background, timeout
=== DONE ===
=== 2026年 07月 27日 星期一 08:44:07 CST ===
file_path: EMPTY
has_file_content: false
has_replacements: false
top_keys: cwd, extra, hook_event_name, session_id, tool_input, tool_name, transcript_path
tool_input_keys: command, description, is_background
=== DONE ===
=== 2026年 07月 27日 星期一 08:49:30 CST ===
file_path: /home/xmm/ai/add-coder/prisma/add.prisma
has_file_content: false
has_replacements: true
[replacement_new_text[500]]: model HitlRecord {
  id           String      @id @default(cuid())
  planName     String      // 自然键关联 PlanRecord.planName（非 FK，因 @@unique([planName, round]) 不唯一）
  round        Int         @default(1)
  type         HitlType    @default(PLAN)
top_keys: cwd, extra, hook_event_name, session_id, tool_input, tool_name, transcript_path
tool_input_keys: file_path, replacements
=== DONE ===
=== 2026年 07月 27日 星期一 08:49:33 CST ===
file_path: /home/xmm/ai/add-coder/prisma/add.prisma
has_file_content: false
has_replacements: true
[replacement_new_text[500]]: model HitlRecord {
  id           String      @id @default(cuid())
  planName     String      // 自然键关联 PlanRecord.planName（非 FK，因 @@unique([planName, round]) 不唯一）
  round        Int         @default(1)
  type         HitlType    @default(PLAN)
top_keys: cwd, extra, hook_event_name, session_id, tool_input, tool_name, tool_response, transcript_path
tool_input_keys: file_path, replacements
=== DONE ===
=== 2026年 07月 27日 星期一 08:50:03 CST ===
file_path: /home/xmm/ai/add-coder/.qoder/plans/2026-07/25/add-coder-hitl-mcp-hook-plan-v1.md
has_file_content: false
has_replacements: true
[replacement_new_text[500]]: model HitlRecord  { id String @id; planName String; round Int @default(1); type HitlType; status HitlStatus; ...
  @@unique([planName, round]) } [回流: Review P1 #3 外键+round]
model PlanRecord  { id String @id; planName String @unique; totalTasks Int; doneTasks Int; ... }
model ReviewRecord { id String @id; planName String; plan PlanRecord @relation(fields: [planName], references: [planName]); type ReviewType; reviewPath String; ... }
top_keys: cwd, extra, hook_event_name, session_id, tool_input, tool_name, transcript_path
tool_input_keys: file_path, replacements
=== DONE ===
=== 2026年 07月 27日 星期一 08:50:07 CST ===
file_path: /home/xmm/ai/add-coder/.qoder/plans/2026-07/25/add-coder-hitl-mcp-hook-plan-v1.md
has_file_content: false
has_replacements: true
[replacement_new_text[500]]: model HitlRecord  { id String @id; planName String; round Int @default(1); type HitlType; status HitlStatus; ...
  @@unique([planName, round]) } [回流: Review P1 #3 外键+round]
model PlanRecord  { id String @id; planName String @unique; totalTasks Int; doneTasks Int; ... }
model ReviewRecord { id String @id; planName String; plan PlanRecord @relation(fields: [planName], references: [planName]); type ReviewType; reviewPath String; ... }
top_keys: cwd, extra, hook_event_name, session_id, tool_input, tool_name, tool_response, transcript_path
tool_input_keys: file_path, replacements
=== DONE ===
=== 2026年 07月 27日 星期一 08:50:19 CST ===
file_path: EMPTY
has_file_content: false
has_replacements: false
top_keys: cwd, extra, hook_event_name, session_id, tool_input, tool_name, transcript_path
tool_input_keys: command, description, is_background, timeout
=== DONE ===
=== 2026年 07月 27日 星期一 08:50:46 CST ===
file_path: /home/xmm/ai/add-coder/prisma/add.prisma
has_file_content: false
has_replacements: true
[replacement_new_text[500]]:   planKeyword    String?
  reviews        ReviewRecord[]
  createdAt      DateTime      @default(now())
top_keys: cwd, extra, hook_event_name, session_id, tool_input, tool_name, transcript_path
tool_input_keys: file_path, replacements
=== DONE ===
=== 2026年 07月 27日 星期一 08:50:50 CST ===
file_path: /home/xmm/ai/add-coder/prisma/add.prisma
has_file_content: false
has_replacements: true
[replacement_new_text[500]]:   planKeyword    String?
  reviews        ReviewRecord[]
  createdAt      DateTime      @default(now())
top_keys: cwd, extra, hook_event_name, session_id, tool_input, tool_name, tool_response, transcript_path
tool_input_keys: file_path, replacements
=== DONE ===
=== 2026年 07月 27日 星期一 08:51:00 CST ===
file_path: EMPTY
has_file_content: false
has_replacements: false
top_keys: cwd, extra, hook_event_name, session_id, tool_input, tool_name, transcript_path
tool_input_keys: command, description, is_background, timeout
=== DONE ===
=== 2026年 07月 27日 星期一 08:52:00 CST ===
file_path: /home/xmm/ai/add-coder/.qoder/plans/2026-07/28/add-coder-agent-memory-plan-v2.md
has_file_content: true
has_replacements: false
[file_content[500]]: # add-coder-agent-memory-plan-v2

> **Plan/Spec 边界提醒**：Plan 回答"改什么、为什么改、改哪里"。完整 Prisma 字段/MCP 签名见 Spec。

## PLAN 元信息

- **Plan 名称**: add-coder-agent-memory-v2
- **启动时间**: 2026-07-28T10:00:00+08:00
- **主导 AI**: Qoder
- **关联文档**:
  - ADD Route: `.qoder/plans/2026-07/28/add-coder-agent-memory-add-route-v2.md`
  - Handoff: `.qoder/plans/2026-07/28/add-coder-agent-memory-handoff-v2.md`
  - Review: `.qoder/reviews/ad
top_keys: cwd, extra, hook_event_name, session_id, tool_input, tool_name, transcript_path
tool_input_keys: file_content, file_path
=== DONE ===
=== 2026年 07月 27日 星期一 08:52:02 CST ===
file_path: /home/xmm/ai/add-coder/.qoder/plans/2026-07/28/add-coder-agent-memory-plan-v2.md
has_file_content: true
has_replacements: false
[file_content[500]]: # add-coder-agent-memory-plan-v2

> **Plan/Spec 边界提醒**：Plan 回答"改什么、为什么改、改哪里"。完整 Prisma 字段/MCP 签名见 Spec。

## PLAN 元信息

- **Plan 名称**: add-coder-agent-memory-v2
- **启动时间**: 2026-07-28T10:00:00+08:00
- **主导 AI**: Qoder
- **关联文档**:
  - ADD Route: `.qoder/plans/2026-07/28/add-coder-agent-memory-add-route-v2.md`
  - Handoff: `.qoder/plans/2026-07/28/add-coder-agent-memory-handoff-v2.md`
  - Review: `.qoder/reviews/ad
top_keys: cwd, extra, hook_event_name, session_id, tool_input, tool_name, tool_response, transcript_path
tool_input_keys: file_content, file_path
=== DONE ===
=== 2026年 07月 27日 星期一 08:54:00 CST ===
file_path: /home/xmm/ai/add-coder/.qoder/skills/add-paradigm/SKILL.md
has_file_content: false
has_replacements: true
[replacement_new_text[500]]: 按 HITL 流程执行：调用 `create_hitl({ planName, type: "PLAN_REVIEW" })` 创建审批 → 人类审核后 `update_hitl` TONGYI → 读取 `review-implementation-template.md` 生成完整 Review → 写入 `.qoder/reviews/`。详见上方 Review HITL 磋商说明。
top_keys: cwd, extra, hook_event_name, session_id, tool_input, tool_name, transcript_path
tool_input_keys: file_path, replacements
=== DONE ===
=== 2026年 07月 27日 星期一 08:54:04 CST ===
file_path: /home/xmm/ai/add-coder/.qoder/skills/add-paradigm/SKILL.md
has_file_content: false
has_replacements: true
[replacement_new_text[500]]: 按 HITL 流程执行：调用 `create_hitl({ planName, type: "PLAN_REVIEW" })` 创建审批 → 人类审核后 `update_hitl` TONGYI → 读取 `review-implementation-template.md` 生成完整 Review → 写入 `.qoder/reviews/`。详见上方 Review HITL 磋商说明。
top_keys: cwd, extra, hook_event_name, session_id, tool_input, tool_name, tool_response, transcript_path
tool_input_keys: file_path, replacements
=== DONE ===
=== 2026年 07月 27日 星期一 08:55:02 CST ===
file_path: EMPTY
has_file_content: false
has_replacements: false
top_keys: cwd, extra, hook_event_name, session_id, tool_input, tool_name, transcript_path
tool_input_keys: command, description, is_background
=== DONE ===
=== 2026年 07月 27日 星期一 08:58:44 CST ===
file_path: /home/xmm/ai/add-coder/templates/core/hooks/doc-format-guard.sh
has_file_content: false
has_replacements: true
[replacement_new_text[500]]:       *fix-verif*)       TEMPLATE_NAME="fix-verification-template.md" ;;
      *hitl*)           TEMPLATE_NAME="hitl-template.md" ;;
top_keys: cwd, extra, hook_event_name, session_id, tool_input, tool_name, transcript_path
tool_input_keys: file_path, replacements
=== DONE ===
=== 2026年 07月 27日 星期一 08:58:48 CST ===
file_path: /home/xmm/ai/add-coder/templates/core/hooks/doc-format-guard.sh
has_file_content: false
has_replacements: true
[replacement_new_text[500]]:       *fix-verif*)       TEMPLATE_NAME="fix-verification-template.md" ;;
      *hitl*)           TEMPLATE_NAME="hitl-template.md" ;;
top_keys: cwd, extra, hook_event_name, session_id, tool_input, tool_name, tool_response, transcript_path
tool_input_keys: file_path, replacements
=== DONE ===
=== 2026年 07月 27日 星期一 08:59:23 CST ===
file_path: /home/xmm/ai/add-coder/templates/core/templates/hitl-template.schema.json
has_file_content: true
has_replacements: false
[file_content[500]]: {
    "template": "hitl-template.md",
    "sections": [
        {
            "id": "hitl-overview",
            "heading": "## HITL 计划总览",
            "required": true
        },
        {
            "id": "conclusion",
            "heading": "## 审批结论",
            "required": true
        }
    ],
    "subsections": [],
    "placeholders": [
        "{{planName}}",
        "{{round}}",
        "{{type}}",
        "{{createdAt}}"
    ],
    "forbidden_terms": []
}
top_keys: cwd, extra, hook_event_name, session_id, tool_input, tool_name, transcript_path
tool_input_keys: file_content, file_path
=== DONE ===
=== 2026年 07月 27日 星期一 08:59:27 CST ===
file_path: /home/xmm/ai/add-coder/templates/core/templates/hitl-template.schema.json
has_file_content: true
has_replacements: false
[file_content[500]]: {
    "template": "hitl-template.md",
    "sections": [
        {
            "id": "hitl-overview",
            "heading": "## HITL 计划总览",
            "required": true
        },
        {
            "id": "conclusion",
            "heading": "## 审批结论",
            "required": true
        }
    ],
    "subsections": [],
    "placeholders": [
        "{{planName}}",
        "{{round}}",
        "{{type}}",
        "{{createdAt}}"
    ],
    "forbidden_terms": []
}
top_keys: cwd, extra, hook_event_name, session_id, tool_input, tool_name, tool_response, transcript_path
tool_input_keys: file_content, file_path
=== DONE ===
=== 2026年 07月 27日 星期一 08:59:37 CST ===
file_path: EMPTY
has_file_content: false
has_replacements: false
top_keys: cwd, extra, hook_event_name, session_id, tool_input, tool_name, transcript_path
tool_input_keys: command, description, is_background, timeout
=== DONE ===
=== 2026年 07月 27日 星期一 08:59:53 CST ===
file_path: /home/xmm/ai/add-coder/.qoder/plans/2026-07/25/add-coder-hitl-mcp-hook-plan-v1.md
has_file_content: false
has_replacements: true
[replacement_new_text[500]]: | templates/core/templates/hitl-template.md | TEMPLATE | TEMPLATE_CREATED | 不存在 | HITL 提案模板可用 | ~~待实施~~ → ✅ 已完成 [2026-07-27 修订: 轮次3完成] |
| templates/core/templates/hitl-template.schema.json | CONFIG | CONFIG_CREATED | 不存在 → JSON Schema 格式 | doc-format-guard 兼容格式（sections/placeholders/forbidden_terms） | ~~待实施~~ → ✅ 已完成 [2026-07-27 修订: 轮次3完成，格式修正为 doc-format-guard 兼容] |
| templates/cor
top_keys: cwd, extra, hook_event_name, session_id, tool_input, tool_name, transcript_path
tool_input_keys: file_path, replacements
=== DONE ===
=== 2026年 07月 27日 星期一 08:59:56 CST ===
file_path: /home/xmm/ai/add-coder/.qoder/plans/2026-07/25/add-coder-hitl-mcp-hook-plan-v1.md
has_file_content: false
has_replacements: true
[replacement_new_text[500]]: | templates/core/templates/hitl-template.md | TEMPLATE | TEMPLATE_CREATED | 不存在 | HITL 提案模板可用 | ~~待实施~~ → ✅ 已完成 [2026-07-27 修订: 轮次3完成] |
| templates/core/templates/hitl-template.schema.json | CONFIG | CONFIG_CREATED | 不存在 → JSON Schema 格式 | doc-format-guard 兼容格式（sections/placeholders/forbidden_terms） | ~~待实施~~ → ✅ 已完成 [2026-07-27 修订: 轮次3完成，格式修正为 doc-format-guard 兼容] |
| templates/cor
top_keys: cwd, extra, hook_event_name, session_id, tool_input, tool_name, tool_response, transcript_path
tool_input_keys: file_path, replacements
=== DONE ===
=== 2026年 07月 27日 星期一 09:05:21 CST ===
file_path: EMPTY
has_file_content: false
has_replacements: false
top_keys: cwd, extra, hook_event_name, session_id, tool_input, tool_name, transcript_path
tool_input_keys: command, description, is_background
=== DONE ===
=== 2026年 07月 27日 星期一 09:05:35 CST ===
file_path: /home/xmm/ai/add-coder/.qoder/plans/2026-07/25/add-coder-hitl-mcp-hook-plan-v1.hitl.md
has_file_content: true
has_replacements: false
[file_content[500]]: # add-coder-hitl-mcp-hook — HITL 提案 (round 1)

> 创建: 2026-07-25  |  类型: PLAN  |  状态: TONGYI

## HITL 计划总览

| # | 维度 | 方案内容 | 决策 |
|---|------|----------|:----:|
| 1 | 实施主体 | add-coder（prisma 模型 + MCP 工具 + SKILL + rules），weather_proxy 通过 sync 消费 | ✅ 同意 |
| 2 | 数据模型 | add.prisma 新增 HitlRecord + PlanRecord + ReviewRecord + 3 enum | ✅ 同意 |
| 3 | MCP 工具 | 9 工具：HITL×3 + Plan×3 + Review×3 | ✅ 
top_keys: cwd, extra, hook_event_name, session_id, tool_input, tool_name, transcript_path
tool_input_keys: file_content, file_path
=== DONE ===
=== 2026年 07月 27日 星期一 09:05:51 CST ===
file_path: EMPTY
has_file_content: false
has_replacements: false
top_keys: cwd, extra, hook_event_name, session_id, tool_input, tool_name, transcript_path
tool_input_keys: command, description, is_background
=== DONE ===
=== 2026年 07月 27日 星期一 09:06:02 CST ===
file_path: /home/xmm/ai/add-coder/.hitl-tongyi-add-coder-hitl-mcp-hook
has_file_content: true
has_replacements: false
[file_content[500]]: 2026-07-25 TONGYI (历史 Plan, HITL 工具上线前已通过 temporary.md 审议)
top_keys: cwd, extra, hook_event_name, session_id, tool_input, tool_name, transcript_path
tool_input_keys: file_content, file_path
=== DONE ===
=== 2026年 07月 27日 星期一 09:06:04 CST ===
file_path: /home/xmm/ai/add-coder/.hitl-tongyi-add-coder-hitl-mcp-hook
has_file_content: true
has_replacements: false
[file_content[500]]: 2026-07-25 TONGYI (历史 Plan, HITL 工具上线前已通过 temporary.md 审议)
top_keys: cwd, extra, hook_event_name, session_id, tool_input, tool_name, tool_response, transcript_path
tool_input_keys: file_content, file_path
=== DONE ===
=== 2026年 07月 27日 星期一 09:06:17 CST ===
file_path: /home/xmm/ai/add-coder/.qoder/plans/2026-07/25/add-coder-hitl-mcp-hook-plan-v1.hitl.md
has_file_content: true
has_replacements: false
[file_content[500]]: # add-coder-hitl-mcp-hook — HITL 提案 (round 1)

> 创建: 2026-07-25  |  类型: PLAN  |  状态: TONGYI

## HITL 计划总览

| # | 维度 | 方案内容 | 决策 |
|---|------|----------|:----:|
| 1 | 实施主体 | add-coder（prisma + MCP + SKILL + rules），weather_proxy sync 消费 | ✅ 同意 |
| 2 | 数据模型 | HitlRecord + PlanRecord + ReviewRecord + 3 enum | ✅ 同意 |
| 3 | MCP 工具 | 9 工具：HITL×3 + Plan×3 + Review×3 | ✅ 同意 |
| 4 | 文件命名 | hitl-temp
top_keys: cwd, extra, hook_event_name, session_id, tool_input, tool_name, transcript_path
tool_input_keys: file_content, file_path
=== DONE ===
=== 2026年 07月 27日 星期一 09:06:45 CST ===
file_path: /home/xmm/ai/add-coder/.hitl-tongyi-add-coder-hitl-mcp-hook-plan-v1.hitl
has_file_content: true
has_replacements: false
[file_content[500]]: 2026-07-25 TONGYI (历史 Plan, temporary.md → hitl-template.md 迁移)
top_keys: cwd, extra, hook_event_name, session_id, tool_input, tool_name, transcript_path
tool_input_keys: file_content, file_path
=== DONE ===
=== 2026年 07月 27日 星期一 09:06:48 CST ===
file_path: /home/xmm/ai/add-coder/.hitl-tongyi-add-coder-hitl-mcp-hook-plan-v1.hitl
has_file_content: true
has_replacements: false
[file_content[500]]: 2026-07-25 TONGYI (历史 Plan, temporary.md → hitl-template.md 迁移)
top_keys: cwd, extra, hook_event_name, session_id, tool_input, tool_name, tool_response, transcript_path
tool_input_keys: file_content, file_path
=== DONE ===
=== 2026年 07月 27日 星期一 09:06:59 CST ===
file_path: /home/xmm/ai/add-coder/.qoder/plans/2026-07/25/add-coder-hitl-mcp-hook-plan-v1.hitl.md
has_file_content: true
has_replacements: false
[file_content[500]]: # add-coder-hitl-mcp-hook — HITL 提案 (round 1)

> 创建: 2026-07-25  |  类型: PLAN  |  状态: TONGYI

## HITL 计划总览

| # | 维度 | 方案内容 | 决策 |
|---|------|----------|:----:|
| 1 | 实施主体 | add-coder + weather_proxy 消费 | ✅ 同意 |
| 2 | 数据模型 | HitlRecord + PlanRecord + ReviewRecord + 3 enum | ✅ 同意 |
| 3 | MCP 工具 | 9 工具（HITL×3 + Plan×3 + Review×3） | ✅ 同意 |
| 4 | 文件命名 | hitl-template.md 生成 .hitl.md，哨兵 .hi
top_keys: cwd, extra, hook_event_name, session_id, tool_input, tool_name, transcript_path
tool_input_keys: file_content, file_path
=== DONE ===
=== 2026年 07月 27日 星期一 09:12:57 CST ===
file_path: /home/xmm/ai/add-coder/templates/core/hooks/pre-tool-use.sh
has_file_content: false
has_replacements: true
[replacement_new_text[500]]: _tongyi_marker="${PROJECT_DIR}/${MAGIC_DIR}/hitl/.tongyi-${_planName}"
top_keys: cwd, extra, hook_event_name, session_id, tool_input, tool_name, transcript_path
tool_input_keys: file_path, replacements
=== DONE ===
=== 2026年 07月 27日 星期一 09:13:00 CST ===
file_path: /home/xmm/ai/add-coder/templates/core/hooks/pre-tool-use.sh
has_file_content: false
has_replacements: true
[replacement_new_text[500]]: _tongyi_marker="${PROJECT_DIR}/${MAGIC_DIR}/hitl/.tongyi-${_planName}"
top_keys: cwd, extra, hook_event_name, session_id, tool_input, tool_name, tool_response, transcript_path
tool_input_keys: file_path, replacements
=== DONE ===
=== 2026年 07月 27日 星期一 09:13:40 CST ===
file_path: /home/xmm/ai/add-coder/templates/core/scripts/mcp-server/tools/hitl.ts
has_file_content: false
has_replacements: true
[replacement_new_text[500]]:       const markerDir = join(PROJECT_ROOT, MAGIC_DIR, "hitl")
      mkdirSync(markerDir, { recursive: true })
      const marker = s === "TONGYI"
        ? join(markerDir, `.tongyi-${planName}`)
        : join(markerDir, `.bohui-${planName}`)
top_keys: cwd, extra, hook_event_name, session_id, tool_input, tool_name, transcript_path
tool_input_keys: file_path, replacements
=== DONE ===
=== 2026年 07月 27日 星期一 09:13:44 CST ===
file_path: /home/xmm/ai/add-coder/templates/core/scripts/mcp-server/tools/hitl.ts
has_file_content: false
has_replacements: true
[replacement_new_text[500]]:       const markerDir = join(PROJECT_ROOT, MAGIC_DIR, "hitl")
      mkdirSync(markerDir, { recursive: true })
      const marker = s === "TONGYI"
        ? join(markerDir, `.tongyi-${planName}`)
        : join(markerDir, `.bohui-${planName}`)
top_keys: cwd, extra, hook_event_name, session_id, tool_input, tool_name, tool_response, transcript_path
tool_input_keys: file_path, replacements
=== DONE ===
=== 2026年 07月 27日 星期一 09:13:54 CST ===
file_path: /home/xmm/ai/add-coder/templates/core/scripts/mcp-server/tools/hitl.ts
has_file_content: false
has_replacements: true
[replacement_new_text[500]]:       writeFileSync(marker, markerContent, "utf-8")
top_keys: cwd, extra, hook_event_name, session_id, tool_input, tool_name, transcript_path
tool_input_keys: file_path, replacements
=== DONE ===
=== 2026年 07月 27日 星期一 09:13:58 CST ===
file_path: /home/xmm/ai/add-coder/templates/core/scripts/mcp-server/tools/hitl.ts
has_file_content: false
has_replacements: true
[replacement_new_text[500]]:       writeFileSync(marker, markerContent, "utf-8")
top_keys: cwd, extra, hook_event_name, session_id, tool_input, tool_name, tool_response, transcript_path
tool_input_keys: file_path, replacements
=== DONE ===
=== 2026年 07月 27日 星期一 09:15:05 CST ===
file_path: EMPTY
has_file_content: false
has_replacements: false
top_keys: cwd, extra, hook_event_name, session_id, tool_input, tool_name, transcript_path
tool_input_keys: command, description, is_background
=== DONE ===
=== 2026年 07月 27日 星期一 09:15:20 CST ===
file_path: EMPTY
has_file_content: false
has_replacements: false
top_keys: cwd, extra, hook_event_name, session_id, tool_input, tool_name, transcript_path
tool_input_keys: command, description, is_background
=== DONE ===
=== 2026年 07月 27日 星期一 09:16:59 CST ===
file_path: EMPTY
has_file_content: false
has_replacements: false
top_keys: cwd, extra, hook_event_name, session_id, tool_input, tool_name, transcript_path
tool_input_keys: command, description, is_background
=== DONE ===
=== 2026年 07月 27日 星期一 09:17:11 CST ===
file_path: EMPTY
has_file_content: false
has_replacements: false
top_keys: cwd, extra, hook_event_name, session_id, tool_input, tool_name, transcript_path
tool_input_keys: command, description, is_background, timeout
=== DONE ===
=== 2026年 07月 27日 星期一 09:17:24 CST ===
file_path: EMPTY
has_file_content: false
has_replacements: false
top_keys: cwd, extra, hook_event_name, session_id, tool_input, tool_name, transcript_path
tool_input_keys: command, description, is_background
=== DONE ===
=== 2026年 07月 27日 星期一 09:18:25 CST ===
file_path: /home/xmm/ai/add-coder/templates/adapters/qoder/hooks/pre-tool-use.sh
has_file_content: false
has_replacements: true
[replacement_new_text[500]]: _tongyi_marker="${PROJECT_DIR}/${MAGIC_DIR}/hitl/.tongyi-${_planName}"
top_keys: cwd, extra, hook_event_name, session_id, tool_input, tool_name, transcript_path
tool_input_keys: file_path, replacements
=== DONE ===
=== 2026年 07月 27日 星期一 09:18:29 CST ===
file_path: /home/xmm/ai/add-coder/templates/adapters/qoder/hooks/pre-tool-use.sh
has_file_content: false
has_replacements: true
[replacement_new_text[500]]: _tongyi_marker="${PROJECT_DIR}/${MAGIC_DIR}/hitl/.tongyi-${_planName}"
top_keys: cwd, extra, hook_event_name, session_id, tool_input, tool_name, tool_response, transcript_path
tool_input_keys: file_path, replacements
=== DONE ===
=== 2026年 07月 27日 星期一 09:18:40 CST ===
=== 2026年 07月 27日 星期一 09:18:40 CST ===
file_path: /home/xmm/ai/add-coder/templates/adapters/vscode/hooks/pre-tool-use.sh
file_path: /home/xmm/ai/add-coder/templates/adapters/claude/hooks/pre-tool-use.sh
has_file_content: false
has_file_content: false
has_replacements: true
has_replacements: true
[replacement_new_text[500]]: _tongyi_marker="${PROJECT_DIR}/${MAGIC_DIR}/hitl/.tongyi-${_planName}"
[replacement_new_text[500]]: _tongyi_marker="${PROJECT_DIR}/${MAGIC_DIR}/hitl/.tongyi-${_planName}"
top_keys: cwd, extra, hook_event_name, session_id, tool_input, tool_name, transcript_path
top_keys: cwd, extra, hook_event_name, session_id, tool_input, tool_name, transcript_path
tool_input_keys: file_path, replacements
=== DONE ===
tool_input_keys: file_path, replacements
=== DONE ===
=== 2026年 07月 27日 星期一 09:18:44 CST ===
=== 2026年 07月 27日 星期一 09:18:44 CST ===
file_path: /home/xmm/ai/add-coder/templates/adapters/claude/hooks/pre-tool-use.sh
file_path: /home/xmm/ai/add-coder/templates/adapters/vscode/hooks/pre-tool-use.sh
has_file_content: false
has_file_content: false
has_replacements: true
has_replacements: true
[replacement_new_text[500]]: _tongyi_marker="${PROJECT_DIR}/${MAGIC_DIR}/hitl/.tongyi-${_planName}"
[replacement_new_text[500]]: _tongyi_marker="${PROJECT_DIR}/${MAGIC_DIR}/hitl/.tongyi-${_planName}"
top_keys: cwd, extra, hook_event_name, session_id, tool_input, tool_name, tool_response, transcript_path
top_keys: cwd, extra, hook_event_name, session_id, tool_input, tool_name, tool_response, transcript_path
tool_input_keys: file_path, replacements
=== DONE ===
tool_input_keys: file_path, replacements
=== DONE ===
=== 2026年 07月 27日 星期一 09:19:05 CST ===
file_path: EMPTY
has_file_content: false
has_replacements: false
top_keys: cwd, extra, hook_event_name, session_id, tool_input, tool_name, transcript_path
tool_input_keys: command, description, is_background, timeout
=== DONE ===
=== 2026年 07月 27日 星期一 09:20:20 CST ===
file_path: /home/xmm/ai/add-coder/.qoder/plans/2026-07/25/add-coder-hitl-mcp-hook-plan-v1.hitl.md
has_file_content: true
has_replacements: false
[file_content[500]]: # add-coder-hitl-mcp-hook — HITL 提案 (round 1)

> 创建: 2026-07-25  |  类型: PLAN  |  状态: TONGYI

## HITL 计划总览

| # | 维度 | 方案内容 | 决策 |
|---|------|----------|:----:|
| 1 | 实施主体 | add-coder + weather_proxy 消费 | ✅ |
| 2 | 数据模型 | HitlRecord + PlanRecord + ReviewRecord + 3 enum | ✅ |
| 3 | MCP 工具 | 9 工具（HITL×3 + Plan×3 + Review×3） | ✅ |
| 4 | 文件命名 | hitl-template.md 生成 .hitl.md | ✅ |
| 5 | 模板 + schema | h
top_keys: cwd, extra, hook_event_name, session_id, tool_input, tool_name, transcript_path
tool_input_keys: file_content, file_path
=== DONE ===
=== 2026年 07月 27日 星期一 09:20:22 CST ===
file_path: /home/xmm/ai/add-coder/.qoder/plans/2026-07/25/add-coder-hitl-mcp-hook-plan-v1.hitl.md
has_file_content: true
has_replacements: false
[file_content[500]]: # add-coder-hitl-mcp-hook — HITL 提案 (round 1)

> 创建: 2026-07-25  |  类型: PLAN  |  状态: TONGYI

## HITL 计划总览

| # | 维度 | 方案内容 | 决策 |
|---|------|----------|:----:|
| 1 | 实施主体 | add-coder + weather_proxy 消费 | ✅ |
| 2 | 数据模型 | HitlRecord + PlanRecord + ReviewRecord + 3 enum | ✅ |
| 3 | MCP 工具 | 9 工具（HITL×3 + Plan×3 + Review×3） | ✅ |
| 4 | 文件命名 | hitl-template.md 生成 .hitl.md | ✅ |
| 5 | 模板 + schema | h
top_keys: cwd, extra, hook_event_name, session_id, tool_input, tool_name, tool_response, transcript_path
tool_input_keys: file_content, file_path
=== DONE ===
=== 2026年 07月 27日 星期一 09:20:32 CST ===
file_path: /home/xmm/ai/add-coder/.qoder/plans/2026-07/25/add-coder-hitl-mcp-hook-plan-v1.temporary.md
has_file_content: false
has_replacements: false
top_keys: cwd, extra, hook_event_name, session_id, tool_input, tool_name, transcript_path
tool_input_keys: file_path
=== DONE ===
=== 2026年 07月 27日 星期一 09:20:32 CST ===
file_path: /home/xmm/ai/add-coder/.qoder/plans/2026-07/25/add-coder-hitl-mcp-hook-plan-v1.temporary.md
has_file_content: false
has_replacements: false
top_keys: cwd, extra, hook_event_name, session_id, tool_input, tool_name, tool_response, transcript_path
tool_input_keys: file_path
=== DONE ===
=== 2026年 07月 27日 星期一 09:21:32 CST ===
file_path: /home/xmm/ai/add-coder/.qoder/plans/2026-07/25/add-coder-hitl-mcp-hook-plan-v1.hitl.md
has_file_content: true
has_replacements: false
[file_content[500]]: # add-coder-hitl-mcp-hook — HITL 提案 (round 1)

> 创建: 2026-07-25  |  类型: PLAN  |  状态: TONGYI

## HITL 计划总览

| # | 维度 | 方案内容 | 决策 |
|---|------|----------|:----:|
| 1 | 实施主体 | add-coder（prisma 模型 + MCP 工具 + SKILL + rules），weather_proxy 通过 sync 消费 | ✅ |
| 2 | 数据模型 | add.prisma 新增 HitlRecord（审批状态机）+ PlanRecord（计划追踪）+ ReviewRecord（评审记录）+ 3 enum（HitlType/HitlStatus/ReviewType�
top_keys: cwd, extra, hook_event_name, session_id, tool_input, tool_name, transcript_path
tool_input_keys: file_content, file_path
=== DONE ===
=== 2026年 07月 27日 星期一 09:21:36 CST ===
file_path: /home/xmm/ai/add-coder/.qoder/plans/2026-07/25/add-coder-hitl-mcp-hook-plan-v1.hitl.md
has_file_content: true
has_replacements: false
[file_content[500]]: # add-coder-hitl-mcp-hook — HITL 提案 (round 1)

> 创建: 2026-07-25  |  类型: PLAN  |  状态: TONGYI

## HITL 计划总览

| # | 维度 | 方案内容 | 决策 |
|---|------|----------|:----:|
| 1 | 实施主体 | add-coder（prisma 模型 + MCP 工具 + SKILL + rules），weather_proxy 通过 sync 消费 | ✅ |
| 2 | 数据模型 | add.prisma 新增 HitlRecord（审批状态机）+ PlanRecord（计划追踪）+ ReviewRecord（评审记录）+ 3 enum（HitlType/HitlStatus/ReviewType�
top_keys: cwd, extra, hook_event_name, session_id, tool_input, tool_name, tool_response, transcript_path
tool_input_keys: file_content, file_path
=== DONE ===
=== 2026年 07月 27日 星期一 09:26:21 CST ===
file_path: /home/xmm/ai/add-coder/scripts/sync-magic-dirs.sh
has_file_content: false
has_replacements: true
[replacement_new_text[500]]: # adapters/qoder/hooks → .qoder/hooks  
sync_dir "$PROJECT_DIR/templates/adapters/qoder/hooks" "$PROJECT_DIR/.qoder/hooks" "qoder hooks" ".qoder"

# ── Qoder CN: 同步 hook 配置到 ~/.qoder-cn/settings.json ──
QODERCN_SETTINGS="$HOME/.qoder-cn/settings.json"
if [ -f "$QODERCN_SETTINGS" ]; then
  echo "🏷️  Qoder CN: 检测到现有配置，更新 hooks 段..."
  # 删除旧的 hooks 段，注入新配置
  python3 -c "
import json, sys
config = json.load(open('$QODERCN_SETTINGS'
top_keys: cwd, extra, hook_event_name, session_id, tool_input, tool_name, transcript_path
tool_input_keys: file_path, replacements
=== DONE ===
=== 2026年 07月 27日 星期一 09:26:25 CST ===
file_path: /home/xmm/ai/add-coder/scripts/sync-magic-dirs.sh
has_file_content: false
has_replacements: true
[replacement_new_text[500]]: # adapters/qoder/hooks → .qoder/hooks  
sync_dir "$PROJECT_DIR/templates/adapters/qoder/hooks" "$PROJECT_DIR/.qoder/hooks" "qoder hooks" ".qoder"

# ── Qoder CN: 同步 hook 配置到 ~/.qoder-cn/settings.json ──
QODERCN_SETTINGS="$HOME/.qoder-cn/settings.json"
if [ -f "$QODERCN_SETTINGS" ]; then
  echo "🏷️  Qoder CN: 检测到现有配置，更新 hooks 段..."
  # 删除旧的 hooks 段，注入新配置
  python3 -c "
import json, sys
config = json.load(open('$QODERCN_SETTINGS'
top_keys: cwd, extra, hook_event_name, session_id, tool_input, tool_name, tool_response, transcript_path
tool_input_keys: file_path, replacements
=== DONE ===
=== 2026年 07月 27日 星期一 09:26:35 CST ===
file_path: EMPTY
has_file_content: false
has_replacements: false
top_keys: cwd, extra, hook_event_name, session_id, tool_input, tool_name, transcript_path
tool_input_keys: command, description, is_background, timeout
=== DONE ===
=== 2026年 07月 27日 星期一 09:26:49 CST ===
file_path: EMPTY
has_file_content: false
has_replacements: false
top_keys: cwd, extra, hook_event_name, session_id, tool_input, tool_name, transcript_path
tool_input_keys: command, description, is_background
=== DONE ===
=== 2026年 07月 27日 星期一 09:26:59 CST ===
file_path: EMPTY
has_file_content: false
has_replacements: false
top_keys: cwd, extra, hook_event_name, session_id, tool_input, tool_name, transcript_path
tool_input_keys: command, description, is_background
=== DONE ===
=== 2026年 07月 27日 星期一 09:27:11 CST ===
file_path: /home/xmm/ai/add-coder/ADD-governance-qoder-cn.md
has_file_content: false
has_replacements: true
[replacement_new_text[500]]: ② ~/.qoder-cn/settings.json 写入 hook 配置（command 使用绝对路径，`npm run sync` 自动合并）
top_keys: cwd, extra, hook_event_name, session_id, tool_input, tool_name, transcript_path
tool_input_keys: file_path, replacements
=== DONE ===
=== 2026年 07月 27日 星期一 09:27:14 CST ===
file_path: /home/xmm/ai/add-coder/ADD-governance-qoder-cn.md
has_file_content: false
has_replacements: true
[replacement_new_text[500]]: ② ~/.qoder-cn/settings.json 写入 hook 配置（command 使用绝对路径，`npm run sync` 自动合并）
top_keys: cwd, extra, hook_event_name, session_id, tool_input, tool_name, tool_response, transcript_path
tool_input_keys: file_path, replacements
=== DONE ===
=== 2026年 07月 27日 星期一 09:27:48 CST ===
file_path: /home/xmm/ai/add-coder/scripts/sync-magic-dirs.sh
has_file_content: false
has_replacements: true
[replacement_new_text[500]]:   python3 -c "
import json, os
project_dir = '$PROJECT_DIR'
src = json.load(open(os.path.join(project_dir, '.qoder/settings.json')))
hooks = {}
for event, groups in src.get('hooks', {}).items():
    new_groups = []
    for g in groups:
        new_hooks = []
        for h in g.get('hooks', []):
            cmd = h.get('command', '').replace('bash .qoder/', 'bash ' + project_dir + '/.qoder/')
            new_hooks.append({**h, 'command': cmd})
        new_groups.append({**g, 'hooks': new_hooks})
top_keys: cwd, extra, hook_event_name, session_id, tool_input, tool_name, transcript_path
tool_input_keys: file_path, replacements
=== DONE ===
=== 2026年 07月 27日 星期一 09:27:52 CST ===
file_path: /home/xmm/ai/add-coder/scripts/sync-magic-dirs.sh
has_file_content: false
has_replacements: true
[replacement_new_text[500]]:   python3 -c "
import json, os
project_dir = '$PROJECT_DIR'
src = json.load(open(os.path.join(project_dir, '.qoder/settings.json')))
hooks = {}
for event, groups in src.get('hooks', {}).items():
    new_groups = []
    for g in groups:
        new_hooks = []
        for h in g.get('hooks', []):
            cmd = h.get('command', '').replace('bash .qoder/', 'bash ' + project_dir + '/.qoder/')
            new_hooks.append({**h, 'command': cmd})
        new_groups.append({**g, 'hooks': new_hooks})
top_keys: cwd, extra, hook_event_name, session_id, tool_input, tool_name, tool_response, transcript_path
tool_input_keys: file_path, replacements
=== DONE ===
=== 2026年 07月 27日 星期一 09:28:04 CST ===
file_path: EMPTY
has_file_content: false
has_replacements: false
top_keys: cwd, extra, hook_event_name, session_id, tool_input, tool_name, transcript_path
tool_input_keys: command, description, is_background, timeout
=== DONE ===
=== 2026年 07月 27日 星期一 09:28:17 CST ===
file_path: EMPTY
has_file_content: false
has_replacements: false
top_keys: cwd, extra, hook_event_name, session_id, tool_input, tool_name, transcript_path
tool_input_keys: command, description, is_background
=== DONE ===
=== 2026年 07月 27日 星期一 09:30:26 CST ===
file_path: /home/xmm/ai/add-coder/scripts/sync-magic-dirs.sh
has_file_content: false
has_replacements: true
[replacement_new_text[500]]: # ── Qoder CN: 同步 hook 配置到 ~/.qoder-cn/settings.json ──
sync_qodercn_hooks() {
  local project_dir="$1"
  local qodercn_settings="$HOME/.qoder-cn/settings.json"
  local src_settings="$project_dir/.qoder/settings.json"

  if [ ! -f "$qodercn_settings" ]; then
    echo "⚠️  Qoder CN: ~/.qoder-cn/settings.json 不存在，跳过（非 Qoder CN 环境或未初始化）"
    return 0
  fi

  echo "🏷️  Qoder CN: 检测到现有配置，更新 hooks 段..."
  python3 -c "
imp
top_keys: cwd, extra, hook_event_name, session_id, tool_input, tool_name, transcript_path
tool_input_keys: file_path, replacements
=== DONE ===
=== 2026年 07月 27日 星期一 09:30:30 CST ===
file_path: /home/xmm/ai/add-coder/scripts/sync-magic-dirs.sh
has_file_content: false
has_replacements: true
[replacement_new_text[500]]: # ── Qoder CN: 同步 hook 配置到 ~/.qoder-cn/settings.json ──
sync_qodercn_hooks() {
  local project_dir="$1"
  local qodercn_settings="$HOME/.qoder-cn/settings.json"
  local src_settings="$project_dir/.qoder/settings.json"

  if [ ! -f "$qodercn_settings" ]; then
    echo "⚠️  Qoder CN: ~/.qoder-cn/settings.json 不存在，跳过（非 Qoder CN 环境或未初始化）"
    return 0
  fi

  echo "🏷️  Qoder CN: 检测到现有配置，更新 hooks 段..."
  python3 -c "
imp
top_keys: cwd, extra, hook_event_name, session_id, tool_input, tool_name, tool_response, transcript_path
tool_input_keys: file_path, replacements
=== DONE ===
=== 2026年 07月 27日 星期一 09:30:52 CST ===
file_path: /home/xmm/ai/add-coder/scripts/sync-magic-dirs.sh
has_file_content: false
has_replacements: true
[replacement_new_text[500]]: " 2>/dev/null || echo "⚠️  python3 不可用，跳过 Qoder CN 配置同步"
}
sync_qodercn_hooks "$PROJECT_DIR"

# adapters/vscode/hooks → .vscode/hooks
top_keys: cwd, extra, hook_event_name, session_id, tool_input, tool_name, transcript_path
tool_input_keys: file_path, replacements
=== DONE ===
=== 2026年 07月 27日 星期一 09:30:55 CST ===
file_path: /home/xmm/ai/add-coder/scripts/sync-magic-dirs.sh
has_file_content: false
has_replacements: true
[replacement_new_text[500]]: " 2>/dev/null || echo "⚠️  python3 不可用，跳过 Qoder CN 配置同步"
}
sync_qodercn_hooks "$PROJECT_DIR"

# adapters/vscode/hooks → .vscode/hooks
top_keys: cwd, extra, hook_event_name, session_id, tool_input, tool_name, tool_response, transcript_path
tool_input_keys: file_path, replacements
=== DONE ===
=== 2026年 07月 27日 星期一 09:32:24 CST ===
file_path: EMPTY
has_file_content: false
has_replacements: false
top_keys: cwd, extra, hook_event_name, session_id, tool_input, tool_name, transcript_path
tool_input_keys: command, description, is_background
=== DONE ===
=== 2026年 07月 27日 星期一 09:32:40 CST ===
file_path: EMPTY
has_file_content: false
has_replacements: false
top_keys: cwd, extra, hook_event_name, session_id, tool_input, tool_name, transcript_path
tool_input_keys: command, description, is_background
=== DONE ===
=== 2026年 07月 27日 星期一 09:32:53 CST ===
file_path: EMPTY
has_file_content: false
has_replacements: false
top_keys: cwd, extra, hook_event_name, session_id, tool_input, tool_name, transcript_path
tool_input_keys: command, description, is_background
=== DONE ===
=== 2026年 07月 27日 星期一 09:33:04 CST ===
file_path: EMPTY
has_file_content: false
has_replacements: false
top_keys: cwd, extra, hook_event_name, session_id, tool_input, tool_name, transcript_path
tool_input_keys: command, description, is_background
=== DONE ===
=== 2026年 07月 27日 星期一 09:33:20 CST ===
file_path: EMPTY
has_file_content: false
has_replacements: false
top_keys: cwd, extra, hook_event_name, session_id, tool_input, tool_name, transcript_path
tool_input_keys: command, description, is_background
=== DONE ===
=== 2026年 07月 27日 星期一 09:33:35 CST ===
file_path: EMPTY
has_file_content: false
has_replacements: false
top_keys: cwd, extra, hook_event_name, session_id, tool_input, tool_name, transcript_path
tool_input_keys: command, description, is_background
=== DONE ===
=== 2026年 07月 27日 星期一 09:33:48 CST ===
file_path: EMPTY
has_file_content: false
has_replacements: false
top_keys: cwd, extra, hook_event_name, session_id, tool_input, tool_name, transcript_path
tool_input_keys: command, description, is_background
=== DONE ===
=== 2026年 07月 27日 星期一 09:33:58 CST ===
file_path: EMPTY
has_file_content: false
has_replacements: false
top_keys: cwd, extra, hook_event_name, session_id, tool_input, tool_name, transcript_path
tool_input_keys: command, description, is_background
=== DONE ===
=== 2026年 07月 27日 星期一 09:34:11 CST ===
file_path: EMPTY
has_file_content: false
has_replacements: false
top_keys: cwd, extra, hook_event_name, session_id, tool_input, tool_name, transcript_path
tool_input_keys: command, description, is_background
=== DONE ===
=== 2026年 07月 27日 星期一 09:34:21 CST ===
file_path: EMPTY
has_file_content: false
has_replacements: false
top_keys: cwd, extra, hook_event_name, session_id, tool_input, tool_name, transcript_path
tool_input_keys: command, description, is_background
=== DONE ===
=== 2026年 07月 27日 星期一 09:42:16 CST ===
file_path: /home/xmm/ai/add-coder/scripts/patch-qoder-cn-hook-setting.ts
has_file_content: true
has_replacements: false
[file_content[500]]: #!/usr/bin/env tsx
// patch-qoder-cn-hook-setting.ts
// 将项目级 .qoder/settings.json 的 hook 配置同步到 Qoder CN 用户级 ~/.qoder-cn/settings.json
// 用法: tsx scripts/patch-qoder-cn-hook-setting.ts [projectDir]

import { readFileSync, writeFileSync, existsSync } from "fs"
import { join, resolve } from "path"
import { homedir } from "os"

const projectDir = resolve(process.argv[2] ?? ".")
const srcFile = join(projectDir, ".qoder", "settings.json")
const destFile = join(homedir(), 
top_keys: cwd, extra, hook_event_name, session_id, tool_input, tool_name, transcript_path
tool_input_keys: file_content, file_path
=== DONE ===
=== 2026年 07月 27日 星期一 09:42:20 CST ===
file_path: /home/xmm/ai/add-coder/scripts/patch-qoder-cn-hook-setting.ts
has_file_content: true
has_replacements: false
[file_content[500]]: #!/usr/bin/env tsx
// patch-qoder-cn-hook-setting.ts
// 将项目级 .qoder/settings.json 的 hook 配置同步到 Qoder CN 用户级 ~/.qoder-cn/settings.json
// 用法: tsx scripts/patch-qoder-cn-hook-setting.ts [projectDir]

import { readFileSync, writeFileSync, existsSync } from "fs"
import { join, resolve } from "path"
import { homedir } from "os"

const projectDir = resolve(process.argv[2] ?? ".")
const srcFile = join(projectDir, ".qoder", "settings.json")
const destFile = join(homedir(), 
top_keys: cwd, extra, hook_event_name, session_id, tool_input, tool_name, tool_response, transcript_path
tool_input_keys: file_content, file_path
=== DONE ===
=== 2026年 07月 27日 星期一 09:42:36 CST ===
file_path: /home/xmm/ai/add-coder/scripts/sync-magic-dirs.sh
has_file_content: false
has_replacements: true
[replacement_new_text[500]]: sync_qodercn_hooks() {
  local project_dir="$1"
  local qodercn_settings="$HOME/.qoder-cn/settings.json"

  if [ ! -f "$qodercn_settings" ]; then
    echo "⚠️  Qoder CN: ~/.qoder-cn/settings.json 不存在，跳过（非 Qoder CN 环境或未初始化）"
    return 0
  fi

  echo "🏷️  Qoder CN: 检测到现有配置，更新 hooks 段..."
  tsx "$SCRIPT_DIR/patch-qoder-cn-hook-setting.ts" "$project_dir" 2>/dev/null || echo "⚠️  tsx 不可用，跳过 Qoder CN 配置同步"
}
top_keys: cwd, extra, hook_event_name, session_id, tool_input, tool_name, transcript_path
tool_input_keys: file_path, replacements
=== DONE ===
=== 2026年 07月 27日 星期一 09:42:37 CST ===
file_path: /home/xmm/ai/add-coder/scripts/sync-magic-dirs.sh
has_file_content: false
has_replacements: true
[replacement_new_text[500]]: sync_qodercn_hooks() {
  local project_dir="$1"
  local qodercn_settings="$HOME/.qoder-cn/settings.json"

  if [ ! -f "$qodercn_settings" ]; then
    echo "⚠️  Qoder CN: ~/.qoder-cn/settings.json 不存在，跳过（非 Qoder CN 环境或未初始化）"
    return 0
  fi

  echo "🏷️  Qoder CN: 检测到现有配置，更新 hooks 段..."
  tsx "$SCRIPT_DIR/patch-qoder-cn-hook-setting.ts" "$project_dir" 2>/dev/null || echo "⚠️  tsx 不可用，跳过 Qoder CN 配置同步"
}
top_keys: cwd, extra, hook_event_name, session_id, tool_input, tool_name, tool_response, transcript_path
tool_input_keys: file_path, replacements
=== DONE ===
=== 2026年 07月 27日 星期一 09:43:03 CST ===
file_path: /home/xmm/ai/add-coder/scripts/sync-magic-dirs.sh
has_file_content: false
has_replacements: true
[replacement_new_text[500]]: sync_qodercn_hooks() {
  local project_dir="$1"
  local qodercn_settings="$HOME/.qoder-cn/settings.json"

  if [ ! -f "$qodercn_settings" ]; then
    echo "⚠️  Qoder CN: ~/.qoder-cn/settings.json 不存在，跳过（非 Qoder CN 环境或未初始化）"
    return 0
  fi

  echo "🏷️  Qoder CN: 检测到现有配置，更新 hooks 段..."
  tsx "$SCRIPT_DIR/patch-qoder-cn-hook-setting.ts" "$project_dir" 2>/dev/null || echo "⚠️  tsx 不可用，跳过 Qoder CN 配置同步"
}
sync_q
top_keys: cwd, extra, hook_event_name, session_id, tool_input, tool_name, transcript_path
tool_input_keys: file_path, replacements
=== DONE ===
=== 2026年 07月 27日 星期一 09:43:07 CST ===
file_path: /home/xmm/ai/add-coder/scripts/sync-magic-dirs.sh
has_file_content: false
has_replacements: true
[replacement_new_text[500]]: sync_qodercn_hooks() {
  local project_dir="$1"
  local qodercn_settings="$HOME/.qoder-cn/settings.json"

  if [ ! -f "$qodercn_settings" ]; then
    echo "⚠️  Qoder CN: ~/.qoder-cn/settings.json 不存在，跳过（非 Qoder CN 环境或未初始化）"
    return 0
  fi

  echo "🏷️  Qoder CN: 检测到现有配置，更新 hooks 段..."
  tsx "$SCRIPT_DIR/patch-qoder-cn-hook-setting.ts" "$project_dir" 2>/dev/null || echo "⚠️  tsx 不可用，跳过 Qoder CN 配置同步"
}
sync_q
top_keys: cwd, extra, hook_event_name, session_id, tool_input, tool_name, tool_response, transcript_path
tool_input_keys: file_path, replacements
=== DONE ===
=== 2026年 07月 27日 星期一 09:45:42 CST ===
file_path: EMPTY
has_file_content: false
has_replacements: false
top_keys: cwd, extra, hook_event_name, session_id, tool_input, tool_name, transcript_path
tool_input_keys: command, description, is_background
=== DONE ===
=== 2026年 07月 27日 星期一 09:46:00 CST ===
file_path: EMPTY
has_file_content: false
has_replacements: false
top_keys: cwd, extra, hook_event_name, session_id, tool_input, tool_name, transcript_path
tool_input_keys: command, description, is_background, timeout
=== DONE ===
=== 2026年 07月 27日 星期一 09:50:49 CST ===
file_path: /home/xmm/ai/add-coder/.qoder/plans/2026-07/25/add-coder-hitl-mcp-hook-plan-v1.md
has_file_content: false
has_replacements: true
[replacement_new_text[500]]: | templates/core/hooks/pre-tool-use.sh | CONFIG | CONFIG_MODIFIED | 无 HITL 拦截 | §C plans/reviews 写入拦截 + MAGIC_DIR/hitl/.tongyi-{planName} 哨兵检查 + 6 adapter 统一 | ~~待实施~~ → ✅ 已完成 [2026-07-27 修订: §C 实现 + 哨兵路径迁移 .qoder/hitl/] |
top_keys: cwd, extra, hook_event_name, session_id, tool_input, tool_name, transcript_path
tool_input_keys: file_path, replacements
=== DONE ===
=== 2026年 07月 27日 星期一 09:50:53 CST ===
file_path: /home/xmm/ai/add-coder/.qoder/plans/2026-07/25/add-coder-hitl-mcp-hook-plan-v1.md
has_file_content: false
has_replacements: true
[replacement_new_text[500]]: | templates/core/hooks/pre-tool-use.sh | CONFIG | CONFIG_MODIFIED | 无 HITL 拦截 | §C plans/reviews 写入拦截 + MAGIC_DIR/hitl/.tongyi-{planName} 哨兵检查 + 6 adapter 统一 | ~~待实施~~ → ✅ 已完成 [2026-07-27 修订: §C 实现 + 哨兵路径迁移 .qoder/hitl/] |
top_keys: cwd, extra, hook_event_name, session_id, tool_input, tool_name, tool_response, transcript_path
tool_input_keys: file_path, replacements
=== DONE ===
=== 2026年 07月 27日 星期一 09:52:27 CST ===
file_path: /home/xmm/ai/add-coder/tests/hitl.test.ts
has_file_content: true
has_replacements: false
[file_content[500]]: /**
 * MCP HITL 单元测试
 * 测试 HITL/Plan/Review 工具注册
 *
 * 运行: npx vitest run tests/hitl.test.ts
 */

import { describe, it, expect } from "vitest"
import { McpServer } from "@modelcontextprotocol/server"

function createServer() {
  return new McpServer(
    { name: "test-hitl", version: "0.0.0" },
    { capabilities: { tools: {} } }
  )
}

describe("HITL Tools: registerHitlTools", () => {
  it("注册不抛异常", async () => {
    const { registerHitlTools } = await impor
top_keys: cwd, extra, hook_event_name, session_id, tool_input, tool_name, transcript_path
tool_input_keys: file_content, file_path
=== DONE ===
=== 2026年 07月 27日 星期一 09:52:29 CST ===
file_path: /home/xmm/ai/add-coder/tests/hitl.test.ts
has_file_content: true
has_replacements: false
[file_content[500]]: /**
 * MCP HITL 单元测试
 * 测试 HITL/Plan/Review 工具注册
 *
 * 运行: npx vitest run tests/hitl.test.ts
 */

import { describe, it, expect } from "vitest"
import { McpServer } from "@modelcontextprotocol/server"

function createServer() {
  return new McpServer(
    { name: "test-hitl", version: "0.0.0" },
    { capabilities: { tools: {} } }
  )
}

describe("HITL Tools: registerHitlTools", () => {
  it("注册不抛异常", async () => {
    const { registerHitlTools } = await impor
top_keys: cwd, extra, hook_event_name, session_id, tool_input, tool_name, tool_response, transcript_path
tool_input_keys: file_content, file_path
=== DONE ===
=== 2026年 07月 27日 星期一 09:52:42 CST ===
file_path: EMPTY
has_file_content: false
has_replacements: false
top_keys: cwd, extra, hook_event_name, session_id, tool_input, tool_name, transcript_path
tool_input_keys: command, description, is_background, timeout
=== DONE ===
=== 2026年 07月 27日 星期一 09:52:54 CST ===
file_path: EMPTY
has_file_content: false
has_replacements: false
top_keys: cwd, extra, hook_event_name, session_id, tool_input, tool_name, transcript_path
tool_input_keys: command, description, is_background, timeout
=== DONE ===
=== 2026年 07月 27日 星期一 09:53:39 CST ===
file_path: /home/xmm/ai/add-coder/.qoder/plans/2026-07/25/add-coder-hitl-mcp-hook-plan-v1.md
has_file_content: false
has_replacements: true
[replacement_new_text[500]]: | tests/hitl.test.ts | TEST | TEST_CREATED | 不存在 | HITL 三表 CRUD + hook 拦截测试（7 case, 53/53 all pass） | ~~待实施~~ → ✅ 已完成 [2026-07-27 修订: 7/7 passed] |
top_keys: cwd, extra, hook_event_name, session_id, tool_input, tool_name, transcript_path
tool_input_keys: file_path, replacements
=== DONE ===
=== 2026年 07月 27日 星期一 09:53:43 CST ===
file_path: /home/xmm/ai/add-coder/.qoder/plans/2026-07/25/add-coder-hitl-mcp-hook-plan-v1.md
has_file_content: false
has_replacements: true
[replacement_new_text[500]]: | tests/hitl.test.ts | TEST | TEST_CREATED | 不存在 | HITL 三表 CRUD + hook 拦截测试（7 case, 53/53 all pass） | ~~待实施~~ → ✅ 已完成 [2026-07-27 修订: 7/7 passed] |
top_keys: cwd, extra, hook_event_name, session_id, tool_input, tool_name, tool_response, transcript_path
tool_input_keys: file_path, replacements
=== DONE ===
=== 2026年 07月 27日 星期一 09:56:07 CST ===
file_path: EMPTY
has_file_content: false
has_replacements: false
top_keys: cwd, extra, hook_event_name, session_id, tool_input, tool_name, transcript_path
tool_input_keys: command, description, is_background
=== DONE ===
=== 2026年 07月 27日 星期一 09:56:23 CST ===
file_path: EMPTY
has_file_content: false
has_replacements: false
top_keys: cwd, extra, hook_event_name, session_id, tool_input, tool_name, transcript_path
tool_input_keys: command, description, is_background
=== DONE ===
=== 2026年 07月 27日 星期一 09:56:36 CST ===
file_path: EMPTY
has_file_content: false
has_replacements: false
top_keys: cwd, extra, hook_event_name, session_id, tool_input, tool_name, transcript_path
tool_input_keys: command, description, is_background
=== DONE ===
=== 2026年 07月 27日 星期一 09:57:54 CST ===
file_path: EMPTY
has_file_content: false
has_replacements: false
top_keys: cwd, extra, hook_event_name, session_id, tool_input, tool_name, transcript_path
tool_input_keys: command, description, is_background
=== DONE ===
=== 2026年 07月 27日 星期一 09:58:06 CST ===
file_path: EMPTY
has_file_content: false
has_replacements: false
top_keys: cwd, extra, hook_event_name, session_id, tool_input, tool_name, transcript_path
tool_input_keys: command, description, is_background, timeout
=== DONE ===
=== 2026年 07月 27日 星期一 09:58:18 CST ===
file_path: EMPTY
has_file_content: false
has_replacements: false
top_keys: cwd, extra, hook_event_name, session_id, tool_input, tool_name, transcript_path
tool_input_keys: command, description, is_background
=== DONE ===
=== 2026年 07月 27日 星期一 09:58:30 CST ===
file_path: /home/xmm/ai/add-coder/.env.development
has_file_content: false
has_replacements: true
[replacement_new_text[500]]: DATABASE_URL="postgresql://farm_admin:farm_secure_pass_2024@localhost:5432/add-coder?schema=public"
top_keys: cwd, extra, hook_event_name, session_id, tool_input, tool_name, transcript_path
tool_input_keys: file_path, replacements
=== DONE ===
=== 2026年 07月 27日 星期一 09:58:34 CST ===
file_path: /home/xmm/ai/add-coder/.env.development
has_file_content: false
has_replacements: true
[replacement_new_text[500]]: DATABASE_URL="postgresql://farm_admin:farm_secure_pass_2024@localhost:5432/add-coder?schema=public"
top_keys: cwd, extra, hook_event_name, session_id, tool_input, tool_name, tool_response, transcript_path
tool_input_keys: file_path, replacements
=== DONE ===
=== 2026年 07月 27日 星期一 09:58:45 CST ===
file_path: EMPTY
has_file_content: false
has_replacements: false
top_keys: cwd, extra, hook_event_name, session_id, tool_input, tool_name, transcript_path
tool_input_keys: command, description, is_background, timeout
=== DONE ===
=== 2026年 07月 27日 星期一 09:58:58 CST ===
file_path: EMPTY
has_file_content: false
has_replacements: false
top_keys: cwd, extra, hook_event_name, session_id, tool_input, tool_name, transcript_path
tool_input_keys: command, description, is_background
=== DONE ===
=== 2026年 07月 27日 星期一 09:59:10 CST ===
file_path: EMPTY
has_file_content: false
has_replacements: false
top_keys: cwd, extra, hook_event_name, session_id, tool_input, tool_name, transcript_path
tool_input_keys: command, description, is_background
=== DONE ===
=== 2026年 07月 27日 星期一 09:59:28 CST ===
file_path: EMPTY
has_file_content: false
has_replacements: false
top_keys: cwd, extra, hook_event_name, session_id, tool_input, tool_name, transcript_path
tool_input_keys: command, description, is_background
=== DONE ===
=== 2026年 07月 27日 星期一 10:00:17 CST ===
file_path: /home/xmm/ai/add-coder/.env.development
has_file_content: false
has_replacements: true
[replacement_new_text[500]]: null
top_keys: cwd, extra, hook_event_name, session_id, tool_input, tool_name, transcript_path
tool_input_keys: file_path, replacements
=== DONE ===
=== 2026年 07月 27日 星期一 10:00:18 CST ===
file_path: /home/xmm/ai/add-coder/.env.development
has_file_content: false
has_replacements: true
[replacement_new_text[500]]: null
top_keys: cwd, extra, hook_event_name, session_id, tool_input, tool_name, tool_response, transcript_path
tool_input_keys: file_path, replacements
=== DONE ===
=== 2026年 07月 27日 星期一 10:00:29 CST ===
file_path: EMPTY
has_file_content: false
has_replacements: false
top_keys: cwd, extra, hook_event_name, session_id, tool_input, tool_name, transcript_path
tool_input_keys: command, description, is_background
=== DONE ===
=== 2026年 07月 27日 星期一 10:00:47 CST ===
file_path: EMPTY
has_file_content: false
has_replacements: false
top_keys: cwd, extra, hook_event_name, session_id, tool_input, tool_name, transcript_path
tool_input_keys: command, description, is_background
=== DONE ===
=== 2026年 07月 27日 星期一 10:01:06 CST ===
file_path: EMPTY
has_file_content: false
has_replacements: false
top_keys: cwd, extra, hook_event_name, session_id, tool_input, tool_name, transcript_path
tool_input_keys: command, description, is_background, timeout
=== DONE ===
=== 2026年 07月 27日 星期一 10:01:18 CST ===
file_path: EMPTY
has_file_content: false
has_replacements: false
top_keys: cwd, extra, hook_event_name, session_id, tool_input, tool_name, transcript_path
tool_input_keys: command, description, is_background
=== DONE ===
=== 2026年 07月 27日 星期一 10:01:31 CST ===
file_path: EMPTY
has_file_content: false
has_replacements: false
top_keys: cwd, extra, hook_event_name, session_id, tool_input, tool_name, transcript_path
tool_input_keys: command, description, is_background
=== DONE ===
=== 2026年 07月 27日 星期一 10:01:44 CST ===
file_path: EMPTY
has_file_content: false
has_replacements: false
top_keys: cwd, extra, hook_event_name, session_id, tool_input, tool_name, transcript_path
tool_input_keys: command, description, is_background
=== DONE ===
=== 2026年 07月 27日 星期一 10:01:58 CST ===
file_path: EMPTY
has_file_content: false
has_replacements: false
top_keys: cwd, extra, hook_event_name, session_id, tool_input, tool_name, transcript_path
tool_input_keys: command, description, is_background
=== DONE ===
=== 2026年 07月 27日 星期一 10:02:11 CST ===
file_path: EMPTY
has_file_content: false
has_replacements: false
top_keys: cwd, extra, hook_event_name, session_id, tool_input, tool_name, transcript_path
tool_input_keys: command, description, is_background, timeout
=== DONE ===
=== 2026年 07月 27日 星期一 10:02:30 CST ===
file_path: EMPTY
has_file_content: false
has_replacements: false
top_keys: cwd, extra, hook_event_name, session_id, tool_input, tool_name, transcript_path
tool_input_keys: command, description, is_background
=== DONE ===
=== 2026年 07月 27日 星期一 10:02:48 CST ===
file_path: EMPTY
has_file_content: false
has_replacements: false
top_keys: cwd, extra, hook_event_name, session_id, tool_input, tool_name, transcript_path
tool_input_keys: command, description, is_background, timeout
=== DONE ===
=== 2026年 07月 27日 星期一 10:03:00 CST ===
file_path: /home/xmm/ai/add-coder/prisma/migrations/20260727005101_drop_hitlrecord_fk/migration.sql
has_file_content: false
has_replacements: false
top_keys: cwd, extra, hook_event_name, session_id, tool_input, tool_name, transcript_path
tool_input_keys: file_path
=== DONE ===
=== 2026年 07月 27日 星期一 10:03:00 CST ===
file_path: /home/xmm/ai/add-coder/prisma/migrations/20260727005101_drop_hitlrecord_fk/migration.sql
has_file_content: false
has_replacements: false
top_keys: cwd, extra, hook_event_name, session_id, tool_input, tool_name, tool_response, transcript_path
tool_input_keys: file_path
=== DONE ===
=== 2026年 07月 27日 星期一 10:03:12 CST ===
file_path: EMPTY
has_file_content: false
has_replacements: false
top_keys: cwd, extra, hook_event_name, session_id, tool_input, tool_name, transcript_path
tool_input_keys: command, description, is_background
=== DONE ===
=== 2026年 07月 27日 星期一 10:03:27 CST ===
file_path: EMPTY
has_file_content: false
has_replacements: false
top_keys: cwd, extra, hook_event_name, session_id, tool_input, tool_name, transcript_path
tool_input_keys: command, description, is_background, timeout
=== DONE ===
=== 2026年 07月 27日 星期一 10:03:40 CST ===
file_path: EMPTY
has_file_content: false
has_replacements: false
top_keys: cwd, extra, hook_event_name, session_id, tool_input, tool_name, transcript_path
tool_input_keys: command, description, is_background, timeout
=== DONE ===
=== 2026年 07月 27日 星期一 10:03:53 CST ===
file_path: EMPTY
has_file_content: false
has_replacements: false
top_keys: cwd, extra, hook_event_name, session_id, tool_input, tool_name, transcript_path
tool_input_keys: command, description, is_background, timeout
=== DONE ===
=== 2026年 07月 27日 星期一 10:04:09 CST ===
file_path: EMPTY
has_file_content: false
has_replacements: false
top_keys: cwd, extra, hook_event_name, session_id, tool_input, tool_name, transcript_path
tool_input_keys: command, description, is_background, timeout
=== DONE ===
=== 2026年 07月 27日 星期一 10:05:53 CST ===
file_path: EMPTY
has_file_content: false
has_replacements: false
top_keys: cwd, extra, hook_event_name, session_id, tool_input, tool_name, transcript_path
tool_input_keys: command, description, is_background
=== DONE ===
=== 2026年 07月 27日 星期一 10:06:06 CST ===
file_path: EMPTY
has_file_content: false
has_replacements: false
top_keys: cwd, extra, hook_event_name, session_id, tool_input, tool_name, transcript_path
tool_input_keys: command, description, is_background
=== DONE ===
=== 2026年 07月 27日 星期一 10:06:34 CST ===
file_path: EMPTY
has_file_content: false
has_replacements: false
top_keys: cwd, extra, hook_event_name, session_id, tool_input, tool_name, transcript_path
tool_input_keys: command, description, is_background
=== DONE ===
=== 2026年 07月 27日 星期一 10:06:49 CST ===
file_path: EMPTY
has_file_content: false
has_replacements: false
top_keys: cwd, extra, hook_event_name, session_id, tool_input, tool_name, transcript_path
tool_input_keys: command, description, is_background
=== DONE ===
=== 2026年 07月 27日 星期一 10:10:32 CST ===
file_path: /home/xmm/ai/add-coder/scripts/crontab.txt
has_file_content: false
has_replacements: true
[replacement_new_text[500]]: # 每天凌晨 2:00 / 中午 12:10 开发环境数据库备份（保留 7 天）
0 2 * * * HOME=/home/xmm /bin/bash /home/xmm/ai/farm-agent/scripts/db-backup-dev.sh >> /home/xmm/data/farm-agent-backups/cron.log 2>&1
10 12 * * * HOME=/home/xmm /bin/bash /home/xmm/ai/farm-agent/scripts/db-backup-dev.sh >> /home/xmm/data/farm-agent-backups/cron.log 2>&1
# add-coder 治理数据备份（每天凌晨 2:05 / 中午 12:15）
5 2 * * * HOME=/home/xmm pg_dump -h localhost -p 5433 -U farm_admin -d add-cod
top_keys: cwd, extra, hook_event_name, session_id, tool_input, tool_name, transcript_path
tool_input_keys: file_path, replacements
=== DONE ===
=== 2026年 07月 27日 星期一 10:10:36 CST ===
file_path: /home/xmm/ai/add-coder/scripts/crontab.txt
has_file_content: false
has_replacements: true
[replacement_new_text[500]]: # 每天凌晨 2:00 / 中午 12:10 开发环境数据库备份（保留 7 天）
0 2 * * * HOME=/home/xmm /bin/bash /home/xmm/ai/farm-agent/scripts/db-backup-dev.sh >> /home/xmm/data/farm-agent-backups/cron.log 2>&1
10 12 * * * HOME=/home/xmm /bin/bash /home/xmm/ai/farm-agent/scripts/db-backup-dev.sh >> /home/xmm/data/farm-agent-backups/cron.log 2>&1
# add-coder 治理数据备份（每天凌晨 2:05 / 中午 12:15）
5 2 * * * HOME=/home/xmm pg_dump -h localhost -p 5433 -U farm_admin -d add-cod
top_keys: cwd, extra, hook_event_name, session_id, tool_input, tool_name, tool_response, transcript_path
tool_input_keys: file_path, replacements
=== DONE ===
=== 2026年 07月 27日 星期一 10:10:52 CST ===
file_path: EMPTY
has_file_content: false
has_replacements: false
top_keys: cwd, extra, hook_event_name, session_id, tool_input, tool_name, transcript_path
tool_input_keys: command, description, is_background
=== DONE ===
=== 2026年 07月 27日 星期一 10:11:12 CST ===
file_path: /home/xmm/ai/add-coder/scripts/crontab.txt
has_file_content: false
has_replacements: true
[replacement_new_text[500]]: # add-coder 治理数据备份（每天凌晨 2:05 / 中午 12:15，source .env.development 获取 PGPASSWORD）
5 2 * * * HOME=/home/xmm source /home/xmm/ai/add-coder/.env.development 2>/dev/null; pg_dump -h localhost -p 5433 -U farm_admin -d add-coder | gzip > /home/xmm/data/farm-agent-backups/add-coder-dev-$(date +\%Y\%m\%d_\%H\%M\%S).sql.gz 2>> /home/xmm/data/farm-agent-backups/cron.log
15 12 * * * HOME=/home/xmm source /home/xmm/ai/add-coder/.env.development 2>/dev/null; pg_dump -h localhos
top_keys: cwd, extra, hook_event_name, session_id, tool_input, tool_name, transcript_path
tool_input_keys: file_path, replacements
=== DONE ===
=== 2026年 07月 27日 星期一 10:11:13 CST ===
file_path: /home/xmm/ai/add-coder/scripts/crontab.txt
has_file_content: false
has_replacements: true
[replacement_new_text[500]]: # add-coder 治理数据备份（每天凌晨 2:05 / 中午 12:15，source .env.development 获取 PGPASSWORD）
5 2 * * * HOME=/home/xmm source /home/xmm/ai/add-coder/.env.development 2>/dev/null; pg_dump -h localhost -p 5433 -U farm_admin -d add-coder | gzip > /home/xmm/data/farm-agent-backups/add-coder-dev-$(date +\%Y\%m\%d_\%H\%M\%S).sql.gz 2>> /home/xmm/data/farm-agent-backups/cron.log
15 12 * * * HOME=/home/xmm source /home/xmm/ai/add-coder/.env.development 2>/dev/null; pg_dump -h localhos
top_keys: cwd, extra, hook_event_name, session_id, tool_input, tool_name, tool_response, transcript_path
tool_input_keys: file_path, replacements
=== DONE ===
=== 2026年 07月 27日 星期一 10:11:43 CST ===
file_path: /home/xmm/ai/add-coder/scripts/crontab.txt
has_file_content: false
has_replacements: true
[replacement_new_text[500]]: 5 2 * * * HOME=/home/xmm source /home/xmm/ai/add-coder/.env.development 2>/dev/null; pg_dump -h localhost -p 5433 -U farm_admin -d add-coder | gzip > /home/xmm/data/add-coder-backups/add-coder-dev-$(date +\%Y\%m\%d_\%H\%M\%S).sql.gz 2>> /home/xmm/data/add-coder-backups/cron.log
15 12 * * * HOME=/home/xmm source /home/xmm/ai/add-coder/.env.development 2>/dev/null; pg_dump -h localhost -p 5433 -U farm_admin -d add-coder | gzip > /home/xmm/data/add-coder-backups/add-coder-dev-$(date +\%Y\%m\%d_\%H\
top_keys: cwd, extra, hook_event_name, session_id, tool_input, tool_name, transcript_path
tool_input_keys: file_path, replacements
=== DONE ===
=== 2026年 07月 27日 星期一 10:11:46 CST ===
file_path: /home/xmm/ai/add-coder/scripts/crontab.txt
has_file_content: false
has_replacements: true
[replacement_new_text[500]]: 5 2 * * * HOME=/home/xmm source /home/xmm/ai/add-coder/.env.development 2>/dev/null; pg_dump -h localhost -p 5433 -U farm_admin -d add-coder | gzip > /home/xmm/data/add-coder-backups/add-coder-dev-$(date +\%Y\%m\%d_\%H\%M\%S).sql.gz 2>> /home/xmm/data/add-coder-backups/cron.log
15 12 * * * HOME=/home/xmm source /home/xmm/ai/add-coder/.env.development 2>/dev/null; pg_dump -h localhost -p 5433 -U farm_admin -d add-coder | gzip > /home/xmm/data/add-coder-backups/add-coder-dev-$(date +\%Y\%m\%d_\%H\
top_keys: cwd, extra, hook_event_name, session_id, tool_input, tool_name, tool_response, transcript_path
tool_input_keys: file_path, replacements
=== DONE ===
=== 2026年 07月 27日 星期一 10:24:04 CST ===
file_path: /home/xmm/ai/add-coder/src/caijuehub/sync-rules.toml
has_file_content: false
has_replacements: true
[replacement_new_text[500]]: target_pattern = "prisma/schema.prisma"
top_keys: cwd, extra, hook_event_name, session_id, tool_input, tool_name, transcript_path
tool_input_keys: file_path, replacements
=== DONE ===
=== 2026年 07月 27日 星期一 10:24:08 CST ===
file_path: /home/xmm/ai/add-coder/src/caijuehub/sync-rules.toml
has_file_content: false
has_replacements: true
[replacement_new_text[500]]: target_pattern = "prisma/schema.prisma"
top_keys: cwd, extra, hook_event_name, session_id, tool_input, tool_name, tool_response, transcript_path
tool_input_keys: file_path, replacements
=== DONE ===
=== 2026年 07月 27日 星期一 10:24:19 CST ===
file_path: EMPTY
has_file_content: false
has_replacements: false
top_keys: cwd, extra, hook_event_name, session_id, tool_input, tool_name, transcript_path
tool_input_keys: command, description, is_background
=== DONE ===
=== 2026年 07月 27日 星期一 10:25:47 CST ===
file_path: /home/xmm/ai/add-coder/src/caijuehub/sync-rules.toml
has_file_content: false
has_replacements: true
[replacement_new_text[500]]: target_pattern = "prisma/add.prisma"
top_keys: cwd, extra, hook_event_name, session_id, tool_input, tool_name, transcript_path
tool_input_keys: file_path, replacements
=== DONE ===
=== 2026年 07月 27日 星期一 10:25:50 CST ===
file_path: /home/xmm/ai/add-coder/src/caijuehub/sync-rules.toml
has_file_content: false
has_replacements: true
[replacement_new_text[500]]: target_pattern = "prisma/add.prisma"
top_keys: cwd, extra, hook_event_name, session_id, tool_input, tool_name, tool_response, transcript_path
tool_input_keys: file_path, replacements
=== DONE ===
=== 2026年 07月 27日 星期一 10:26:05 CST ===
file_path: /home/xmm/ai/add-coder/src/cli/commands/sync.ts
has_file_content: false
has_replacements: true
[replacement_new_text[500]]: null
top_keys: cwd, extra, hook_event_name, session_id, tool_input, tool_name, transcript_path
tool_input_keys: file_path, replacements
=== DONE ===
=== 2026年 07月 27日 星期一 10:26:07 CST ===
file_path: /home/xmm/ai/add-coder/src/cli/commands/sync.ts
has_file_content: false
has_replacements: true
[replacement_new_text[500]]: null
top_keys: cwd, extra, hook_event_name, session_id, tool_input, tool_name, tool_response, transcript_path
tool_input_keys: file_path, replacements
=== DONE ===
=== 2026年 07月 27日 星期一 10:26:33 CST ===
file_path: /home/xmm/ai/add-coder/src/cli/commands/sync.ts
has_file_content: false
has_replacements: true
[replacement_new_text[500]]:         console.log(`\n  ${SYNC_PRISMA_CONFIG.PROMPT}`);
        console.log(`  ▶ 请运行: npx prisma db push && npx prisma generate`);
    } else {
        console.log(`\n  目标 schema 文件不存在: ${result.targetPath}`);
        const { writeFileSync, mkdirSync } = require('fs');
        const { dirname } = require('path');
        mkdirSync(dirname(targetPath), { recursive: true });
        writeFileSync(targetPath, '// add.prisma — ADD 治理模型\n\n', 'utf-8');
        const n
top_keys: cwd, extra, hook_event_name, session_id, tool_input, tool_name, transcript_path
tool_input_keys: file_path, replacements
=== DONE ===
=== 2026年 07月 27日 星期一 10:26:37 CST ===
file_path: /home/xmm/ai/add-coder/src/cli/commands/sync.ts
has_file_content: false
has_replacements: true
[replacement_new_text[500]]:         console.log(`\n  ${SYNC_PRISMA_CONFIG.PROMPT}`);
        console.log(`  ▶ 请运行: npx prisma db push && npx prisma generate`);
    } else {
        console.log(`\n  目标 schema 文件不存在: ${result.targetPath}`);
        const { writeFileSync, mkdirSync } = require('fs');
        const { dirname } = require('path');
        mkdirSync(dirname(targetPath), { recursive: true });
        writeFileSync(targetPath, '// add.prisma — ADD 治理模型\n\n', 'utf-8');
        const n
top_keys: cwd, extra, hook_event_name, session_id, tool_input, tool_name, tool_response, transcript_path
tool_input_keys: file_path, replacements
=== DONE ===
=== 2026年 07月 27日 星期一 10:27:23 CST ===
file_path: EMPTY
has_file_content: false
has_replacements: false
top_keys: cwd, extra, hook_event_name, session_id, tool_input, tool_name, transcript_path
tool_input_keys: command, description, is_background
=== DONE ===
=== 2026年 07月 27日 星期一 10:29:16 CST ===
file_path: /home/xmm/ai/add-coder/src/caijuehub/sync-rules.toml
has_file_content: false
has_replacements: true
[replacement_new_text[500]]: on_field_conflict = "skip"
top_keys: cwd, extra, hook_event_name, session_id, tool_input, tool_name, transcript_path
tool_input_keys: file_path, replacements
=== DONE ===
=== 2026年 07月 27日 星期一 10:29:19 CST ===
file_path: /home/xmm/ai/add-coder/src/caijuehub/sync-rules.toml
has_file_content: false
has_replacements: true
[replacement_new_text[500]]: on_field_conflict = "skip"
top_keys: cwd, extra, hook_event_name, session_id, tool_input, tool_name, tool_response, transcript_path
tool_input_keys: file_path, replacements
=== DONE ===
=== 2026年 07月 27日 星期一 10:29:30 CST ===
file_path: EMPTY
has_file_content: false
has_replacements: false
top_keys: cwd, extra, hook_event_name, session_id, tool_input, tool_name, transcript_path
tool_input_keys: command, description, is_background
=== DONE ===
=== 2026年 07月 27日 星期一 10:31:27 CST ===
file_path: EMPTY
has_file_content: false
has_replacements: false
top_keys: cwd, extra, hook_event_name, session_id, tool_input, tool_name, transcript_path
tool_input_keys: command, description, is_background
=== DONE ===
=== 2026年 07月 27日 星期一 10:33:35 CST ===
file_path: /home/xmm/ai/add-coder/src/cli/commands/sync.ts
has_file_content: false
has_replacements: true
[replacement_new_text[500]]: console.log(`  ▶ 请运行: npx prisma migrate dev && npx prisma generate`);
top_keys: cwd, extra, hook_event_name, session_id, tool_input, tool_name, transcript_path
tool_input_keys: file_path, replacements
=== DONE ===
=== 2026年 07月 27日 星期一 10:33:39 CST ===
file_path: /home/xmm/ai/add-coder/src/cli/commands/sync.ts
has_file_content: false
has_replacements: true
[replacement_new_text[500]]: console.log(`  ▶ 请运行: npx prisma migrate dev && npx prisma generate`);
top_keys: cwd, extra, hook_event_name, session_id, tool_input, tool_name, tool_response, transcript_path
tool_input_keys: file_path, replacements
=== DONE ===
=== 2026年 07月 27日 星期一 11:06:37 CST ===
file_path: EMPTY
has_file_content: false
has_replacements: false
top_keys: cwd, extra, hook_event_name, session_id, tool_input, tool_name, transcript_path
tool_input_keys: command, description, is_background
=== DONE ===
=== 2026年 07月 27日 星期一 11:09:08 CST ===
file_path: EMPTY
has_file_content: false
has_replacements: false
top_keys: cwd, extra, hook_event_name, session_id, tool_input, tool_name, transcript_path
tool_input_keys: command, description, is_background
=== DONE ===
=== 2026年 07月 27日 星期一 11:29:01 CST ===
file_path: /home/xmm/ai/farm-agent/scripts/db-ensure.sh
has_file_content: false
has_replacements: true
[replacement_new_text[500]]: null
top_keys: cwd, extra, hook_event_name, session_id, tool_input, tool_name, transcript_path
tool_input_keys: file_path, replacements
=== DONE ===
=== 2026年 07月 27日 星期一 11:29:13 CST ===
file_path: /home/xmm/ai/farm-agent/scripts/db-ensure.sh
has_file_content: false
has_replacements: false
top_keys: cwd, extra, hook_event_name, session_id, tool_input, tool_name, transcript_path
tool_input_keys: file_path, new_string, old_string
=== DONE ===
=== 2026年 07月 27日 星期一 11:29:17 CST ===
file_path: /home/xmm/ai/farm-agent/scripts/db-ensure.sh
has_file_content: false
has_replacements: false
top_keys: cwd, extra, hook_event_name, session_id, tool_input, tool_name, tool_response, transcript_path
tool_input_keys: file_path, new_string, old_string
=== DONE ===
=== 2026年 07月 27日 星期一 11:29:28 CST ===
file_path: /home/xmm/ai/farm-agent/scripts/db-ensure.prod.sh
has_file_content: false
has_replacements: false
top_keys: cwd, extra, hook_event_name, session_id, tool_input, tool_name, transcript_path
tool_input_keys: file_path, new_string, old_string
=== DONE ===
=== 2026年 07月 27日 星期一 11:29:32 CST ===
file_path: /home/xmm/ai/farm-agent/scripts/db-ensure.prod.sh
has_file_content: false
has_replacements: false
top_keys: cwd, extra, hook_event_name, session_id, tool_input, tool_name, tool_response, transcript_path
tool_input_keys: file_path, new_string, old_string
=== DONE ===
=== 2026年 07月 27日 星期一 11:40:20 CST ===
file_path: EMPTY
has_file_content: false
has_replacements: false
top_keys: cwd, extra, hook_event_name, session_id, tool_input, tool_name, transcript_path
tool_input_keys: command, description, is_background
=== DONE ===
=== 2026年 07月 27日 星期一 11:40:59 CST ===
file_path: EMPTY
has_file_content: false
has_replacements: false
top_keys: cwd, extra, hook_event_name, session_id, tool_input, tool_name, transcript_path
tool_input_keys: command, description, is_background
=== DONE ===
=== 2026年 07月 27日 星期一 11:51:44 CST ===
file_path: EMPTY
has_file_content: false
has_replacements: false
top_keys: cwd, extra, hook_event_name, session_id, tool_input, tool_name, transcript_path
tool_input_keys: command, description, is_background
=== DONE ===
=== 2026年 07月 27日 星期一 11:51:50 CST ===
file_path: EMPTY
has_file_content: false
has_replacements: false
top_keys: cwd, extra, hook_event_name, session_id, tool_input, tool_name, transcript_path
tool_input_keys: command, description, is_background
=== DONE ===
=== 2026年 07月 27日 星期一 11:51:57 CST ===
file_path: EMPTY
has_file_content: false
has_replacements: false
top_keys: cwd, extra, hook_event_name, session_id, tool_input, tool_name, transcript_path
tool_input_keys: command, description, is_background
=== DONE ===
=== 2026年 07月 27日 星期一 11:53:19 CST ===
file_path: EMPTY
has_file_content: false
has_replacements: false
top_keys: cwd, extra, hook_event_name, session_id, tool_input, tool_name, transcript_path
tool_input_keys: command, description, is_background
=== DONE ===
=== 2026年 07月 27日 星期一 11:53:29 CST ===
file_path: EMPTY
has_file_content: false
has_replacements: false
top_keys: cwd, extra, hook_event_name, session_id, tool_input, tool_name, transcript_path
tool_input_keys: command, description, is_background
=== DONE ===
=== 2026年 07月 27日 星期一 11:53:36 CST ===
file_path: EMPTY
has_file_content: false
has_replacements: false
top_keys: cwd, extra, hook_event_name, session_id, tool_input, tool_name, transcript_path
tool_input_keys: command, description, is_background
=== DONE ===
=== 2026年 07月 27日 星期一 11:53:47 CST ===
file_path: EMPTY
has_file_content: false
has_replacements: false
top_keys: cwd, extra, hook_event_name, session_id, tool_input, tool_name, transcript_path
tool_input_keys: command, description, is_background
=== DONE ===
=== 2026年 07月 27日 星期一 11:55:57 CST ===
file_path: EMPTY
has_file_content: false
has_replacements: false
top_keys: cwd, extra, hook_event_name, session_id, tool_input, tool_name, transcript_path
tool_input_keys: command, description, is_background
=== DONE ===
=== 2026年 07月 27日 星期一 11:56:03 CST ===
file_path: EMPTY
has_file_content: false
has_replacements: false
top_keys: cwd, extra, hook_event_name, session_id, tool_input, tool_name, transcript_path
tool_input_keys: command, description, is_background
=== DONE ===
=== 2026年 07月 27日 星期一 11:56:10 CST ===
file_path: EMPTY
has_file_content: false
has_replacements: false
top_keys: cwd, extra, hook_event_name, session_id, tool_input, tool_name, transcript_path
tool_input_keys: command, description, is_background
=== DONE ===
=== 2026年 07月 27日 星期一 12:05:30 CST ===
file_path: /home/xmm/ai/farm-agent/scripts/init-db.ts
has_file_content: false
has_replacements: false
top_keys: cwd, extra, hook_event_name, session_id, tool_input, tool_name, transcript_path
tool_input_keys: file_path, new_string, old_string
=== DONE ===
=== 2026年 07月 27日 星期一 12:05:31 CST ===
file_path: /home/xmm/ai/farm-agent/scripts/init-db.ts
has_file_content: false
has_replacements: false
top_keys: cwd, extra, hook_event_name, session_id, tool_input, tool_name, tool_response, transcript_path
tool_input_keys: file_path, new_string, old_string
=== DONE ===
=== 2026年 07月 27日 星期一 12:07:02 CST ===
file_path: /home/xmm/ai/farm-agent/.qoder/scripts/mcp-server/shared/prisma.ts
has_file_content: false
has_replacements: false
top_keys: cwd, extra, hook_event_name, session_id, tool_input, tool_name, transcript_path
tool_input_keys: file_path, new_string, old_string
=== DONE ===
=== 2026年 07月 27日 星期一 12:07:05 CST ===
file_path: /home/xmm/ai/farm-agent/.qoder/scripts/mcp-server/shared/prisma.ts
has_file_content: false
has_replacements: false
top_keys: cwd, extra, hook_event_name, session_id, tool_input, tool_name, tool_response, transcript_path
tool_input_keys: file_path, new_string, old_string
=== DONE ===
=== 2026年 07月 27日 星期一 12:10:11 CST ===
file_path: EMPTY
has_file_content: false
has_replacements: false
top_keys: cwd, extra, hook_event_name, session_id, tool_input, tool_name, transcript_path
tool_input_keys: command, is_background
=== DONE ===
=== 2026年 07月 27日 星期一 12:10:27 CST ===
file_path: EMPTY
has_file_content: false
has_replacements: false
top_keys: cwd, extra, hook_event_name, session_id, tool_input, tool_name, transcript_path
tool_input_keys: command, is_background
=== DONE ===
=== 2026年 07月 27日 星期一 12:11:13 CST ===
=== 2026年 07月 27日 星期一 12:11:13 CST ===
file_path: /home/xmm/ai/farm-agent/src/lib/prisma.ts
file_path: /home/xmm/ai/farm-agent/src/mcp-server/shared/prisma.ts
has_file_content: false
has_file_content: false
has_replacements: false
has_replacements: false
top_keys: cwd, extra, hook_event_name, session_id, tool_input, tool_name, transcript_path
top_keys: cwd, extra, hook_event_name, session_id, tool_input, tool_name, transcript_path
tool_input_keys: file_path, new_string, old_string
=== DONE ===
tool_input_keys: file_path, new_string, old_string
=== DONE ===
=== 2026年 07月 27日 星期一 12:11:16 CST ===
file_path: /home/xmm/ai/farm-agent/src/mcp-server/shared/prisma.ts
has_file_content: false
has_replacements: false
top_keys: cwd, extra, hook_event_name, session_id, tool_input, tool_name, tool_response, transcript_path
tool_input_keys: file_path, new_string, old_string
=== DONE ===
=== 2026年 07月 27日 星期一 12:11:17 CST ===
file_path: /home/xmm/ai/farm-agent/src/lib/prisma.ts
has_file_content: false
has_replacements: false
top_keys: cwd, extra, hook_event_name, session_id, tool_input, tool_name, tool_response, transcript_path
tool_input_keys: file_path, new_string, old_string
=== DONE ===
=== 2026年 07月 27日 星期一 12:11:30 CST ===
=== 2026年 07月 27日 星期一 12:11:30 CST ===
file_path: /home/xmm/ai/farm-agent/src/mcp-server/shared/prisma.ts
file_path: /home/xmm/ai/farm-agent/src/lib/prisma.ts
has_file_content: false
has_file_content: false
has_replacements: false
has_replacements: false
top_keys: cwd, extra, hook_event_name, session_id, tool_input, tool_name, transcript_path
top_keys: cwd, extra, hook_event_name, session_id, tool_input, tool_name, transcript_path
tool_input_keys: file_path, new_string, old_string
=== DONE ===
tool_input_keys: file_path, new_string, old_string
=== DONE ===
=== 2026年 07月 27日 星期一 12:11:33 CST ===
=== 2026年 07月 27日 星期一 12:11:33 CST ===
file_path: /home/xmm/ai/farm-agent/src/lib/prisma.ts
file_path: /home/xmm/ai/farm-agent/src/mcp-server/shared/prisma.ts
has_file_content: false
has_file_content: false
has_replacements: false
has_replacements: false
top_keys: cwd, extra, hook_event_name, session_id, tool_input, tool_name, tool_response, transcript_path
top_keys: cwd, extra, hook_event_name, session_id, tool_input, tool_name, tool_response, transcript_path
tool_input_keys: file_path, new_string, old_string
=== DONE ===
tool_input_keys: file_path, new_string, old_string
=== DONE ===
=== 2026年 07月 27日 星期一 12:11:54 CST ===
=== 2026年 07月 27日 星期一 12:11:54 CST ===
=== 2026年 07月 27日 星期一 12:11:54 CST ===
=== 2026年 07月 27日 星期一 12:11:54 CST ===
file_path: /home/xmm/ai/farm-agent/scripts/update-seed-price.ts
file_path: /home/xmm/ai/farm-agent/scripts/auto-complete-plans.ts
file_path: /home/xmm/ai/farm-agent/scripts/check-chroma-vectors.ts
file_path: /home/xmm/ai/farm-agent/scripts/manage-service-account.ts
has_file_content: false
has_file_content: false
has_file_content: false
has_file_content: false
has_replacements: false
has_replacements: false
has_replacements: false
has_replacements: false
top_keys: cwd, extra, hook_event_name, session_id, tool_input, tool_name, transcript_path
top_keys: cwd, extra, hook_event_name, session_id, tool_input, tool_name, transcript_path
top_keys: cwd, extra, hook_event_name, session_id, tool_input, tool_name, transcript_path
top_keys: cwd, extra, hook_event_name, session_id, tool_input, tool_name, transcript_path
tool_input_keys: file_path, new_string, old_string
=== DONE ===
tool_input_keys: file_path, new_string, old_string
=== DONE ===
tool_input_keys: file_path, new_string, old_string
tool_input_keys: file_path, new_string, old_string
=== DONE ===
=== DONE ===
=== 2026年 07月 27日 星期一 12:11:55 CST ===
file_path: /home/xmm/ai/farm-agent/scripts/auto-complete-plans.ts
has_file_content: false
has_replacements: false
top_keys: cwd, extra, hook_event_name, session_id, tool_input, tool_name, tool_response, transcript_path
tool_input_keys: file_path, new_string, old_string
=== DONE ===
=== 2026年 07月 27日 星期一 12:11:57 CST ===
=== 2026年 07月 27日 星期一 12:11:57 CST ===
file_path: /home/xmm/ai/farm-agent/scripts/update-seed-price.ts
file_path: /home/xmm/ai/farm-agent/scripts/manage-service-account.ts
has_file_content: false
has_file_content: false
has_replacements: false
has_replacements: false
top_keys: cwd, extra, hook_event_name, session_id, tool_input, tool_name, tool_response, transcript_path
top_keys: cwd, extra, hook_event_name, session_id, tool_input, tool_name, tool_response, transcript_path
tool_input_keys: file_path, new_string, old_string
=== DONE ===
tool_input_keys: file_path, new_string, old_string
=== DONE ===
=== 2026年 07月 27日 星期一 12:11:57 CST ===
file_path: /home/xmm/ai/farm-agent/scripts/check-chroma-vectors.ts
has_file_content: false
has_replacements: false
top_keys: cwd, extra, hook_event_name, session_id, tool_input, tool_name, tool_response, transcript_path
tool_input_keys: file_path, new_string, old_string
=== DONE ===
=== 2026年 07月 27日 星期一 12:12:03 CST ===
file_path: /home/xmm/ai/farm-agent/scripts/auto-complete-plans.ts
has_file_content: false
has_replacements: false
top_keys: cwd, extra, hook_event_name, session_id, tool_input, tool_name, transcript_path
tool_input_keys: file_path, new_string, old_string
=== DONE ===
=== 2026年 07月 27日 星期一 12:12:07 CST ===
file_path: /home/xmm/ai/farm-agent/scripts/auto-complete-plans.ts
has_file_content: false
has_replacements: false
top_keys: cwd, extra, hook_event_name, session_id, tool_input, tool_name, tool_response, transcript_path
tool_input_keys: file_path, new_string, old_string
=== DONE ===
=== 2026年 07月 27日 星期一 12:12:14 CST ===
=== 2026年 07月 27日 星期一 12:12:14 CST ===
=== 2026年 07月 27日 星期一 12:12:14 CST ===
=== 2026年 07月 27日 星期一 12:12:14 CST ===
file_path: /home/xmm/ai/farm-agent/src/app/api/knowledge/documents/[id]/route.ts
file_path: /home/xmm/ai/farm-agent/scripts/reconstruct-documents.ts
file_path: /home/xmm/ai/farm-agent/src/app/api/knowledge/upload/route.ts
file_path: /home/xmm/ai/farm-agent/scripts/link-vectors.ts
has_file_content: false
has_file_content: false
has_file_content: false
has_file_content: false
has_replacements: false
has_replacements: false
has_replacements: false
has_replacements: false
top_keys: cwd, extra, hook_event_name, session_id, tool_input, tool_name, transcript_path
top_keys: cwd, extra, hook_event_name, session_id, tool_input, tool_name, transcript_path
top_keys: cwd, extra, hook_event_name, session_id, tool_input, tool_name, transcript_path
top_keys: cwd, extra, hook_event_name, session_id, tool_input, tool_name, transcript_path
tool_input_keys: file_path, new_string, old_string
=== DONE ===
tool_input_keys: file_path, new_string, old_string
=== DONE ===
tool_input_keys: file_path, new_string, old_string
=== DONE ===
tool_input_keys: file_path, new_string, old_string
=== DONE ===
=== 2026年 07月 27日 星期一 12:12:16 CST ===
file_path: /home/xmm/ai/farm-agent/scripts/reconstruct-documents.ts
has_file_content: false
has_replacements: false
top_keys: cwd, extra, hook_event_name, session_id, tool_input, tool_name, tool_response, transcript_path
tool_input_keys: file_path, new_string, old_string
=== DONE ===
=== 2026年 07月 27日 星期一 12:12:17 CST ===
=== 2026年 07月 27日 星期一 12:12:17 CST ===
file_path: /home/xmm/ai/farm-agent/scripts/link-vectors.ts
file_path: /home/xmm/ai/farm-agent/src/app/api/knowledge/documents/[id]/route.ts
has_file_content: false
has_file_content: false
has_replacements: false
has_replacements: false
top_keys: cwd, extra, hook_event_name, session_id, tool_input, tool_name, tool_response, transcript_path
top_keys: cwd, extra, hook_event_name, session_id, tool_input, tool_name, tool_response, transcript_path
=== 2026年 07月 27日 星期一 12:12:17 CST ===
tool_input_keys: file_path, new_string, old_string
=== DONE ===
tool_input_keys: file_path, new_string, old_string
=== DONE ===
file_path: /home/xmm/ai/farm-agent/src/app/api/knowledge/upload/route.ts
has_file_content: false
has_replacements: false
top_keys: cwd, extra, hook_event_name, session_id, tool_input, tool_name, tool_response, transcript_path
tool_input_keys: file_path, new_string, old_string
=== DONE ===
=== 2026年 07月 27日 星期一 12:12:25 CST ===
=== 2026年 07月 27日 星期一 12:12:25 CST ===
file_path: /home/xmm/ai/farm-agent/scripts/register-knowledge-files.ts
file_path: /home/xmm/ai/farm-agent/scripts/kb-reset.ts
has_file_content: false
has_file_content: false
has_replacements: false
has_replacements: false
top_keys: cwd, extra, hook_event_name, session_id, tool_input, tool_name, transcript_path
top_keys: cwd, extra, hook_event_name, session_id, tool_input, tool_name, transcript_path
tool_input_keys: file_path, new_string, old_string
=== DONE ===
tool_input_keys: file_path, new_string, old_string
=== DONE ===
=== 2026年 07月 27日 星期一 12:12:29 CST ===
=== 2026年 07月 27日 星期一 12:12:29 CST ===
file_path: /home/xmm/ai/farm-agent/scripts/register-knowledge-files.ts
file_path: /home/xmm/ai/farm-agent/scripts/kb-reset.ts
has_file_content: false
has_file_content: false
has_replacements: false
has_replacements: false
top_keys: cwd, extra, hook_event_name, session_id, tool_input, tool_name, tool_response, transcript_path
top_keys: cwd, extra, hook_event_name, session_id, tool_input, tool_name, tool_response, transcript_path
tool_input_keys: file_path, new_string, old_string
=== DONE ===
tool_input_keys: file_path, new_string, old_string
=== DONE ===
=== 2026年 07月 27日 星期一 12:12:51 CST ===
=== 2026年 07月 27日 星期一 12:12:51 CST ===
=== 2026年 07月 27日 星期一 12:12:51 CST ===
=== 2026年 07月 27日 星期一 12:12:51 CST ===
file_path: /home/xmm/ai/farm-agent/src/lib/log/audit.ts
file_path: /home/xmm/ai/farm-agent/src/app/api/h5/nongqing/tasks/[id]/route.ts
file_path: /home/xmm/ai/farm-agent/src/agents/tools/impl/seed-catalog.ts
file_path: /home/xmm/ai/farm-agent/src/app/api/h5/nongqing/prescriptions/[id]/route.ts
has_file_content: false
has_file_content: false
has_file_content: false
has_file_content: false
has_replacements: false
has_replacements: false
has_replacements: false
has_replacements: false
top_keys: cwd, extra, hook_event_name, session_id, tool_input, tool_name, transcript_path
top_keys: cwd, extra, hook_event_name, session_id, tool_input, tool_name, transcript_path
top_keys: cwd, extra, hook_event_name, session_id, tool_input, tool_name, transcript_path
tool_input_keys: file_path, new_string, old_string
=== DONE ===
tool_input_keys: file_path, new_string, old_string
=== DONE ===
tool_input_keys: file_path, new_string, old_string
=== DONE ===
top_keys: cwd, extra, hook_event_name, session_id, tool_input, tool_name, transcript_path
tool_input_keys: file_path, new_string, old_string
=== DONE ===
=== 2026年 07月 27日 星期一 12:12:55 CST ===
=== 2026年 07月 27日 星期一 12:12:55 CST ===
file_path: /home/xmm/ai/farm-agent/src/app/api/h5/nongqing/prescriptions/[id]/route.ts
file_path: /home/xmm/ai/farm-agent/src/agents/tools/impl/seed-catalog.ts
has_file_content: false
=== 2026年 07月 27日 星期一 12:12:55 CST ===
has_file_content: false
has_replacements: false
=== 2026年 07月 27日 星期一 12:12:55 CST ===
file_path: /home/xmm/ai/farm-agent/src/lib/log/audit.ts
has_replacements: false
has_file_content: false
file_path: /home/xmm/ai/farm-agent/src/app/api/h5/nongqing/tasks/[id]/route.ts
has_file_content: false
top_keys: cwd, extra, hook_event_name, session_id, tool_input, tool_name, tool_response, transcript_path
has_replacements: false
has_replacements: false
top_keys: cwd, extra, hook_event_name, session_id, tool_input, tool_name, tool_response, transcript_path
tool_input_keys: file_path, new_string, old_string
=== DONE ===
tool_input_keys: file_path, new_string, old_string
=== DONE ===
top_keys: cwd, extra, hook_event_name, session_id, tool_input, tool_name, tool_response, transcript_path
top_keys: cwd, extra, hook_event_name, session_id, tool_input, tool_name, tool_response, transcript_path
tool_input_keys: file_path, new_string, old_string
=== DONE ===
tool_input_keys: file_path, new_string, old_string
=== DONE ===
=== 2026年 07月 27日 星期一 12:12:59 CST ===
=== 2026年 07月 27日 星期一 12:12:59 CST ===
=== 2026年 07月 27日 星期一 12:12:59 CST ===
=== 2026年 07月 27日 星期一 12:12:59 CST ===
file_path: /home/xmm/ai/farm-agent/src/app/api/h5/production-plan/generate/route.ts
file_path: /home/xmm/ai/farm-agent/src/app/api/seed-catalog/route.ts
file_path: /home/xmm/ai/farm-agent/src/services/knowledge-sync.ts
file_path: /home/xmm/ai/farm-agent/src/lib/auth-utils.ts
has_file_content: false
has_file_content: false
has_file_content: false
has_file_content: false
has_replacements: false
has_replacements: false
has_replacements: false
has_replacements: false
top_keys: cwd, extra, hook_event_name, session_id, tool_input, tool_name, transcript_path
top_keys: cwd, extra, hook_event_name, session_id, tool_input, tool_name, transcript_path
top_keys: cwd, extra, hook_event_name, session_id, tool_input, tool_name, transcript_path
top_keys: cwd, extra, hook_event_name, session_id, tool_input, tool_name, transcript_path
tool_input_keys: file_path, new_string, old_string
=== DONE ===
tool_input_keys: file_path, new_string, old_string
=== DONE ===
tool_input_keys: file_path, new_string, old_string
=== DONE ===
tool_input_keys: file_path, new_string, old_string
=== DONE ===
=== 2026年 07月 27日 星期一 12:13:03 CST ===
=== 2026年 07月 27日 星期一 12:13:03 CST ===
=== 2026年 07月 27日 星期一 12:13:03 CST ===
file_path: /home/xmm/ai/farm-agent/src/lib/auth-utils.ts
file_path: /home/xmm/ai/farm-agent/src/services/knowledge-sync.ts
file_path: /home/xmm/ai/farm-agent/src/app/api/seed-catalog/route.ts
has_file_content: false
has_file_content: false
has_file_content: false
=== 2026年 07月 27日 星期一 12:13:03 CST ===
has_replacements: false
has_replacements: false
has_replacements: false
file_path: /home/xmm/ai/farm-agent/src/app/api/h5/production-plan/generate/route.ts
has_file_content: false
has_replacements: false
top_keys: cwd, extra, hook_event_name, session_id, tool_input, tool_name, tool_response, transcript_path
top_keys: cwd, extra, hook_event_name, session_id, tool_input, tool_name, tool_response, transcript_path
top_keys: cwd, extra, hook_event_name, session_id, tool_input, tool_name, tool_response, transcript_path
tool_input_keys: file_path, new_string, old_string
=== DONE ===
tool_input_keys: file_path, new_string, old_string
=== DONE ===
tool_input_keys: file_path, new_string, old_string
=== DONE ===
top_keys: cwd, extra, hook_event_name, session_id, tool_input, tool_name, tool_response, transcript_path
tool_input_keys: file_path, new_string, old_string
=== DONE ===
=== 2026年 07月 27日 星期一 12:13:08 CST ===
=== 2026年 07月 27日 星期一 12:13:08 CST ===
=== 2026年 07月 27日 星期一 12:13:08 CST ===
=== 2026年 07月 27日 星期一 12:13:08 CST ===
file_path: /home/xmm/ai/farm-agent/src/services/document-indexer.ts
file_path: /home/xmm/ai/farm-agent/src/app/api/knowledge/grounding/batch/route.ts
file_path: /home/xmm/ai/farm-agent/src/app/api/knowledge/documents/[id]/grounding/route.ts
file_path: /home/xmm/ai/farm-agent/src/services/knowledge-indexer.ts
has_file_content: false
has_file_content: false
has_file_content: false
has_replacements: false
has_file_content: false
has_replacements: false
has_replacements: false
has_replacements: false
top_keys: cwd, extra, hook_event_name, session_id, tool_input, tool_name, transcript_path
top_keys: cwd, extra, hook_event_name, session_id, tool_input, tool_name, transcript_path
top_keys: cwd, extra, hook_event_name, session_id, tool_input, tool_name, transcript_path
tool_input_keys: file_path, new_string, old_string
=== DONE ===
tool_input_keys: file_path, new_string, old_string
=== DONE ===
top_keys: cwd, extra, hook_event_name, session_id, tool_input, tool_name, transcript_path
tool_input_keys: file_path, new_string, old_string
=== DONE ===
tool_input_keys: file_path, new_string, old_string
=== DONE ===
=== 2026年 07月 27日 星期一 12:13:12 CST ===
file_path: /home/xmm/ai/farm-agent/src/services/document-indexer.ts
has_file_content: false
has_replacements: false
top_keys: cwd, extra, hook_event_name, session_id, tool_input, tool_name, tool_response, transcript_path
tool_input_keys: file_path, new_string, old_string
=== DONE ===
=== 2026年 07月 27日 星期一 12:13:12 CST ===
=== 2026年 07月 27日 星期一 12:13:12 CST ===
=== 2026年 07月 27日 星期一 12:13:12 CST ===
file_path: /home/xmm/ai/farm-agent/src/app/api/knowledge/documents/[id]/grounding/route.ts
file_path: /home/xmm/ai/farm-agent/src/app/api/knowledge/grounding/batch/route.ts
file_path: /home/xmm/ai/farm-agent/src/services/knowledge-indexer.ts
has_file_content: false
has_file_content: false
has_file_content: false
has_replacements: false
has_replacements: false
has_replacements: false
top_keys: cwd, extra, hook_event_name, session_id, tool_input, tool_name, tool_response, transcript_path
top_keys: cwd, extra, hook_event_name, session_id, tool_input, tool_name, tool_response, transcript_path
top_keys: cwd, extra, hook_event_name, session_id, tool_input, tool_name, tool_response, transcript_path
tool_input_keys: file_path, new_string, old_string
tool_input_keys: file_path, new_string, old_string
tool_input_keys: file_path, new_string, old_string
=== DONE ===
=== DONE ===
=== DONE ===
=== 2026年 07月 27日 星期一 12:13:17 CST ===
=== 2026年 07月 27日 星期一 12:13:17 CST ===
=== 2026年 07月 27日 星期一 12:13:17 CST ===
file_path: /home/xmm/ai/farm-agent/src/services/chat-persistence.ts
=== 2026年 07月 27日 星期一 12:13:17 CST ===
file_path: /home/xmm/ai/farm-agent/src/app/api/knowledge/upload/route.ts
has_file_content: false
file_path: /home/xmm/ai/farm-agent/src/app/api/seed-catalog/price/route.ts
file_path: /home/xmm/ai/farm-agent/src/app/api/agent/[hash]/route.ts
has_file_content: false
has_file_content: false
has_replacements: false
has_replacements: false
has_file_content: false
has_replacements: false
has_replacements: false
top_keys: cwd, extra, hook_event_name, session_id, tool_input, tool_name, transcript_path
top_keys: cwd, extra, hook_event_name, session_id, tool_input, tool_name, transcript_path
top_keys: cwd, extra, hook_event_name, session_id, tool_input, tool_name, transcript_path
tool_input_keys: file_path, new_string, old_string
=== DONE ===
top_keys: cwd, extra, hook_event_name, session_id, tool_input, tool_name, transcript_path
tool_input_keys: file_path, new_string, old_string
=== DONE ===
tool_input_keys: file_path, new_string, old_string
tool_input_keys: file_path, new_string, old_string
=== DONE ===
=== DONE ===
=== 2026年 07月 27日 星期一 12:13:21 CST ===
file_path: /home/xmm/ai/farm-agent/src/app/api/knowledge/upload/route.ts
has_file_content: false
has_replacements: false
top_keys: cwd, extra, hook_event_name, session_id, tool_input, tool_name, tool_response, transcript_path
tool_input_keys: file_path, new_string, old_string
=== DONE ===
=== 2026年 07月 27日 星期一 12:13:21 CST ===
file_path: /home/xmm/ai/farm-agent/src/app/api/seed-catalog/price/route.ts
=== 2026年 07月 27日 星期一 12:13:21 CST ===
=== 2026年 07月 27日 星期一 12:13:21 CST ===
has_file_content: false
file_path: /home/xmm/ai/farm-agent/src/app/api/agent/[hash]/route.ts
file_path: /home/xmm/ai/farm-agent/src/services/chat-persistence.ts
has_replacements: false
has_file_content: false
has_file_content: false
has_replacements: false
has_replacements: false
top_keys: cwd, extra, hook_event_name, session_id, tool_input, tool_name, tool_response, transcript_path
tool_input_keys: file_path, new_string, old_string
=== DONE ===
top_keys: cwd, extra, hook_event_name, session_id, tool_input, tool_name, tool_response, transcript_path
top_keys: cwd, extra, hook_event_name, session_id, tool_input, tool_name, tool_response, transcript_path
tool_input_keys: file_path, new_string, old_string
=== DONE ===
tool_input_keys: file_path, new_string, old_string
=== DONE ===
=== 2026年 07月 27日 星期一 12:13:26 CST ===
=== 2026年 07月 27日 星期一 12:13:26 CST ===
=== 2026年 07月 27日 星期一 12:13:26 CST ===
file_path: /home/xmm/ai/farm-agent/scripts/db-import.ts
file_path: /home/xmm/ai/farm-agent/tests/test-chat-data-integrity.ts
file_path: /home/xmm/ai/farm-agent/scripts/diagnose-knowledge-base.ts
has_file_content: false
has_file_content: false
has_file_content: false
has_replacements: false
has_replacements: false
has_replacements: false
top_keys: cwd, extra, hook_event_name, session_id, tool_input, tool_name, transcript_path
top_keys: cwd, extra, hook_event_name, session_id, tool_input, tool_name, transcript_path
top_keys: cwd, extra, hook_event_name, session_id, tool_input, tool_name, transcript_path
tool_input_keys: file_path, new_string, old_string
=== DONE ===
tool_input_keys: file_path, new_string, old_string
=== DONE ===
tool_input_keys: file_path, new_string, old_string
=== DONE ===
=== 2026年 07月 27日 星期一 12:13:28 CST ===
file_path: /home/xmm/ai/farm-agent/scripts/diagnose-knowledge-base.ts
has_file_content: false
has_replacements: false
top_keys: cwd, extra, hook_event_name, session_id, tool_input, tool_name, tool_response, transcript_path
tool_input_keys: file_path, new_string, old_string
=== DONE ===
=== 2026年 07月 27日 星期一 12:13:29 CST ===
=== 2026年 07月 27日 星期一 12:13:29 CST ===
file_path: /home/xmm/ai/farm-agent/scripts/db-import.ts
file_path: /home/xmm/ai/farm-agent/tests/test-chat-data-integrity.ts
has_file_content: false
has_file_content: false
has_replacements: false
has_replacements: false
top_keys: cwd, extra, hook_event_name, session_id, tool_input, tool_name, tool_response, transcript_path
top_keys: cwd, extra, hook_event_name, session_id, tool_input, tool_name, tool_response, transcript_path
tool_input_keys: file_path, new_string, old_string
tool_input_keys: file_path, new_string, old_string
=== DONE ===
=== DONE ===
=== 2026年 07月 27日 星期一 12:13:58 CST ===
file_path: /home/xmm/ai/farm-agent/.qoder/scripts/mcp-server/shared/prisma.ts
has_file_content: false
has_replacements: false
top_keys: cwd, extra, hook_event_name, session_id, tool_input, tool_name, transcript_path
tool_input_keys: file_path, new_string, old_string
=== DONE ===
=== 2026年 07月 27日 星期一 12:14:00 CST ===
file_path: /home/xmm/ai/farm-agent/.qoder/scripts/mcp-server/shared/prisma.ts
has_file_content: false
has_replacements: false
top_keys: cwd, extra, hook_event_name, session_id, tool_input, tool_name, tool_response, transcript_path
tool_input_keys: file_path, new_string, old_string
=== DONE ===
=== 2026年 07月 27日 星期一 12:34:22 CST ===
file_path: /home/xmm/ai/farm-agent/src/lib/prisma.ts
has_file_content: false
has_replacements: false
top_keys: cwd, extra, hook_event_name, session_id, tool_input, tool_name, transcript_path
tool_input_keys: file_path, new_string, old_string
=== DONE ===
=== 2026年 07月 27日 星期一 12:34:25 CST ===
file_path: /home/xmm/ai/farm-agent/src/lib/prisma.ts
has_file_content: false
has_replacements: false
top_keys: cwd, extra, hook_event_name, session_id, tool_input, tool_name, tool_response, transcript_path
tool_input_keys: file_path, new_string, old_string
=== DONE ===
=== 2026年 07月 27日 星期一 12:34:29 CST ===
file_path: /home/xmm/ai/farm-agent/src/lib/prisma.ts
has_file_content: false
has_replacements: false
top_keys: cwd, extra, hook_event_name, session_id, tool_input, tool_name, transcript_path
tool_input_keys: file_path, new_string, old_string
=== DONE ===
=== 2026年 07月 27日 星期一 12:34:31 CST ===
file_path: /home/xmm/ai/farm-agent/src/lib/prisma.ts
has_file_content: false
has_replacements: false
top_keys: cwd, extra, hook_event_name, session_id, tool_input, tool_name, tool_response, transcript_path
tool_input_keys: file_path, new_string, old_string
=== DONE ===
=== 2026年 07月 27日 星期一 12:45:04 CST ===
file_path: /home/xmm/ai/farm-agent/.qoder/scripts/mcp-server/shared/prisma.ts
has_file_content: false
has_replacements: false
top_keys: cwd, extra, hook_event_name, session_id, tool_input, tool_name, transcript_path
tool_input_keys: file_path, new_string, old_string
=== DONE ===
=== 2026年 07月 27日 星期一 12:45:08 CST ===
file_path: /home/xmm/ai/farm-agent/.qoder/scripts/mcp-server/shared/prisma.ts
has_file_content: false
has_replacements: false
top_keys: cwd, extra, hook_event_name, session_id, tool_input, tool_name, tool_response, transcript_path
tool_input_keys: file_path, new_string, old_string
=== DONE ===
=== 2026年 07月 27日 星期一 12:50:53 CST ===
file_path: /home/xmm/ai/farm-agent/.qoder/scripts/mcp-server/shared/prisma.ts
has_file_content: false
has_replacements: false
top_keys: cwd, extra, hook_event_name, session_id, tool_input, tool_name, transcript_path
tool_input_keys: file_path, new_string, old_string
=== DONE ===
=== 2026年 07月 27日 星期一 12:50:56 CST ===
file_path: /home/xmm/ai/farm-agent/.qoder/scripts/mcp-server/shared/prisma.ts
has_file_content: false
has_replacements: false
top_keys: cwd, extra, hook_event_name, session_id, tool_input, tool_name, tool_response, transcript_path
tool_input_keys: file_path, new_string, old_string
=== DONE ===
=== 2026年 07月 27日 星期一 12:52:56 CST ===
file_path: /home/xmm/ai/add-coder/.qoder/scripts/mcp-server/shared/prisma.ts
has_file_content: false
has_replacements: false
top_keys: cwd, extra, hook_event_name, session_id, tool_input, tool_name, transcript_path
tool_input_keys: file_path, new_string, old_string
=== DONE ===
=== 2026年 07月 27日 星期一 12:53:00 CST ===
file_path: /home/xmm/ai/add-coder/.qoder/scripts/mcp-server/shared/prisma.ts
has_file_content: false
has_replacements: false
top_keys: cwd, extra, hook_event_name, session_id, tool_input, tool_name, tool_response, transcript_path
tool_input_keys: file_path, new_string, old_string
=== DONE ===
=== 2026年 07月 27日 星期一 12:55:13 CST ===
=== 2026年 07月 27日 星期一 12:55:13 CST ===
=== 2026年 07月 27日 星期一 12:55:13 CST ===
file_path: /home/xmm/ai/add-coder/.qoder/scripts/mcp-server/shared/package.json
file_path: /home/xmm/ai/farm-agent/.qoder/scripts/mcp-server/shared/package.json
file_path: /home/xmm/ai/add-coder/templates/core/scripts/mcp-server/shared/package.json
has_file_content: true
has_file_content: true
has_file_content: true
has_replacements: false
has_replacements: false
has_replacements: false
[file_content[500]]: {"type": "module"}
[file_content[500]]: {"type": "module"}
[file_content[500]]: {"type": "module"}
top_keys: cwd, extra, hook_event_name, session_id, tool_input, tool_name, transcript_path
top_keys: cwd, extra, hook_event_name, session_id, tool_input, tool_name, transcript_path
top_keys: cwd, extra, hook_event_name, session_id, tool_input, tool_name, transcript_path
tool_input_keys: file_content, file_path
tool_input_keys: file_content, file_path
=== DONE ===
=== DONE ===
tool_input_keys: file_content, file_path
=== DONE ===
=== 2026年 07月 27日 星期一 12:55:16 CST ===
=== 2026年 07月 27日 星期一 12:55:16 CST ===
=== 2026年 07月 27日 星期一 12:55:16 CST ===
file_path: /home/xmm/ai/add-coder/templates/core/scripts/mcp-server/shared/package.json
file_path: /home/xmm/ai/add-coder/.qoder/scripts/mcp-server/shared/package.json
file_path: /home/xmm/ai/farm-agent/.qoder/scripts/mcp-server/shared/package.json
has_file_content: true
has_file_content: true
has_file_content: true
has_replacements: false
has_replacements: false
has_replacements: false
[file_content[500]]: {"type": "module"}
[file_content[500]]: {"type": "module"}
[file_content[500]]: {"type": "module"}
top_keys: cwd, extra, hook_event_name, session_id, tool_input, tool_name, tool_response, transcript_path
top_keys: cwd, extra, hook_event_name, session_id, tool_input, tool_name, tool_response, transcript_path
top_keys: cwd, extra, hook_event_name, session_id, tool_input, tool_name, tool_response, transcript_path
tool_input_keys: file_content, file_path
=== DONE ===
tool_input_keys: file_content, file_path
=== DONE ===
tool_input_keys: file_content, file_path
=== DONE ===
=== 2026年 07月 27日 星期一 12:58:05 CST ===
file_path: /home/xmm/ai/add-coder/templates/core/scripts/mcp-server/shared/prisma.ts
has_file_content: false
has_replacements: false
top_keys: cwd, extra, hook_event_name, session_id, tool_input, tool_name, transcript_path
tool_input_keys: file_path, new_string, old_string
=== DONE ===
=== 2026年 07月 27日 星期一 12:58:05 CST ===
file_path: /home/xmm/ai/add-coder/templates/core/scripts/mcp-server/shared/prisma.ts
has_file_content: false
has_replacements: false
top_keys: cwd, extra, hook_event_name, session_id, tool_input, tool_name, tool_response, transcript_path
tool_input_keys: file_path, new_string, old_string
=== DONE ===
=== 2026年 07月 27日 星期一 12:58:18 CST ===
file_path: /home/xmm/ai/add-coder/templates/core/scripts/mcp-server/shared/prisma.ts
has_file_content: false
has_replacements: false
top_keys: cwd, extra, hook_event_name, session_id, tool_input, tool_name, transcript_path
tool_input_keys: file_path, new_string, old_string
=== DONE ===
=== 2026年 07月 27日 星期一 12:58:21 CST ===
file_path: /home/xmm/ai/add-coder/templates/core/scripts/mcp-server/shared/prisma.ts
has_file_content: false
has_replacements: false
top_keys: cwd, extra, hook_event_name, session_id, tool_input, tool_name, tool_response, transcript_path
tool_input_keys: file_path, new_string, old_string
=== DONE ===
=== 2026年 07月 27日 星期一 13:02:01 CST ===
file_path: /home/xmm/ai/add-coder/.qoder/plans/2026-07/23/add-coder-mcp-restructure-plan-v1.md
has_file_content: false
has_replacements: false
top_keys: cwd, extra, hook_event_name, session_id, tool_input, tool_name, transcript_path
tool_input_keys: file_path, new_string, old_string
=== DONE ===
=== 2026年 07月 27日 星期一 13:02:04 CST ===
file_path: /home/xmm/ai/add-coder/.qoder/plans/2026-07/23/add-coder-mcp-restructure-plan-v1.md
has_file_content: false
has_replacements: false
top_keys: cwd, extra, hook_event_name, session_id, tool_input, tool_name, tool_response, transcript_path
tool_input_keys: file_path, new_string, old_string
=== DONE ===
=== 2026年 07月 27日 星期一 13:04:56 CST ===
file_path: /home/xmm/ai/add-coder/.qoder/plans/2026-07/23/add-coder-mcp-restructure-plan-v1.md
has_file_content: false
has_replacements: false
top_keys: cwd, extra, hook_event_name, session_id, tool_input, tool_name, transcript_path
tool_input_keys: file_path, new_string, old_string
=== DONE ===
=== 2026年 07月 27日 星期一 13:05:00 CST ===
file_path: /home/xmm/ai/add-coder/.qoder/plans/2026-07/23/add-coder-mcp-restructure-plan-v1.md
has_file_content: false
has_replacements: false
top_keys: cwd, extra, hook_event_name, session_id, tool_input, tool_name, tool_response, transcript_path
tool_input_keys: file_path, new_string, old_string
=== DONE ===
=== 2026年 07月 27日 星期一 13:05:25 CST ===
file_path: EMPTY
has_file_content: false
has_replacements: false
top_keys: cwd, extra, hook_event_name, session_id, tool_input, tool_name, transcript_path
tool_input_keys: command, is_background, timeout
=== DONE ===
=== 2026年 07月 27日 星期一 13:05:36 CST ===
file_path: EMPTY
has_file_content: false
has_replacements: false
top_keys: cwd, extra, hook_event_name, session_id, tool_input, tool_name, transcript_path
tool_input_keys: command, is_background, timeout
=== DONE ===
=== 2026年 07月 27日 星期一 13:05:51 CST ===
file_path: EMPTY
has_file_content: false
has_replacements: false
top_keys: cwd, extra, hook_event_name, session_id, tool_input, tool_name, transcript_path
tool_input_keys: command, is_background, timeout
=== DONE ===
=== 2026年 07月 27日 星期一 13:05:51 CST ===
file_path: EMPTY
has_file_content: false
has_replacements: false
top_keys: cwd, extra, hook_event_name, session_id, tool_input, tool_name, transcript_path
tool_input_keys: command, is_background, timeout
=== DONE ===
=== 2026年 07月 27日 星期一 13:06:25 CST ===
file_path: EMPTY
has_file_content: false
has_replacements: false
top_keys: cwd, extra, hook_event_name, session_id, tool_input, tool_name, transcript_path
tool_input_keys: command, is_background, timeout
=== DONE ===
=== 2026年 07月 27日 星期一 13:06:45 CST ===
file_path: EMPTY
has_file_content: false
has_replacements: false
top_keys: cwd, extra, hook_event_name, session_id, tool_input, tool_name, transcript_path
tool_input_keys: command, is_background
=== DONE ===
=== 2026年 07月 27日 星期一 13:07:06 CST ===
file_path: /home/xmm/ai/farm-agent/.qoder/plans/2026-07/27/farm-agent-prisma-v7-migration-plan-v1.md
has_file_content: true
has_replacements: false
[file_content[500]]: # farm-agent-prisma-v7-migration-v1

> **Plan/Spec 边界提醒**：Plan 回答"改什么、为什么改、改哪里"。

## PLAN 元信息

- **Plan 名称**: farm-agent-prisma-v7-migration-v1
- **启动时间**: 2026-07-27T12:00:00+08:00
- **主导 AI**: Qoder
- **关联文档**:
  - 上游模板修复: add-coder `templates/core/scripts/mcp-server/shared/prisma.ts`（`createRequire` + `package.json` 双层防护）

---

## 一、背景

farm-agent 升级 Prisma v6 → v7（`@prisma/client` ^7
top_keys: cwd, extra, hook_event_name, session_id, tool_input, tool_name, transcript_path
tool_input_keys: file_content, file_path
=== DONE ===
=== 2026年 07月 27日 星期一 13:07:09 CST ===
file_path: /home/xmm/ai/farm-agent/.qoder/plans/2026-07/27/farm-agent-prisma-v7-migration-plan-v1.md
has_file_content: true
has_replacements: false
[file_content[500]]: # farm-agent-prisma-v7-migration-v1

> **Plan/Spec 边界提醒**：Plan 回答"改什么、为什么改、改哪里"。

## PLAN 元信息

- **Plan 名称**: farm-agent-prisma-v7-migration-v1
- **启动时间**: 2026-07-27T12:00:00+08:00
- **主导 AI**: Qoder
- **关联文档**:
  - 上游模板修复: add-coder `templates/core/scripts/mcp-server/shared/prisma.ts`（`createRequire` + `package.json` 双层防护）

---

## 一、背景

farm-agent 升级 Prisma v6 → v7（`@prisma/client` ^7
top_keys: cwd, extra, hook_event_name, session_id, tool_input, tool_name, tool_response, transcript_path
tool_input_keys: file_content, file_path
=== DONE ===
=== 2026年 07月 27日 星期一 13:07:28 CST ===
file_path: /home/xmm/ai/add-coder/.qoder/reviews/add-coder-hitl-mcp-hook-review-implementation-v1.md
has_file_content: true
has_replacements: false
[file_content[500]]: # add-coder-hitl-mcp-hook-review-implementation-v1

## Review 元信息

- **Review 对象**: `add-coder-hitl-mcp-hook-plan-v1.md` 全部轮次 1~4 的代码实现
- **关联方案 review**: `.qoder/reviews/add-coder-hitl-mcp-hook-review-v1.md`
- **Review 时间**: 2026-07-27
- **Review 类型**: 实现 review（ADD-10 意图与实现的语义鸿沟）
- **前置阅读**: `.qoder/plans/2026-07/25/add-coder-hitl-mcp-hook-plan-v1.md`、`.qoder/specs/add-coder-hitl-mcp-hook/spec.md`、`.qoder/specs
top_keys: cwd, extra, hook_event_name, session_id, tool_input, tool_name, transcript_path
tool_input_keys: file_content, file_path
=== DONE ===
=== 2026年 07月 27日 星期一 13:07:30 CST ===
file_path: /home/xmm/ai/add-coder/.qoder/reviews/add-coder-hitl-mcp-hook-review-implementation-v1.md
has_file_content: true
has_replacements: false
[file_content[500]]: # add-coder-hitl-mcp-hook-review-implementation-v1

## Review 元信息

- **Review 对象**: `add-coder-hitl-mcp-hook-plan-v1.md` 全部轮次 1~4 的代码实现
- **关联方案 review**: `.qoder/reviews/add-coder-hitl-mcp-hook-review-v1.md`
- **Review 时间**: 2026-07-27
- **Review 类型**: 实现 review（ADD-10 意图与实现的语义鸿沟）
- **前置阅读**: `.qoder/plans/2026-07/25/add-coder-hitl-mcp-hook-plan-v1.md`、`.qoder/specs/add-coder-hitl-mcp-hook/spec.md`、`.qoder/specs
top_keys: cwd, extra, hook_event_name, session_id, tool_input, tool_name, tool_response, transcript_path
tool_input_keys: file_content, file_path
=== DONE ===
=== 2026年 07月 27日 星期一 13:12:05 CST ===
file_path: /home/xmm/ai/add-coder/.qoder/reviews/add-coder-hitl-mcp-hook-review-implementation-v1.md
has_file_content: false
has_replacements: false
top_keys: cwd, extra, hook_event_name, session_id, tool_input, tool_name, transcript_path
tool_input_keys: file_path, new_string, old_string
=== DONE ===
=== 2026年 07月 27日 星期一 13:12:09 CST ===
file_path: /home/xmm/ai/add-coder/.qoder/reviews/add-coder-hitl-mcp-hook-review-implementation-v1.md
has_file_content: false
has_replacements: false
top_keys: cwd, extra, hook_event_name, session_id, tool_input, tool_name, tool_response, transcript_path
tool_input_keys: file_path, new_string, old_string
=== DONE ===
=== 2026年 07月 27日 星期一 13:12:15 CST ===
file_path: /home/xmm/ai/add-coder/.qoder/reviews/add-coder-hitl-mcp-hook-review-implementation-v1.md
has_file_content: false
has_replacements: false
top_keys: cwd, extra, hook_event_name, session_id, tool_input, tool_name, transcript_path
tool_input_keys: file_path, new_string, old_string
=== DONE ===
=== 2026年 07月 27日 星期一 13:12:18 CST ===
file_path: /home/xmm/ai/add-coder/.qoder/reviews/add-coder-hitl-mcp-hook-review-implementation-v1.md
has_file_content: false
has_replacements: false
top_keys: cwd, extra, hook_event_name, session_id, tool_input, tool_name, tool_response, transcript_path
tool_input_keys: file_path, new_string, old_string
=== DONE ===
=== 2026年 07月 27日 星期一 13:12:25 CST ===
file_path: /home/xmm/ai/add-coder/.qoder/reviews/add-coder-hitl-mcp-hook-review-implementation-v1.md
has_file_content: false
has_replacements: false
top_keys: cwd, extra, hook_event_name, session_id, tool_input, tool_name, transcript_path
tool_input_keys: file_path, new_string, old_string
=== DONE ===
=== 2026年 07月 27日 星期一 13:12:29 CST ===
file_path: /home/xmm/ai/add-coder/.qoder/reviews/add-coder-hitl-mcp-hook-review-implementation-v1.md
has_file_content: false
has_replacements: false
top_keys: cwd, extra, hook_event_name, session_id, tool_input, tool_name, tool_response, transcript_path
tool_input_keys: file_path, new_string, old_string
=== DONE ===
=== 2026年 07月 27日 星期一 13:12:34 CST ===
file_path: /home/xmm/ai/add-coder/.qoder/reviews/add-coder-hitl-mcp-hook-review-implementation-v1.md
has_file_content: false
has_replacements: false
top_keys: cwd, extra, hook_event_name, session_id, tool_input, tool_name, transcript_path
tool_input_keys: file_path, new_string, old_string
=== DONE ===
=== 2026年 07月 27日 星期一 13:12:38 CST ===
file_path: /home/xmm/ai/add-coder/.qoder/reviews/add-coder-hitl-mcp-hook-review-implementation-v1.md
has_file_content: false
has_replacements: false
top_keys: cwd, extra, hook_event_name, session_id, tool_input, tool_name, tool_response, transcript_path
tool_input_keys: file_path, new_string, old_string
=== DONE ===
=== 2026年 07月 27日 星期一 13:12:51 CST ===
file_path: /home/xmm/ai/add-coder/.qoder/reviews/add-coder-hitl-mcp-hook-review-implementation-v1.md
has_file_content: false
has_replacements: false
top_keys: cwd, extra, hook_event_name, session_id, tool_input, tool_name, transcript_path
tool_input_keys: file_path, new_string, old_string
=== DONE ===
=== 2026年 07月 27日 星期一 13:12:54 CST ===
file_path: /home/xmm/ai/add-coder/.qoder/reviews/add-coder-hitl-mcp-hook-review-implementation-v1.md
has_file_content: false
has_replacements: false
top_keys: cwd, extra, hook_event_name, session_id, tool_input, tool_name, tool_response, transcript_path
tool_input_keys: file_path, new_string, old_string
=== DONE ===
=== 2026年 07月 27日 星期一 13:14:24 CST ===
file_path: /home/xmm/ai/add-coder/.qoder/reviews/add-coder-hitl-mcp-hook-review-implementation-v1.md
has_file_content: false
has_replacements: false
top_keys: cwd, extra, hook_event_name, session_id, tool_input, tool_name, transcript_path
tool_input_keys: file_path, new_string, old_string
=== DONE ===
=== 2026年 07月 27日 星期一 13:14:28 CST ===
file_path: /home/xmm/ai/add-coder/.qoder/reviews/add-coder-hitl-mcp-hook-review-implementation-v1.md
has_file_content: false
has_replacements: false
top_keys: cwd, extra, hook_event_name, session_id, tool_input, tool_name, tool_response, transcript_path
tool_input_keys: file_path, new_string, old_string
=== DONE ===
=== 2026年 07月 27日 星期一 13:14:34 CST ===
file_path: /home/xmm/ai/add-coder/.qoder/reviews/add-coder-hitl-mcp-hook-review-implementation-v1.md
has_file_content: false
has_replacements: false
top_keys: cwd, extra, hook_event_name, session_id, tool_input, tool_name, transcript_path
tool_input_keys: file_path, new_string, old_string
=== DONE ===
=== 2026年 07月 27日 星期一 13:14:37 CST ===
file_path: /home/xmm/ai/add-coder/.qoder/reviews/add-coder-hitl-mcp-hook-review-implementation-v1.md
has_file_content: false
has_replacements: false
top_keys: cwd, extra, hook_event_name, session_id, tool_input, tool_name, tool_response, transcript_path
tool_input_keys: file_path, new_string, old_string
=== DONE ===
=== 2026年 07月 27日 星期一 13:14:43 CST ===
file_path: /home/xmm/ai/add-coder/.qoder/reviews/add-coder-hitl-mcp-hook-review-implementation-v1.md
has_file_content: false
has_replacements: false
top_keys: cwd, extra, hook_event_name, session_id, tool_input, tool_name, transcript_path
tool_input_keys: file_path, new_string, old_string
=== DONE ===
=== 2026年 07月 27日 星期一 13:14:47 CST ===
file_path: /home/xmm/ai/add-coder/.qoder/reviews/add-coder-hitl-mcp-hook-review-implementation-v1.md
has_file_content: false
has_replacements: false
top_keys: cwd, extra, hook_event_name, session_id, tool_input, tool_name, tool_response, transcript_path
tool_input_keys: file_path, new_string, old_string
=== DONE ===
=== 2026年 07月 27日 星期一 13:14:52 CST ===
file_path: /home/xmm/ai/add-coder/.qoder/reviews/add-coder-hitl-mcp-hook-review-implementation-v1.md
has_file_content: false
has_replacements: false
top_keys: cwd, extra, hook_event_name, session_id, tool_input, tool_name, transcript_path
tool_input_keys: file_path, new_string, old_string
=== DONE ===
=== 2026年 07月 27日 星期一 13:14:56 CST ===
file_path: /home/xmm/ai/add-coder/.qoder/reviews/add-coder-hitl-mcp-hook-review-implementation-v1.md
has_file_content: false
has_replacements: false
top_keys: cwd, extra, hook_event_name, session_id, tool_input, tool_name, tool_response, transcript_path
tool_input_keys: file_path, new_string, old_string
=== DONE ===
=== 2026年 07月 27日 星期一 13:15:04 CST ===
file_path: /home/xmm/ai/add-coder/.qoder/reviews/add-coder-hitl-mcp-hook-review-implementation-v1.md
has_file_content: false
has_replacements: false
top_keys: cwd, extra, hook_event_name, session_id, tool_input, tool_name, transcript_path
tool_input_keys: file_path, new_string, old_string
=== DONE ===
=== 2026年 07月 27日 星期一 13:15:08 CST ===
file_path: /home/xmm/ai/add-coder/.qoder/reviews/add-coder-hitl-mcp-hook-review-implementation-v1.md
has_file_content: false
has_replacements: false
top_keys: cwd, extra, hook_event_name, session_id, tool_input, tool_name, tool_response, transcript_path
tool_input_keys: file_path, new_string, old_string
=== DONE ===
=== 2026年 07月 27日 星期一 13:16:42 CST ===
file_path: /home/xmm/ai/add-coder/templates/core/scripts/mcp-server/tools/plan.ts
has_file_content: false
has_replacements: false
top_keys: cwd, extra, hook_event_name, session_id, tool_input, tool_name, transcript_path
tool_input_keys: file_path, new_string, old_string
=== DONE ===
=== 2026年 07月 27日 星期一 13:16:45 CST ===
file_path: /home/xmm/ai/add-coder/templates/core/scripts/mcp-server/tools/plan.ts
has_file_content: false
has_replacements: false
top_keys: cwd, extra, hook_event_name, session_id, tool_input, tool_name, tool_response, transcript_path
tool_input_keys: file_path, new_string, old_string
=== DONE ===
=== 2026年 07月 27日 星期一 13:16:50 CST ===
file_path: /home/xmm/ai/add-coder/templates/core/scripts/mcp-server/tools/plan.ts
has_file_content: false
has_replacements: false
top_keys: cwd, extra, hook_event_name, session_id, tool_input, tool_name, transcript_path
tool_input_keys: file_path, new_string, old_string
=== DONE ===
=== 2026年 07月 27日 星期一 13:16:52 CST ===
file_path: /home/xmm/ai/add-coder/templates/core/scripts/mcp-server/tools/plan.ts
has_file_content: false
has_replacements: false
top_keys: cwd, extra, hook_event_name, session_id, tool_input, tool_name, tool_response, transcript_path
tool_input_keys: file_path, new_string, old_string
=== DONE ===
=== 2026年 07月 27日 星期一 13:17:02 CST ===
file_path: /home/xmm/ai/add-coder/templates/core/scripts/mcp-server/tools/plan.ts
has_file_content: false
has_replacements: false
top_keys: cwd, extra, hook_event_name, session_id, tool_input, tool_name, transcript_path
tool_input_keys: file_path, new_string, old_string
=== DONE ===
=== 2026年 07月 27日 星期一 13:17:04 CST ===
file_path: /home/xmm/ai/add-coder/templates/core/scripts/mcp-server/tools/plan.ts
has_file_content: false
has_replacements: false
top_keys: cwd, extra, hook_event_name, session_id, tool_input, tool_name, tool_response, transcript_path
tool_input_keys: file_path, new_string, old_string
=== DONE ===
=== 2026年 07月 27日 星期一 13:21:37 CST ===
file_path: EMPTY
has_file_content: false
has_replacements: false
top_keys: cwd, extra, hook_event_name, session_id, tool_input, tool_name, transcript_path
tool_input_keys: command, is_background, timeout
=== DONE ===
=== 2026年 07月 27日 星期一 13:23:13 CST ===
file_path: EMPTY
has_file_content: false
has_replacements: false
top_keys: cwd, extra, hook_event_name, session_id, tool_input, tool_name, transcript_path
tool_input_keys: command, is_background, timeout
=== DONE ===
=== 2026年 07月 27日 星期一 13:23:30 CST ===
file_path: /home/xmm/ai/add-coder/.qoder/plans/2026-07/08/add-coder-npm-package-plan-v1.md
has_file_content: false
has_replacements: false
top_keys: cwd, extra, hook_event_name, session_id, tool_input, tool_name, transcript_path
tool_input_keys: file_path, new_string, old_string
=== DONE ===
=== 2026年 07月 27日 星期一 13:23:34 CST ===
file_path: /home/xmm/ai/add-coder/.qoder/plans/2026-07/08/add-coder-npm-package-plan-v1.md
has_file_content: false
has_replacements: false
top_keys: cwd, extra, hook_event_name, session_id, tool_input, tool_name, tool_response, transcript_path
tool_input_keys: file_path, new_string, old_string
=== DONE ===
=== 2026年 07月 27日 星期一 13:23:55 CST ===
file_path: /home/xmm/ai/add-coder/templates/core/hooks/pre-tool-use.sh
has_file_content: false
has_replacements: false
top_keys: cwd, extra, hook_event_name, session_id, tool_input, tool_name, transcript_path
tool_input_keys: file_path, new_string, old_string
=== DONE ===
=== 2026年 07月 27日 星期一 13:23:59 CST ===
file_path: /home/xmm/ai/add-coder/templates/core/hooks/pre-tool-use.sh
has_file_content: false
has_replacements: false
top_keys: cwd, extra, hook_event_name, session_id, tool_input, tool_name, tool_response, transcript_path
tool_input_keys: file_path, new_string, old_string
=== DONE ===
=== 2026年 07月 27日 星期一 13:24:05 CST ===
file_path: /home/xmm/ai/add-coder/.qoder/plans/2026-07/08/add-coder-npm-package-plan-v1.md
has_file_content: false
has_replacements: false
top_keys: cwd, extra, hook_event_name, session_id, tool_input, tool_name, transcript_path
tool_input_keys: file_path, new_string, old_string
=== DONE ===
=== 2026年 07月 27日 星期一 13:24:09 CST ===
file_path: /home/xmm/ai/add-coder/.qoder/plans/2026-07/08/add-coder-npm-package-plan-v1.md
has_file_content: false
has_replacements: false
top_keys: cwd, extra, hook_event_name, session_id, tool_input, tool_name, tool_response, transcript_path
tool_input_keys: file_path, new_string, old_string
=== DONE ===
=== 2026年 07月 27日 星期一 13:24:20 CST ===
file_path: EMPTY
has_file_content: false
has_replacements: false
top_keys: cwd, extra, hook_event_name, session_id, tool_input, tool_name, transcript_path
tool_input_keys: command, is_background, timeout
=== DONE ===
=== 2026年 07月 27日 星期一 13:25:42 CST ===
=== 2026年 07月 27日 星期一 13:25:42 CST ===
=== 2026年 07月 27日 星期一 13:25:42 CST ===
file_path: /home/xmm/ai/add-coder/templates/adapters/trae/hooks/pre-tool-use.sh
file_path: /home/xmm/ai/add-coder/templates/adapters/codex/hooks/pre-tool-use.sh
file_path: /home/xmm/ai/add-coder/templates/core/hooks/pre-tool-use.sh
has_file_content: false
has_file_content: false
has_file_content: false
has_replacements: false
has_replacements: false
has_replacements: false
top_keys: cwd, extra, hook_event_name, session_id, tool_input, tool_name, transcript_path
tool_input_keys: file_path, new_string, old_string
=== DONE ===
top_keys: cwd, extra, hook_event_name, session_id, tool_input, tool_name, transcript_path
top_keys: cwd, extra, hook_event_name, session_id, tool_input, tool_name, transcript_path
tool_input_keys: file_path, new_string, old_string
=== DONE ===
tool_input_keys: file_path, new_string, old_string
=== DONE ===
=== 2026年 07月 27日 星期一 13:25:46 CST ===
file_path: /home/xmm/ai/add-coder/templates/core/hooks/pre-tool-use.sh
has_file_content: false
has_replacements: false
=== 2026年 07月 27日 星期一 13:25:46 CST ===
=== 2026年 07月 27日 星期一 13:25:46 CST ===
file_path: /home/xmm/ai/add-coder/templates/adapters/codex/hooks/pre-tool-use.sh
file_path: /home/xmm/ai/add-coder/templates/adapters/trae/hooks/pre-tool-use.sh
has_file_content: false
top_keys: cwd, extra, hook_event_name, session_id, tool_input, tool_name, tool_response, transcript_path
has_file_content: false
has_replacements: false
tool_input_keys: file_path, new_string, old_string
=== DONE ===
has_replacements: false
top_keys: cwd, extra, hook_event_name, session_id, tool_input, tool_name, tool_response, transcript_path
top_keys: cwd, extra, hook_event_name, session_id, tool_input, tool_name, tool_response, transcript_path
tool_input_keys: file_path, new_string, old_string
=== DONE ===
tool_input_keys: file_path, new_string, old_string
=== DONE ===
=== 2026年 07月 27日 星期一 13:26:03 CST ===
=== 2026年 07月 27日 星期一 13:26:03 CST ===
=== 2026年 07月 27日 星期一 13:26:03 CST ===
=== 2026年 07月 27日 星期一 13:26:03 CST ===
file_path: /home/xmm/ai/add-coder/templates/adapters/codex/hooks/pre-tool-use.sh
=== 2026年 07月 27日 星期一 13:26:03 CST ===
file_path: /home/xmm/ai/add-coder/templates/adapters/vscode/hooks/pre-tool-use.sh
file_path: /home/xmm/ai/add-coder/templates/adapters/trae/hooks/pre-tool-use.sh
has_file_content: false
file_path: /home/xmm/ai/add-coder/templates/adapters/claude/hooks/pre-tool-use.sh
file_path: /home/xmm/ai/add-coder/templates/adapters/qoder/hooks/pre-tool-use.sh
has_file_content: false
has_file_content: false
has_replacements: false
has_replacements: false
has_file_content: false
has_file_content: false
has_replacements: false
has_replacements: false
has_replacements: false
top_keys: cwd, extra, hook_event_name, session_id, tool_input, tool_name, transcript_path
top_keys: cwd, extra, hook_event_name, session_id, tool_input, tool_name, transcript_path
top_keys: cwd, extra, hook_event_name, session_id, tool_input, tool_name, transcript_path
tool_input_keys: file_path, new_string, old_string
=== DONE ===
top_keys: cwd, extra, hook_event_name, session_id, tool_input, tool_name, transcript_path
tool_input_keys: file_path, new_string, old_string
=== DONE ===
tool_input_keys: file_path, new_string, old_string
=== DONE ===
top_keys: cwd, extra, hook_event_name, session_id, tool_input, tool_name, transcript_path
tool_input_keys: file_path, new_string, old_string
=== DONE ===
tool_input_keys: file_path, new_string, old_string
=== DONE ===
=== 2026年 07月 27日 星期一 13:26:07 CST ===
=== 2026年 07月 27日 星期一 13:26:07 CST ===
file_path: /home/xmm/ai/add-coder/templates/adapters/trae/hooks/pre-tool-use.sh
file_path: /home/xmm/ai/add-coder/templates/adapters/vscode/hooks/pre-tool-use.sh
has_file_content: false
has_file_content: false
has_replacements: false
has_replacements: false
top_keys: cwd, extra, hook_event_name, session_id, tool_input, tool_name, tool_response, transcript_path
top_keys: cwd, extra, hook_event_name, session_id, tool_input, tool_name, tool_response, transcript_path
tool_input_keys: file_path, new_string, old_string
=== DONE ===
tool_input_keys: file_path, new_string, old_string
=== DONE ===
=== 2026年 07月 27日 星期一 13:26:07 CST ===
file_path: /home/xmm/ai/add-coder/templates/adapters/codex/hooks/pre-tool-use.sh
has_file_content: false
has_replacements: false
top_keys: cwd, extra, hook_event_name, session_id, tool_input, tool_name, tool_response, transcript_path
=== 2026年 07月 27日 星期一 13:26:07 CST ===
tool_input_keys: file_path, new_string, old_string
=== DONE ===
=== 2026年 07月 27日 星期一 13:26:07 CST ===
file_path: /home/xmm/ai/add-coder/templates/adapters/claude/hooks/pre-tool-use.sh
file_path: /home/xmm/ai/add-coder/templates/adapters/qoder/hooks/pre-tool-use.sh
has_file_content: false
has_replacements: false
has_file_content: false
has_replacements: false
top_keys: cwd, extra, hook_event_name, session_id, tool_input, tool_name, tool_response, transcript_path
tool_input_keys: file_path, new_string, old_string
=== DONE ===
top_keys: cwd, extra, hook_event_name, session_id, tool_input, tool_name, tool_response, transcript_path
tool_input_keys: file_path, new_string, old_string
=== DONE ===
=== 2026年 07月 27日 星期一 13:26:21 CST ===
file_path: EMPTY
has_file_content: false
has_replacements: false
top_keys: cwd, extra, hook_event_name, session_id, tool_input, tool_name, transcript_path
tool_input_keys: command, is_background, timeout
=== DONE ===
=== 2026年 07月 27日 星期一 13:26:30 CST ===
file_path: EMPTY
has_file_content: false
has_replacements: false
top_keys: cwd, extra, hook_event_name, session_id, tool_input, tool_name, transcript_path
tool_input_keys: command, is_background, timeout
=== DONE ===
=== 2026年 07月 27日 星期一 13:26:36 CST ===
file_path: EMPTY
has_file_content: false
has_replacements: false
top_keys: cwd, extra, hook_event_name, session_id, tool_input, tool_name, transcript_path
tool_input_keys: command, is_background, timeout
=== DONE ===
=== 2026年 07月 27日 星期一 13:26:42 CST ===
file_path: EMPTY
has_file_content: false
has_replacements: false
top_keys: cwd, extra, hook_event_name, session_id, tool_input, tool_name, transcript_path
tool_input_keys: command, is_background, timeout
=== DONE ===
=== 2026年 07月 27日 星期一 13:26:49 CST ===
file_path: /home/xmm/ai/add-coder/.qoder/hooks/pre-tool-use.sh
has_file_content: false
has_replacements: false
top_keys: cwd, extra, hook_event_name, session_id, tool_input, tool_name, transcript_path
tool_input_keys: file_path, new_string, old_string
=== DONE ===
=== 2026年 07月 27日 星期一 13:26:52 CST ===
file_path: /home/xmm/ai/add-coder/.qoder/hooks/pre-tool-use.sh
has_file_content: false
has_replacements: false
top_keys: cwd, extra, hook_event_name, session_id, tool_input, tool_name, tool_response, transcript_path
tool_input_keys: file_path, new_string, old_string
=== DONE ===
=== 2026年 07月 27日 星期一 13:27:27 CST ===
file_path: EMPTY
has_file_content: false
has_replacements: false
top_keys: cwd, extra, hook_event_name, session_id, tool_input, tool_name, transcript_path
tool_input_keys: command, is_background, timeout
=== DONE ===
=== 2026年 07月 27日 星期一 13:27:40 CST ===
file_path: EMPTY
has_file_content: false
has_replacements: false
top_keys: cwd, extra, hook_event_name, session_id, tool_input, tool_name, transcript_path
tool_input_keys: command, is_background, timeout
=== DONE ===
=== 2026年 07月 27日 星期一 13:28:30 CST ===
file_path: EMPTY
has_file_content: false
has_replacements: false
top_keys: cwd, extra, hook_event_name, session_id, tool_input, tool_name, transcript_path
tool_input_keys: command, is_background, timeout
=== DONE ===
=== 2026年 07月 27日 星期一 13:28:36 CST ===
file_path: EMPTY
has_file_content: false
has_replacements: false
top_keys: cwd, extra, hook_event_name, session_id, tool_input, tool_name, transcript_path
tool_input_keys: command, is_background, timeout
=== DONE ===
=== 2026年 07月 27日 星期一 13:28:47 CST ===
file_path: EMPTY
has_file_content: false
has_replacements: false
top_keys: cwd, extra, hook_event_name, session_id, tool_input, tool_name, transcript_path
tool_input_keys: command, is_background, timeout
=== DONE ===
=== 2026年 07月 27日 星期一 13:32:26 CST ===
file_path: /home/xmm/ai/add-coder/.qoder/plans/2026-07/08/add-coder-npm-package-plan-v1.md
has_file_content: false
has_replacements: false
top_keys: cwd, extra, hook_event_name, session_id, tool_input, tool_name, transcript_path
tool_input_keys: file_path, new_string, old_string
=== DONE ===
=== 2026年 07月 27日 星期一 13:32:29 CST ===
file_path: /home/xmm/ai/add-coder/.qoder/plans/2026-07/08/add-coder-npm-package-plan-v1.md
has_file_content: false
has_replacements: false
top_keys: cwd, extra, hook_event_name, session_id, tool_input, tool_name, tool_response, transcript_path
tool_input_keys: file_path, new_string, old_string
=== DONE ===
=== 2026年 07月 27日 星期一 13:32:37 CST ===
file_path: EMPTY
has_file_content: false
has_replacements: false
top_keys: cwd, extra, hook_event_name, session_id, tool_input, tool_name, transcript_path
tool_input_keys: command, is_background, timeout
=== DONE ===
=== 2026年 07月 27日 星期一 13:32:56 CST ===
file_path: EMPTY
has_file_content: false
has_replacements: false
top_keys: cwd, extra, hook_event_name, session_id, tool_input, tool_name, transcript_path
tool_input_keys: command, is_background, timeout
=== DONE ===
=== 2026年 07月 27日 星期一 13:33:17 CST ===
file_path: EMPTY
has_file_content: false
has_replacements: false
top_keys: cwd, extra, hook_event_name, session_id, tool_input, tool_name, transcript_path
tool_input_keys: command, is_background, timeout
=== DONE ===
=== 2026年 07月 27日 星期一 13:33:43 CST ===
file_path: EMPTY
has_file_content: false
has_replacements: false
top_keys: cwd, extra, hook_event_name, session_id, tool_input, tool_name, transcript_path
tool_input_keys: command, is_background, timeout
=== DONE ===
=== 2026年 07月 27日 星期一 13:33:47 CST ===
file_path: EMPTY
has_file_content: false
has_replacements: false
top_keys: cwd, extra, hook_event_name, session_id, tool_input, tool_name, transcript_path
tool_input_keys: command, is_background, timeout
=== DONE ===
=== 2026年 07月 27日 星期一 13:34:22 CST ===
=== 2026年 07月 27日 星期一 13:34:22 CST ===
file_path: /home/xmm/ai/add-coder/templates/adapters/qoder/hooks/pre-tool-use.sh
file_path: EMPTY
has_file_content: false
has_file_content: false
has_replacements: false
has_replacements: false
top_keys: cwd, extra, hook_event_name, session_id, tool_input, tool_name, transcript_path
top_keys: cwd, extra, hook_event_name, session_id, tool_input, tool_name, transcript_path
tool_input_keys: file_path, new_string, old_string
=== DONE ===
tool_input_keys: command, is_background, timeout
=== DONE ===
=== 2026年 07月 27日 星期一 13:34:26 CST ===
file_path: /home/xmm/ai/add-coder/templates/adapters/qoder/hooks/pre-tool-use.sh
has_file_content: false
has_replacements: false
top_keys: cwd, extra, hook_event_name, session_id, tool_input, tool_name, tool_response, transcript_path
tool_input_keys: file_path, new_string, old_string
=== DONE ===
=== 2026年 07月 27日 星期一 13:34:42 CST ===
=== 2026年 07月 27日 星期一 13:34:42 CST ===
file_path: /home/xmm/ai/add-coder/templates/adapters/claude/hooks/pre-tool-use.sh
file_path: /home/xmm/ai/add-coder/templates/adapters/vscode/hooks/pre-tool-use.sh
has_file_content: false
has_file_content: false
has_replacements: false
has_replacements: false
top_keys: cwd, extra, hook_event_name, session_id, tool_input, tool_name, transcript_path
top_keys: cwd, extra, hook_event_name, session_id, tool_input, tool_name, transcript_path
tool_input_keys: file_path, new_string, old_string
=== DONE ===
tool_input_keys: file_path, new_string, old_string
=== DONE ===
=== 2026年 07月 27日 星期一 13:34:46 CST ===
=== 2026年 07月 27日 星期一 13:34:46 CST ===
file_path: /home/xmm/ai/add-coder/templates/adapters/claude/hooks/pre-tool-use.sh
file_path: /home/xmm/ai/add-coder/templates/adapters/vscode/hooks/pre-tool-use.sh
has_file_content: false
has_replacements: false
has_file_content: false
has_replacements: false
top_keys: cwd, extra, hook_event_name, session_id, tool_input, tool_name, tool_response, transcript_path
tool_input_keys: file_path, new_string, old_string
=== DONE ===
top_keys: cwd, extra, hook_event_name, session_id, tool_input, tool_name, tool_response, transcript_path
tool_input_keys: file_path, new_string, old_string
=== DONE ===
=== 2026年 07月 27日 星期一 13:34:51 CST ===
file_path: EMPTY
has_file_content: false
has_replacements: false
top_keys: cwd, extra, hook_event_name, session_id, tool_input, tool_name, transcript_path
tool_input_keys: command, is_background, timeout
=== DONE ===
=== 2026年 07月 27日 星期一 13:35:12 CST ===
file_path: EMPTY
has_file_content: false
has_replacements: false
top_keys: cwd, extra, hook_event_name, session_id, tool_input, tool_name, transcript_path
tool_input_keys: command, is_background, timeout
=== DONE ===
=== 2026年 07月 27日 星期一 13:38:51 CST ===
=== 2026年 07月 27日 星期一 13:38:51 CST ===
=== 2026年 07月 27日 星期一 13:38:51 CST ===
file_path: /home/xmm/ai/add-coder/templates/adapters/qoder/hooks/pre-tool-use.sh
file_path: /home/xmm/ai/add-coder/templates/adapters/claude/hooks/pre-tool-use.sh
file_path: /home/xmm/ai/add-coder/templates/adapters/vscode/hooks/pre-tool-use.sh
has_file_content: false
has_file_content: false
has_file_content: false
has_replacements: false
has_replacements: false
has_replacements: false
top_keys: cwd, extra, hook_event_name, session_id, tool_input, tool_name, transcript_path
top_keys: cwd, extra, hook_event_name, session_id, tool_input, tool_name, transcript_path
top_keys: cwd, extra, hook_event_name, session_id, tool_input, tool_name, transcript_path
tool_input_keys: file_path, new_string, old_string
tool_input_keys: file_path, new_string, old_string
=== DONE ===
=== DONE ===
tool_input_keys: file_path, new_string, old_string
=== DONE ===
=== 2026年 07月 27日 星期一 13:38:54 CST ===
=== 2026年 07月 27日 星期一 13:38:54 CST ===
=== 2026年 07月 27日 星期一 13:38:54 CST ===
file_path: /home/xmm/ai/add-coder/templates/adapters/qoder/hooks/pre-tool-use.sh
file_path: /home/xmm/ai/add-coder/templates/adapters/claude/hooks/pre-tool-use.sh
file_path: /home/xmm/ai/add-coder/templates/adapters/vscode/hooks/pre-tool-use.sh
has_file_content: false
has_file_content: false
has_file_content: false
has_replacements: false
has_replacements: false
has_replacements: false
top_keys: cwd, extra, hook_event_name, session_id, tool_input, tool_name, tool_response, transcript_path
top_keys: cwd, extra, hook_event_name, session_id, tool_input, tool_name, tool_response, transcript_path
top_keys: cwd, extra, hook_event_name, session_id, tool_input, tool_name, tool_response, transcript_path
tool_input_keys: file_path, new_string, old_string
=== DONE ===
tool_input_keys: file_path, new_string, old_string
=== DONE ===
tool_input_keys: file_path, new_string, old_string
=== DONE ===
=== 2026年 07月 27日 星期一 13:39:03 CST ===
=== 2026年 07月 27日 星期一 13:39:03 CST ===
=== 2026年 07月 27日 星期一 13:39:03 CST ===
file_path: /home/xmm/ai/add-coder/templates/adapters/claude/hooks/pre-tool-use.sh
file_path: /home/xmm/ai/add-coder/templates/adapters/qoder/hooks/pre-tool-use.sh
file_path: /home/xmm/ai/add-coder/templates/adapters/vscode/hooks/pre-tool-use.sh
has_file_content: false
has_file_content: false
has_file_content: false
has_replacements: false
has_replacements: false
has_replacements: false
top_keys: cwd, extra, hook_event_name, session_id, tool_input, tool_name, transcript_path
top_keys: cwd, extra, hook_event_name, session_id, tool_input, tool_name, transcript_path
top_keys: cwd, extra, hook_event_name, session_id, tool_input, tool_name, transcript_path
tool_input_keys: file_path, new_string, old_string
=== DONE ===
tool_input_keys: file_path, new_string, old_string
=== DONE ===
tool_input_keys: file_path, new_string, old_string
=== DONE ===
=== 2026年 07月 27日 星期一 13:39:06 CST ===
=== 2026年 07月 27日 星期一 13:39:06 CST ===
file_path: /home/xmm/ai/add-coder/templates/adapters/vscode/hooks/pre-tool-use.sh
file_path: /home/xmm/ai/add-coder/templates/adapters/qoder/hooks/pre-tool-use.sh
has_file_content: false
has_file_content: false
has_replacements: false
has_replacements: false
top_keys: cwd, extra, hook_event_name, session_id, tool_input, tool_name, tool_response, transcript_path
top_keys: cwd, extra, hook_event_name, session_id, tool_input, tool_name, tool_response, transcript_path
tool_input_keys: file_path, new_string, old_string
=== DONE ===
tool_input_keys: file_path, new_string, old_string
=== DONE ===
=== 2026年 07月 27日 星期一 13:39:06 CST ===
file_path: /home/xmm/ai/add-coder/templates/adapters/claude/hooks/pre-tool-use.sh
has_file_content: false
has_replacements: false
top_keys: cwd, extra, hook_event_name, session_id, tool_input, tool_name, tool_response, transcript_path
tool_input_keys: file_path, new_string, old_string
=== DONE ===
=== 2026年 07月 27日 星期一 13:39:13 CST ===
file_path: EMPTY
has_file_content: false
has_replacements: false
top_keys: cwd, extra, hook_event_name, session_id, tool_input, tool_name, transcript_path
tool_input_keys: command, is_background, timeout
=== DONE ===
=== 2026年 07月 27日 星期一 13:39:23 CST ===
file_path: EMPTY
has_file_content: false
has_replacements: false
top_keys: cwd, extra, hook_event_name, session_id, tool_input, tool_name, transcript_path
tool_input_keys: command, is_background, timeout
=== DONE ===
=== 2026年 07月 27日 星期一 13:39:41 CST ===
file_path: EMPTY
has_file_content: false
has_replacements: false
top_keys: cwd, extra, hook_event_name, session_id, tool_input, tool_name, transcript_path
tool_input_keys: command, is_background, timeout
=== DONE ===
=== 2026年 07月 27日 星期一 13:40:58 CST ===
file_path: /home/xmm/ai/add-coder/.qoder/plans/2026-07/08/add-coder-npm-package-plan-v1.md
has_file_content: false
has_replacements: false
top_keys: cwd, extra, hook_event_name, session_id, tool_input, tool_name, transcript_path
tool_input_keys: file_path, new_string, old_string
=== DONE ===
=== 2026年 07月 27日 星期一 13:41:45 CST ===
file_path: /home/xmm/ai/add-coder/.qoder/plans/2026-07/08/add-coder-npm-package-plan-v1.md
has_file_content: false
has_replacements: false
top_keys: cwd, extra, hook_event_name, session_id, tool_input, tool_name, transcript_path
tool_input_keys: file_path, new_string
=== DONE ===
=== 2026年 07月 27日 星期一 13:42:51 CST ===
=== 2026年 07月 27日 星期一 13:42:51 CST ===
=== 2026年 07月 27日 星期一 13:42:51 CST ===
file_path: /home/xmm/ai/add-coder/templates/adapters/qoder/hooks/pre-tool-use.sh
=== 2026年 07月 27日 星期一 13:42:51 CST ===
=== 2026年 07月 27日 星期一 13:42:51 CST ===
=== 2026年 07月 27日 星期一 13:42:51 CST ===
file_path: /home/xmm/ai/add-coder/templates/adapters/trae/hooks/pre-tool-use.sh
file_path: /home/xmm/ai/add-coder/templates/adapters/claude/hooks/pre-tool-use.sh
file_path: /home/xmm/ai/add-coder/templates/core/hooks/pre-tool-use.sh
has_file_content: false
has_file_content: false
file_path: /home/xmm/ai/add-coder/templates/adapters/codex/hooks/pre-tool-use.sh
file_path: /home/xmm/ai/add-coder/templates/adapters/vscode/hooks/pre-tool-use.sh
has_replacements: false
has_file_content: false
has_file_content: false
has_file_content: false
has_replacements: false
has_file_content: false
has_replacements: false
has_replacements: false
has_replacements: false
has_replacements: false
top_keys: cwd, extra, hook_event_name, session_id, tool_input, tool_name, transcript_path
top_keys: cwd, extra, hook_event_name, session_id, tool_input, tool_name, transcript_path
top_keys: cwd, extra, hook_event_name, session_id, tool_input, tool_name, transcript_path
top_keys: cwd, extra, hook_event_name, session_id, tool_input, tool_name, transcript_path
tool_input_keys: file_path, new_string, old_string
=== DONE ===
tool_input_keys: file_path, new_string, old_string
=== DONE ===
tool_input_keys: file_path, new_string, old_string
=== DONE ===
tool_input_keys: file_path, new_string, old_string
=== DONE ===
top_keys: cwd, extra, hook_event_name, session_id, tool_input, tool_name, transcript_path
top_keys: cwd, extra, hook_event_name, session_id, tool_input, tool_name, transcript_path
tool_input_keys: file_path, new_string, old_string
tool_input_keys: file_path, new_string, old_string
=== DONE ===
=== DONE ===
=== 2026年 07月 27日 星期一 13:42:59 CST ===
file_path: /home/xmm/ai/add-coder/templates/core/hooks/pre-tool-use.sh
has_file_content: false
has_replacements: true
[replacement_new_text[500]]: "permissionDecision":"ask","permissionDecisionReason":"HITL 未 tongyi: $_tongyi_marker 不存在"}}
top_keys: cwd, extra, hook_event_name, session_id, tool_input, tool_name, transcript_path
tool_input_keys: file_path, replacements
=== DONE ===
=== 2026年 07月 27日 星期一 13:43:01 CST ===
file_path: /home/xmm/ai/add-coder/templates/core/hooks/pre-tool-use.sh
has_file_content: false
has_replacements: true
[replacement_new_text[500]]: "permissionDecision":"ask","permissionDecisionReason":"HITL 未 tongyi: $_tongyi_marker 不存在"}}
top_keys: cwd, extra, hook_event_name, session_id, tool_input, tool_name, tool_response, transcript_path
tool_input_keys: file_path, replacements
=== DONE ===
=== 2026年 07月 27日 星期一 13:43:14 CST ===
file_path: /home/xmm/ai/add-coder/templates/core/hooks/pre-tool-use.sh
has_file_content: false
has_replacements: true
[replacement_new_text[500]]:         echo "{\"hookSpecificOutput\":{\"hookEventName\":\"PreToolUse\",\"permissionDecision\":\"ask\",\"permissionDecisionReason\":\"HITL 未 tongyi: $_tongyi_marker 不存在\"}}"
top_keys: cwd, extra, hook_event_name, session_id, tool_input, tool_name, transcript_path
tool_input_keys: file_path, replacements
=== DONE ===
=== 2026年 07月 27日 星期一 13:43:17 CST ===
file_path: /home/xmm/ai/add-coder/templates/core/hooks/pre-tool-use.sh
has_file_content: false
has_replacements: true
[replacement_new_text[500]]:         echo "{\"hookSpecificOutput\":{\"hookEventName\":\"PreToolUse\",\"permissionDecision\":\"ask\",\"permissionDecisionReason\":\"HITL 未 tongyi: $_tongyi_marker 不存在\"}}"
top_keys: cwd, extra, hook_event_name, session_id, tool_input, tool_name, tool_response, transcript_path
tool_input_keys: file_path, replacements
=== DONE ===
=== 2026年 07月 27日 星期一 13:43:41 CST ===
=== 2026年 07月 27日 星期一 13:43:41 CST ===
=== 2026年 07月 27日 星期一 13:43:41 CST ===
=== 2026年 07月 27日 星期一 13:43:41 CST ===
file_path: /home/xmm/ai/add-coder/templates/adapters/codex/hooks/pre-tool-use.sh
file_path: /home/xmm/ai/add-coder/templates/adapters/qoder/hooks/pre-tool-use.sh
file_path: /home/xmm/ai/add-coder/templates/adapters/claude/hooks/pre-tool-use.sh
=== 2026年 07月 27日 星期一 13:43:41 CST ===
file_path: /home/xmm/ai/add-coder/templates/adapters/vscode/hooks/pre-tool-use.sh
has_file_content: false
file_path: /home/xmm/ai/add-coder/templates/adapters/trae/hooks/pre-tool-use.sh
has_file_content: false
has_file_content: false
has_file_content: false
has_replacements: true
has_file_content: false
has_replacements: true
has_replacements: true
has_replacements: true
has_replacements: true
[replacement_new_text[500]]:         echo "{\"hookSpecificOutput\":{\"hookEventName\":\"PreToolUse\",\"permissionDecision\":\"ask\",\"permissionDecisionReason\":\"HITL 未 tongyi: $_tongyi_marker 不存在\"}}"
        write_hook_event "pre-tool-use" "ask" "$tool_name $file_path" "HITL 未 tongyi: $_tongyi_marker"
[replacement_new_text[500]]:         echo "{\"hookSpecificOutput\":{\"hookEventName\":\"PreToolUse\",\"permissionDecision\":\"ask\",\"permissionDecisionReason\":\"HITL 未 tongyi: $_tongyi_marker 不存在\"}}"
        write_hook_event "pre-tool-use" "ask" "$file_path" "HITL 未 tongyi: $_tongyi_marker"
[replacement_new_text[500]]:         echo "{\"hookSpecificOutput\":{\"hookEventName\":\"PreToolUse\",\"permissionDecision\":\"ask\",\"permissionDecisionReason\":\"HITL 未 tongyi: $_tongyi_marker 不存在\"}}"
        write_hook_event "pre-tool-use" "ask" "$file_path" "HITL 未 tongyi: $_tongyi_marker"
top_keys: cwd, extra, hook_event_name, session_id, tool_input, tool_name, transcript_path
tool_input_keys: file_path, replacements
[replacement_new_text[500]]:         echo "{\"hookSpecificOutput\":{\"hookEventName\":\"PreToolUse\",\"permissionDecision\":\"ask\",\"permissionDecisionReason\":\"HITL 未 tongyi: $_tongyi_marker 不存在\"}}"
        write_hook_event "pre-tool-use" "ask" "$tool_name $file_path" "HITL 未 tongyi: $_tongyi_marker"
top_keys: cwd, extra, hook_event_name, session_id, tool_input, tool_name, transcript_path
=== DONE ===
top_keys: cwd, extra, hook_event_name, session_id, tool_input, tool_name, transcript_path
tool_input_keys: file_path, replacements
top_keys: cwd, extra, hook_event_name, session_id, tool_input, tool_name, transcript_path
=== DONE ===
tool_input_keys: file_path, replacements
=== DONE ===
[replacement_new_text[500]]:         echo "{\"hookSpecificOutput\":{\"hookEventName\":\"PreToolUse\",\"permissionDecision\":\"ask\",\"permissionDecisionReason\":\"HITL 未 tongyi: $_tongyi_marker 不存在\"}}"
        write_hook_event "pre-tool-use" "ask" "$file_path" "HITL 未 tongyi: $_tongyi_marker"
tool_input_keys: file_path, replacements
=== DONE ===
top_keys: cwd, extra, hook_event_name, session_id, tool_input, tool_name, transcript_path
tool_input_keys: file_path, replacements
=== DONE ===
=== 2026年 07月 27日 星期一 13:43:45 CST ===
=== 2026年 07月 27日 星期一 13:43:45 CST ===
=== 2026年 07月 27日 星期一 13:43:45 CST ===
=== 2026年 07月 27日 星期一 13:43:45 CST ===
=== 2026年 07月 27日 星期一 13:43:45 CST ===
file_path: /home/xmm/ai/add-coder/templates/adapters/qoder/hooks/pre-tool-use.sh
file_path: /home/xmm/ai/add-coder/templates/adapters/trae/hooks/pre-tool-use.sh
file_path: /home/xmm/ai/add-coder/templates/adapters/claude/hooks/pre-tool-use.sh
file_path: /home/xmm/ai/add-coder/templates/adapters/vscode/hooks/pre-tool-use.sh
file_path: /home/xmm/ai/add-coder/templates/adapters/codex/hooks/pre-tool-use.sh
has_file_content: false
has_file_content: false
has_file_content: false
has_file_content: false
has_file_content: false
has_replacements: true
has_replacements: true
has_replacements: true
has_replacements: true
has_replacements: true
[replacement_new_text[500]]:         echo "{\"hookSpecificOutput\":{\"hookEventName\":\"PreToolUse\",\"permissionDecision\":\"ask\",\"permissionDecisionReason\":\"HITL 未 tongyi: $_tongyi_marker 不存在\"}}"
        write_hook_event "pre-tool-use" "ask" "$file_path" "HITL 未 tongyi: $_tongyi_marker"
[replacement_new_text[500]]:         echo "{\"hookSpecificOutput\":{\"hookEventName\":\"PreToolUse\",\"permissionDecision\":\"ask\",\"permissionDecisionReason\":\"HITL 未 tongyi: $_tongyi_marker 不存在\"}}"
        write_hook_event "pre-tool-use" "ask" "$file_path" "HITL 未 tongyi: $_tongyi_marker"
[replacement_new_text[500]]:         echo "{\"hookSpecificOutput\":{\"hookEventName\":\"PreToolUse\",\"permissionDecision\":\"ask\",\"permissionDecisionReason\":\"HITL 未 tongyi: $_tongyi_marker 不存在\"}}"
        write_hook_event "pre-tool-use" "ask" "$tool_name $file_path" "HITL 未 tongyi: $_tongyi_marker"
[replacement_new_text[500]]:         echo "{\"hookSpecificOutput\":{\"hookEventName\":\"PreToolUse\",\"permissionDecision\":\"ask\",\"permissionDecisionReason\":\"HITL 未 tongyi: $_tongyi_marker 不存在\"}}"
        write_hook_event "pre-tool-use" "ask" "$file_path" "HITL 未 tongyi: $_tongyi_marker"
[replacement_new_text[500]]:         echo "{\"hookSpecificOutput\":{\"hookEventName\":\"PreToolUse\",\"permissionDecision\":\"ask\",\"permissionDecisionReason\":\"HITL 未 tongyi: $_tongyi_marker 不存在\"}}"
        write_hook_event "pre-tool-use" "ask" "$tool_name $file_path" "HITL 未 tongyi: $_tongyi_marker"
top_keys: cwd, extra, hook_event_name, session_id, tool_input, tool_name, tool_response, transcript_path
top_keys: cwd, extra, hook_event_name, session_id, tool_input, tool_name, tool_response, transcript_path
top_keys: cwd, extra, hook_event_name, session_id, tool_input, tool_name, tool_response, transcript_path
top_keys: cwd, extra, hook_event_name, session_id, tool_input, tool_name, tool_response, transcript_path
top_keys: cwd, extra, hook_event_name, session_id, tool_input, tool_name, tool_response, transcript_path
tool_input_keys: file_path, replacements
tool_input_keys: file_path, replacements
=== DONE ===
=== DONE ===
tool_input_keys: file_path, replacements
=== DONE ===
tool_input_keys: file_path, replacements
=== DONE ===
tool_input_keys: file_path, replacements
=== DONE ===
=== 2026年 07月 27日 星期一 13:43:51 CST ===
file_path: EMPTY
has_file_content: false
has_replacements: false
top_keys: cwd, extra, hook_event_name, session_id, tool_input, tool_name, transcript_path
tool_input_keys: command, is_background, timeout
=== DONE ===
=== 2026年 07月 27日 星期一 13:44:09 CST ===
file_path: EMPTY
has_file_content: false
has_replacements: false
top_keys: cwd, extra, hook_event_name, session_id, tool_input, tool_name, transcript_path
tool_input_keys: command, is_background, timeout
=== DONE ===
=== 2026年 07月 27日 星期一 13:45:56 CST ===
file_path: EMPTY
has_file_content: false
has_replacements: false
top_keys: cwd, extra, hook_event_name, session_id, tool_input, tool_name, transcript_path
tool_input_keys: command, is_background, timeout
=== DONE ===
=== 2026年 07月 27日 星期一 13:46:33 CST ===
file_path: /home/xmm/ai/add-coder/.qoder/plans/2026-07/08/add-coder-npm-package-plan-v1.md
has_file_content: false
has_replacements: true
[replacement_new_text[500]]: # add-coder-add-coder-npm-package-plan-v1

> **⛔ HITL 阻断测试**：此 Plan 无 tongyi 哨兵，如果看到这行说明 hook 未拦截。
top_keys: cwd, extra, hook_event_name, session_id, tool_input, tool_name, transcript_path
tool_input_keys: file_path, replacements
=== DONE ===
=== 2026年 07月 27日 星期一 13:48:57 CST ===
file_path: /home/xmm/ai/add-coder/templates/adapters/qoder/hooks/pre-tool-use.sh
has_file_content: false
has_replacements: true
[replacement_new_text[500]]:         echo "{\"hookSpecificOutput\":{\"hookEventName\":\"PreToolUse\",\"permissionDecision\":\"deny\",\"permissionDecisionReason\":\"HITL 未 tongyi: $_tongyi_marker 不存在\",\"additionalContext\":\"⛔ [ADD HITL §C] 写入被拦截: $file_path，原因: 哨兵文件 $_tongyi_marker 不存在。请先调用 create_hitl 创建审批，再 update_hitl({ status: \\\"TONGYI\\\" })\"}}"
top_keys: cwd, extra, hook_event_name, session_id, tool_input, tool_name, transcript_path
tool_input_keys: file_path, replacements
=== DONE ===
=== 2026年 07月 27日 星期一 13:49:01 CST ===
file_path: /home/xmm/ai/add-coder/templates/adapters/qoder/hooks/pre-tool-use.sh
has_file_content: false
has_replacements: true
[replacement_new_text[500]]:         echo "{\"hookSpecificOutput\":{\"hookEventName\":\"PreToolUse\",\"permissionDecision\":\"deny\",\"permissionDecisionReason\":\"HITL 未 tongyi: $_tongyi_marker 不存在\",\"additionalContext\":\"⛔ [ADD HITL §C] 写入被拦截: $file_path，原因: 哨兵文件 $_tongyi_marker 不存在。请先调用 create_hitl 创建审批，再 update_hitl({ status: \\\"TONGYI\\\" })\"}}"
top_keys: cwd, extra, hook_event_name, session_id, tool_input, tool_name, tool_response, transcript_path
tool_input_keys: file_path, replacements
=== DONE ===
=== 2026年 07月 27日 星期一 13:49:25 CST ===
file_path: /home/xmm/ai/add-coder/templates/adapters/qoder/hooks/pre-tool-use.sh
has_file_content: false
has_replacements: true
[replacement_new_text[500]]:         _msg="⛔ HITL 未 tongyi: 哨兵 ${_tongyi_marker} 不存在。请先 create_hitl → 人工 tongyi → update_hitl 后再写入"
        echo "{\"hookSpecificOutput\":{\"hookEventName\":\"PreToolUse\",\"permissionDecision\":\"deny\",\"permissionDecisionReason\":\"${_msg}\",\"additionalContext\":\"${_msg}\"}}"
top_keys: cwd, extra, hook_event_name, session_id, tool_input, tool_name, transcript_path
tool_input_keys: file_path, replacements
=== DONE ===
=== 2026年 07月 27日 星期一 13:49:29 CST ===
file_path: /home/xmm/ai/add-coder/templates/adapters/qoder/hooks/pre-tool-use.sh
has_file_content: false
has_replacements: true
[replacement_new_text[500]]:         _msg="⛔ HITL 未 tongyi: 哨兵 ${_tongyi_marker} 不存在。请先 create_hitl → 人工 tongyi → update_hitl 后再写入"
        echo "{\"hookSpecificOutput\":{\"hookEventName\":\"PreToolUse\",\"permissionDecision\":\"deny\",\"permissionDecisionReason\":\"${_msg}\",\"additionalContext\":\"${_msg}\"}}"
top_keys: cwd, extra, hook_event_name, session_id, tool_input, tool_name, tool_response, transcript_path
tool_input_keys: file_path, replacements
=== DONE ===
=== 2026年 07月 27日 星期一 13:49:44 CST ===
file_path: /home/xmm/ai/add-coder/.qoder/hooks/pre-tool-use.sh
has_file_content: false
has_replacements: true
[replacement_new_text[500]]:         _msg="⛔ HITL 未 tongyi: 哨兵 ${_tongyi_marker} 不存在。请先 create_hitl → 人工 tongyi → update_hitl 后再写入"
        echo "{\"hookSpecificOutput\":{\"hookEventName\":\"PreToolUse\",\"permissionDecision\":\"deny\",\"permissionDecisionReason\":\"${_msg}\",\"additionalContext\":\"${_msg}\"}}"
top_keys: cwd, extra, hook_event_name, session_id, tool_input, tool_name, transcript_path
tool_input_keys: file_path, replacements
=== DONE ===
=== 2026年 07月 27日 星期一 13:49:47 CST ===
file_path: /home/xmm/ai/add-coder/.qoder/hooks/pre-tool-use.sh
has_file_content: false
has_replacements: true
[replacement_new_text[500]]:         _msg="⛔ HITL 未 tongyi: 哨兵 ${_tongyi_marker} 不存在。请先 create_hitl → 人工 tongyi → update_hitl 后再写入"
        echo "{\"hookSpecificOutput\":{\"hookEventName\":\"PreToolUse\",\"permissionDecision\":\"deny\",\"permissionDecisionReason\":\"${_msg}\",\"additionalContext\":\"${_msg}\"}}"
top_keys: cwd, extra, hook_event_name, session_id, tool_input, tool_name, tool_response, transcript_path
tool_input_keys: file_path, replacements
=== DONE ===
=== 2026年 07月 27日 星期一 13:50:27 CST ===
file_path: /home/xmm/ai/add-coder/.qoder/plans/2026-07/08/add-coder-npm-package-plan-v1.md
has_file_content: false
has_replacements: true
[replacement_new_text[500]]: # add-coder-add-coder-npm-package-plan-v1

> **⛔ HITL 阻断测试**
top_keys: cwd, extra, hook_event_name, session_id, tool_input, tool_name, transcript_path
tool_input_keys: file_path, replacements
=== DONE ===
=== 2026年 07月 27日 星期一 13:51:59 CST ===
file_path: /home/xmm/ai/add-coder/.qoder/hooks/pre-tool-use.sh
has_file_content: false
has_replacements: true
[replacement_new_text[500]]:         echo "{\"hookSpecificOutput\":{\"hookEventName\":\"PreToolUse\",\"permissionDecision\":\"deny\",\"permissionDecisionReason\":\"HITL 未 tongyi: $_tongyi_marker 不存在\"}}"
top_keys: cwd, extra, hook_event_name, session_id, tool_input, tool_name, transcript_path
tool_input_keys: file_path, replacements
=== DONE ===
=== 2026年 07月 27日 星期一 13:52:07 CST ===
file_path: /home/xmm/ai/add-coder/.qoder/hooks/pre-tool-use.sh
has_file_content: false
has_replacements: false
top_keys: cwd, extra, hook_event_name, session_id, tool_input, tool_name, transcript_path
tool_input_keys: file_path, new_string, old_string
=== DONE ===
=== 2026年 07月 27日 星期一 13:52:10 CST ===
file_path: /home/xmm/ai/add-coder/.qoder/hooks/pre-tool-use.sh
has_file_content: false
has_replacements: false
top_keys: cwd, extra, hook_event_name, session_id, tool_input, tool_name, tool_response, transcript_path
tool_input_keys: file_path, new_string, old_string
=== DONE ===
=== 2026年 07月 27日 星期一 13:57:14 CST ===
file_path: /home/xmm/ai/add-coder/.qoder/hooks/pre-tool-use.sh
has_file_content: false
has_replacements: false
top_keys: cwd, extra, hook_event_name, session_id, tool_input, tool_name, transcript_path
tool_input_keys: file_path, new_string, old_string
=== DONE ===
=== 2026年 07月 27日 星期一 13:57:18 CST ===
file_path: /home/xmm/ai/add-coder/.qoder/hooks/pre-tool-use.sh
has_file_content: false
has_replacements: false
top_keys: cwd, extra, hook_event_name, session_id, tool_input, tool_name, tool_response, transcript_path
tool_input_keys: file_path, new_string, old_string
=== DONE ===
=== 2026年 07月 27日 星期一 13:57:54 CST ===
file_path: /home/xmm/ai/add-coder/.qoder/plans/2026-07/08/add-coder-npm-package-plan-v1.md
has_file_content: false
has_replacements: false
top_keys: cwd, extra, hook_event_name, session_id, tool_input, tool_name, transcript_path
tool_input_keys: file_path, new_string, old_string
=== DONE ===
=== 2026年 07月 27日 星期一 13:58:32 CST ===
file_path: /home/xmm/ai/add-coder/.qoder/plans/2026-07/08/add-coder-npm-package-plan-v1.md
has_file_content: false
has_replacements: false
top_keys: cwd, extra, hook_event_name, session_id, tool_input, tool_name, transcript_path
tool_input_keys: file_path, new_string, old_string
=== DONE ===
=== 2026年 07月 27日 星期一 13:59:31 CST ===
file_path: /home/xmm/ai/add-coder/.qoder/plans/2026-07/08/add-coder-npm-package-plan-v1.md
has_file_content: false
has_replacements: false
top_keys: cwd, extra, hook_event_name, session_id, tool_input, tool_name, transcript_path
tool_input_keys: file_path, new_string, old_string
=== DONE ===
=== 2026年 07月 27日 星期一 14:03:21 CST ===
file_path: /home/xmm/ai/add-coder/.qoder/plans/2026-07/08/add-coder-npm-package-plan-v1.md
has_file_content: false
has_replacements: false
top_keys: cwd, extra, hook_event_name, request_set_id, session_id, tool_input, tool_name, tool_use_id, transcript_path
tool_input_keys: file_path, new_string, old_string
=== DONE ===
=== 2026年 07月 27日 星期一 14:05:34 CST ===
file_path: /home/xmm/ai/add-coder/.qoder/plans/2026-07/08/add-coder-npm-package-plan-v1.md
has_file_content: false
has_replacements: false
top_keys: cwd, extra, hook_event_name, request_set_id, session_id, tool_input, tool_name, tool_use_id, transcript_path
tool_input_keys: file_path, new_string, old_string
=== DONE ===
=== 2026年 07月 27日 星期一 14:08:10 CST ===
file_path: /home/xmm/ai/add-coder/templates/adapters/trae/hooks/pre-tool-use.sh
has_file_content: false
has_replacements: false
top_keys: cwd, extra, hook_event_name, request_set_id, session_id, tool_input, tool_name, tool_use_id, transcript_path
tool_input_keys: file_path, new_string, old_string
=== DONE ===
=== 2026年 07月 27日 星期一 14:08:13 CST ===
file_path: /home/xmm/ai/add-coder/templates/adapters/trae/hooks/pre-tool-use.sh
has_file_content: false
has_replacements: false
top_keys: cwd, extra, hook_event_name, request_set_id, session_id, tool_input, tool_name, tool_response, tool_use_id, transcript_path
tool_input_keys: file_path, new_string, old_string
=== DONE ===
=== 2026年 07月 27日 星期一 14:08:43 CST ===
=== 2026年 07月 27日 星期一 14:08:43 CST ===
=== 2026年 07月 27日 星期一 14:08:43 CST ===
=== 2026年 07月 27日 星期一 14:08:43 CST ===
file_path: /home/xmm/ai/add-coder/templates/adapters/claude/hooks/pre-tool-use.sh
file_path: /home/xmm/ai/add-coder/templates/adapters/codex/hooks/pre-tool-use.sh
file_path: /home/xmm/ai/add-coder/templates/adapters/vscode/hooks/pre-tool-use.sh
file_path: /home/xmm/ai/add-coder/templates/core/hooks/pre-tool-use.sh
has_file_content: false
has_file_content: false
has_file_content: false
has_file_content: false
has_replacements: false
has_replacements: false
has_replacements: false
has_replacements: false
top_keys: cwd, extra, hook_event_name, request_set_id, session_id, tool_input, tool_name, tool_use_id, transcript_path
top_keys: cwd, extra, hook_event_name, request_set_id, session_id, tool_input, tool_name, tool_use_id, transcript_path
top_keys: cwd, extra, hook_event_name, request_set_id, session_id, tool_input, tool_name, tool_use_id, transcript_path
tool_input_keys: file_path, new_string, old_string
top_keys: cwd, extra, hook_event_name, request_set_id, session_id, tool_input, tool_name, tool_use_id, transcript_path
=== DONE ===
tool_input_keys: file_path, new_string, old_string
=== DONE ===
tool_input_keys: file_path, new_string, old_string
=== DONE ===
tool_input_keys: file_path, new_string, old_string
=== DONE ===
=== 2026年 07月 27日 星期一 14:08:47 CST ===
=== 2026年 07月 27日 星期一 14:08:47 CST ===
file_path: /home/xmm/ai/add-coder/templates/adapters/vscode/hooks/pre-tool-use.sh
file_path: /home/xmm/ai/add-coder/templates/adapters/codex/hooks/pre-tool-use.sh
has_file_content: false
has_file_content: false
has_replacements: false
has_replacements: false
top_keys: cwd, extra, hook_event_name, request_set_id, session_id, tool_input, tool_name, tool_response, tool_use_id, transcript_path
top_keys: cwd, extra, hook_event_name, request_set_id, session_id, tool_input, tool_name, tool_response, tool_use_id, transcript_path
tool_input_keys: file_path, new_string, old_string
=== DONE ===
tool_input_keys: file_path, new_string, old_string
=== DONE ===
=== 2026年 07月 27日 星期一 14:08:47 CST ===
=== 2026年 07月 27日 星期一 14:08:47 CST ===
file_path: /home/xmm/ai/add-coder/templates/adapters/claude/hooks/pre-tool-use.sh
file_path: /home/xmm/ai/add-coder/templates/core/hooks/pre-tool-use.sh
has_file_content: false
has_file_content: false
has_replacements: false
has_replacements: false
top_keys: cwd, extra, hook_event_name, request_set_id, session_id, tool_input, tool_name, tool_response, tool_use_id, transcript_path
top_keys: cwd, extra, hook_event_name, request_set_id, session_id, tool_input, tool_name, tool_response, tool_use_id, transcript_path
tool_input_keys: file_path, new_string, old_string
=== DONE ===
tool_input_keys: file_path, new_string, old_string
=== DONE ===
=== 2026年 07月 27日 星期一 14:09:39 CST ===
file_path: EMPTY
has_file_content: false
has_replacements: false
top_keys: cwd, extra, hook_event_name, request_set_id, session_id, tool_input, tool_name, tool_use_id, transcript_path
tool_input_keys: command, is_background, timeout
=== DONE ===
=== 2026年 07月 27日 星期一 14:09:50 CST ===
file_path: EMPTY
has_file_content: false
has_replacements: false
top_keys: cwd, extra, hook_event_name, request_set_id, session_id, tool_input, tool_name, tool_use_id, transcript_path
tool_input_keys: command, is_background, timeout
=== DONE ===
=== 2026年 07月 27日 星期一 14:09:58 CST ===
file_path: EMPTY
has_file_content: false
has_replacements: false
top_keys: cwd, extra, hook_event_name, request_set_id, session_id, tool_input, tool_name, tool_use_id, transcript_path
tool_input_keys: command, is_background, timeout
=== DONE ===
=== 2026年 07月 27日 星期一 14:10:40 CST ===
file_path: EMPTY
has_file_content: false
has_replacements: false
top_keys: cwd, extra, hook_event_name, request_set_id, session_id, tool_input, tool_name, tool_use_id, transcript_path
tool_input_keys: command, is_background, timeout
=== DONE ===
=== 2026年 07月 27日 星期一 14:10:54 CST ===
file_path: EMPTY
has_file_content: false
has_replacements: false
top_keys: cwd, extra, hook_event_name, request_set_id, session_id, tool_input, tool_name, tool_use_id, transcript_path
tool_input_keys: command, is_background, timeout
=== DONE ===
=== 2026年 07月 27日 星期一 14:10:58 CST ===
file_path: EMPTY
has_file_content: false
has_replacements: false
top_keys: cwd, extra, hook_event_name, request_set_id, session_id, tool_input, tool_name, tool_use_id, transcript_path
tool_input_keys: command, is_background, timeout
=== DONE ===
=== 2026年 07月 27日 星期一 14:11:04 CST ===
file_path: EMPTY
has_file_content: false
has_replacements: false
top_keys: cwd, extra, hook_event_name, request_set_id, session_id, tool_input, tool_name, tool_use_id, transcript_path
tool_input_keys: command, is_background, timeout
=== DONE ===
=== 2026年 07月 27日 星期一 14:11:10 CST ===
file_path: EMPTY
has_file_content: false
has_replacements: false
top_keys: cwd, extra, hook_event_name, request_set_id, session_id, tool_input, tool_name, tool_use_id, transcript_path
tool_input_keys: command, is_background, timeout
=== DONE ===
=== 2026年 07月 27日 星期一 14:11:15 CST ===
file_path: EMPTY
has_file_content: false
has_replacements: false
top_keys: cwd, extra, hook_event_name, request_set_id, session_id, tool_input, tool_name, tool_use_id, transcript_path
tool_input_keys: command, is_background, timeout
=== DONE ===
=== 2026年 07月 27日 星期一 14:11:19 CST ===
file_path: EMPTY
has_file_content: false
has_replacements: false
top_keys: cwd, extra, hook_event_name, request_set_id, session_id, tool_input, tool_name, tool_use_id, transcript_path
tool_input_keys: command, is_background, timeout
=== DONE ===
=== 2026年 07月 27日 星期一 14:14:53 CST ===
file_path: EMPTY
has_file_content: false
has_replacements: false
top_keys: cwd, extra, hook_event_name, request_set_id, session_id, tool_input, tool_name, tool_use_id, transcript_path
tool_input_keys: command, is_background, timeout
=== DONE ===
=== 2026年 07月 27日 星期一 14:15:00 CST ===
file_path: EMPTY
has_file_content: false
has_replacements: false
top_keys: cwd, extra, hook_event_name, request_set_id, session_id, tool_input, tool_name, tool_use_id, transcript_path
tool_input_keys: command, is_background, timeout
=== DONE ===
=== 2026年 07月 27日 星期一 14:15:09 CST ===
file_path: EMPTY
has_file_content: false
has_replacements: false
top_keys: cwd, extra, hook_event_name, request_set_id, session_id, tool_input, tool_name, tool_use_id, transcript_path
tool_input_keys: command, is_background, timeout
=== DONE ===
=== 2026年 07月 27日 星期一 14:15:09 CST ===
file_path: EMPTY
has_file_content: false
has_replacements: false
top_keys: cwd, extra, hook_event_name, request_set_id, session_id, tool_input, tool_name, tool_use_id, transcript_path
tool_input_keys: command, is_background, timeout
=== DONE ===
=== 2026年 07月 27日 星期一 14:15:16 CST ===
file_path: EMPTY
has_file_content: false
has_replacements: false
top_keys: cwd, extra, hook_event_name, request_set_id, session_id, tool_input, tool_name, tool_use_id, transcript_path
tool_input_keys: command, is_background, timeout
=== DONE ===
=== 2026年 07月 27日 星期一 14:15:17 CST ===
file_path: EMPTY
has_file_content: false
has_replacements: false
top_keys: cwd, extra, hook_event_name, request_set_id, session_id, tool_input, tool_name, tool_use_id, transcript_path
tool_input_keys: command, is_background, timeout
=== DONE ===
=== 2026年 07月 27日 星期一 14:15:23 CST ===
file_path: EMPTY
has_file_content: false
has_replacements: false
top_keys: cwd, extra, hook_event_name, request_set_id, session_id, tool_input, tool_name, tool_use_id, transcript_path
tool_input_keys: command, is_background, timeout
=== DONE ===
=== 2026年 07月 27日 星期一 14:15:33 CST ===
file_path: EMPTY
has_file_content: false
has_replacements: false
top_keys: cwd, extra, hook_event_name, request_set_id, session_id, tool_input, tool_name, tool_use_id, transcript_path
tool_input_keys: command, is_background, timeout
=== DONE ===
=== 2026年 07月 27日 星期一 14:15:39 CST ===
file_path: EMPTY
has_file_content: false
has_replacements: false
top_keys: cwd, extra, hook_event_name, request_set_id, session_id, tool_input, tool_name, tool_use_id, transcript_path
tool_input_keys: command, is_background, timeout
=== DONE ===
=== 2026年 07月 27日 星期一 14:15:44 CST ===
file_path: EMPTY
has_file_content: false
has_replacements: false
top_keys: cwd, extra, hook_event_name, request_set_id, session_id, tool_input, tool_name, tool_use_id, transcript_path
tool_input_keys: command, is_background, timeout
=== DONE ===
=== 2026年 07月 27日 星期一 14:33:11 CST ===
file_path: EMPTY
has_file_content: false
has_replacements: false
top_keys: cwd, extra, hook_event_name, request_set_id, session_id, tool_input, tool_name, tool_use_id, transcript_path
tool_input_keys: command, is_background, timeout
=== DONE ===
=== 2026年 07月 27日 星期一 14:33:11 CST ===
file_path: EMPTY
has_file_content: false
has_replacements: false
top_keys: cwd, extra, hook_event_name, request_set_id, session_id, tool_input, tool_name, tool_use_id, transcript_path
tool_input_keys: command, is_background, timeout
=== DONE ===
=== 2026年 07月 27日 星期一 14:33:24 CST ===
file_path: EMPTY
has_file_content: false
has_replacements: false
top_keys: cwd, extra, hook_event_name, request_set_id, session_id, tool_input, tool_name, tool_use_id, transcript_path
tool_input_keys: command, is_background, timeout
=== DONE ===
=== 2026年 07月 27日 星期一 14:33:24 CST ===
file_path: EMPTY
has_file_content: false
has_replacements: false
top_keys: cwd, extra, hook_event_name, request_set_id, session_id, tool_input, tool_name, tool_use_id, transcript_path
tool_input_keys: command, is_background, timeout
=== DONE ===
=== 2026年 07月 27日 星期一 14:33:24 CST ===
file_path: EMPTY
has_file_content: false
has_replacements: false
top_keys: cwd, extra, hook_event_name, request_set_id, session_id, tool_input, tool_name, tool_use_id, transcript_path
tool_input_keys: command, is_background, timeout
=== DONE ===
=== 2026年 07月 27日 星期一 14:33:33 CST ===
file_path: EMPTY
has_file_content: false
has_replacements: false
top_keys: cwd, extra, hook_event_name, request_set_id, session_id, tool_input, tool_name, tool_use_id, transcript_path
tool_input_keys: command, is_background, timeout
=== DONE ===
=== 2026年 07月 27日 星期一 14:33:33 CST ===
file_path: EMPTY
has_file_content: false
has_replacements: false
top_keys: cwd, extra, hook_event_name, request_set_id, session_id, tool_input, tool_name, tool_use_id, transcript_path
tool_input_keys: command, is_background, timeout
=== DONE ===
=== 2026年 07月 27日 星期一 14:33:54 CST ===
file_path: /home/xmm/ai/add-coder/.qoder/plans/2026-07/27/add-coder-prisma-v7-migration-plan-v1.md
has_file_content: true
has_replacements: false
[file_content[500]]: # add-coder-prisma-v7-migration-v1

> **Plan/Spec 边界提醒**：Plan 回答"改什么、为什么改、改哪里"。

## PLAN 元信息

- **Plan 名称**: add-coder-prisma-v7-migration-v1
- **启动时间**: 2026-07-27
- **主导 AI**: Qoder
- **关联文档**:
  - 参考案例: `farm-agent/.qoder/plans/2026-07/27/farm-agent-prisma-v7-migration-plan-v1.md`

---

## 一、背景

add-coder 已是 Prisma v7（`@prisma/client ^7.0.0`），generator 输出到 `src/generated/prisma/`。模板 `te
top_keys: cwd, extra, hook_event_name, request_set_id, session_id, tool_input, tool_name, tool_use_id, transcript_path
tool_input_keys: file_content, file_path
=== DONE ===
=== 2026年 07月 27日 星期一 14:36:05 CST ===
file_path: EMPTY
has_file_content: false
has_replacements: false
top_keys: cwd, extra, hook_event_name, request_set_id, session_id, tool_input, tool_name, tool_use_id, transcript_path
tool_input_keys: command, is_background, timeout
=== DONE ===
=== 2026年 07月 27日 星期一 14:42:45 CST ===
file_path: /home/xmm/ai/add-coder/.qoder/plans/2026-07/27/add-coder-dps-algorithm-redesign-plan-v1.md
has_file_content: true
has_replacements: false
[file_content[500]]: # add-coder-dps-algorithm-redesign-plan-v1

> 精简版 Plan：单文件 MCP 工具算法改造，无新模块/外部 API 变更。
> Handoff 融合于 §四，无需独立 handoff 文件。

**创建时间**: 2026-07-27
**主导 AI**: Qoder
**参考案例**: `farm-agent/.qoder/plans/2026-07/24/farm-agent-dps-algorithm-redesign-plan-v1.md`（同构改造）

---

## HITL 计划总览（一次性提交人类审核）

| 维度 | 内容 | 人类决策 |
|------|------|:---:|
| 涉及文件（完�
top_keys: cwd, extra, hook_event_name, request_set_id, session_id, tool_input, tool_name, tool_use_id, transcript_path
tool_input_keys: file_content, file_path
=== DONE ===
=== 2026年 07月 27日 星期一 14:42:52 CST ===
file_path: EMPTY
has_file_content: false
has_replacements: false
top_keys: cwd, extra, hook_event_name, request_set_id, session_id, tool_input, tool_name, tool_use_id, transcript_path
tool_input_keys: command, is_background, timeout
=== DONE ===
=== 2026年 07月 27日 星期一 14:43:00 CST ===
file_path: EMPTY
has_file_content: false
has_replacements: false
top_keys: cwd, extra, hook_event_name, request_set_id, session_id, tool_input, tool_name, tool_use_id, transcript_path
tool_input_keys: command, is_background, timeout
=== DONE ===
=== 2026年 07月 27日 星期一 14:43:07 CST ===
file_path: /home/xmm/ai/add-coder/.qoder/hitl/.tongyi-add-coder-dps-algorithm-redesign
has_file_content: true
has_replacements: false
[file_content[500]]: status: TONGYI
time: 2026-07-27T14:42:00+08:00
top_keys: cwd, extra, hook_event_name, request_set_id, session_id, tool_input, tool_name, tool_use_id, transcript_path
tool_input_keys: file_content, file_path
=== DONE ===
=== 2026年 07月 27日 星期一 14:43:10 CST ===
file_path: /home/xmm/ai/add-coder/.qoder/hitl/.tongyi-add-coder-dps-algorithm-redesign
has_file_content: true
has_replacements: false
[file_content[500]]: status: TONGYI
time: 2026-07-27T14:42:00+08:00
top_keys: cwd, extra, hook_event_name, request_set_id, session_id, tool_input, tool_name, tool_response, tool_use_id, transcript_path
tool_input_keys: file_content, file_path
=== DONE ===
=== 2026年 07月 27日 星期一 14:43:26 CST ===
file_path: /home/xmm/ai/add-coder/.qoder/plans/2026-07/27/add-coder-dps-algorithm-redesign-plan-v1.md
has_file_content: true
has_replacements: false
[file_content[500]]: # add-coder-dps-algorithm-redesign-plan-v1

> 精简版 Plan：单文件 MCP 工具算法改造，无新模块/外部 API 变更。
> Handoff 融合于 §四，无需独立 handoff 文件。

**创建时间**: 2026-07-27
**主导 AI**: Qoder
**参考案例**: `farm-agent/.qoder/plans/2026-07/24/farm-agent-dps-algorithm-redesign-plan-v1.md`（同构改造）

---

## HITL 计划总览（一次性提交人类审核）

| 维度 | 内容 | 人类决策 |
|------|------|:---:|
| 涉及文件（完�
top_keys: cwd, extra, hook_event_name, request_set_id, session_id, tool_input, tool_name, tool_use_id, transcript_path
tool_input_keys: file_content, file_path
=== DONE ===
=== 2026年 07月 27日 星期一 14:55:24 CST ===
file_path: /home/xmm/ai/add-coder/.qoder/plans/2026-07/27/add-coder-dps-algorithm-redesign-plan-v1.hitl.md
has_file_content: false
has_replacements: true
[replacement_new_text[500]]: | # | 维度 | 方案内容 | 决策 |
|---|------|----------|:----:|
| 1 | 实施主体 | `templates/core/scripts/mcp-server/tools/gateway.ts` 中 check_dps 工具的内部算法重构（对外签名不变） | 同意/驳回 |
| 2 | 数据模型 | 无 Prisma schema 变更；FFT 自适应权重所需的历史评分矩阵（N×4）从既有审计记录读取，N<5 降级为均权 25% | 同意/驳回 |
| 3 | MCP 工具 | 不新增工具；check_dps 的 inputSchema（planKeyword）与输出格式�
top_keys: cwd, extra, hook_event_name, request_set_id, session_id, tool_input, tool_name, transcript_path
tool_input_keys: file_path, replacements
=== DONE ===
=== 2026年 07月 27日 星期一 14:55:33 CST ===
file_path: /home/xmm/ai/add-coder/.qoder/hitl/.tongyi-add-coder-dps-algorithm-redesign-plan-v1.hitl
has_file_content: true
has_replacements: false
[file_content[500]]: status: TONGYI
time: 2026-07-27T14:42:00+08:00
top_keys: cwd, extra, hook_event_name, request_set_id, session_id, tool_input, tool_name, transcript_path
tool_input_keys: file_content, file_path
=== DONE ===
=== 2026年 07月 27日 星期一 14:55:35 CST ===
file_path: /home/xmm/ai/add-coder/.qoder/hitl/.tongyi-add-coder-dps-algorithm-redesign-plan-v1.hitl
has_file_content: true
has_replacements: false
[file_content[500]]: status: TONGYI
time: 2026-07-27T14:42:00+08:00
top_keys: cwd, extra, hook_event_name, request_set_id, session_id, tool_input, tool_name, tool_response, transcript_path
tool_input_keys: file_content, file_path
=== DONE ===
=== 2026年 07月 27日 星期一 14:56:06 CST ===
file_path: /home/xmm/ai/add-coder/.qoder/plans/2026-07/27/add-coder-dps-algorithm-redesign-plan-v1.hitl.md
has_file_content: false
has_replacements: true
[replacement_new_text[500]]: | # | 维度 | 方案内容 | 决策 |
|---|------|----------|:----:|
| 1 | 实施主体 | `templates/core/scripts/mcp-server/tools/gateway.ts` 中 check_dps 工具的内部算法重构（对外签名不变） | 同意/驳回 |
| 2 | 数据模型 | 无 Prisma schema 变更；FFT 自适应权重所需的历史评分矩阵（N×4）从既有审计记录读取，N<5 降级为均权 25% | 同意/驳回 |
| 3 | MCP 工具 | 不新增工具；check_dps 的 inputSchema（planKeyword）与输出格式�
top_keys: cwd, extra, hook_event_name, request_set_id, session_id, tool_input, tool_name, transcript_path
tool_input_keys: file_path, replacements
=== DONE ===
=== 2026年 07月 27日 星期一 15:03:59 CST ===
file_path: /home/xmm/ai/add-coder/.qoder/plans/2026-07/27/add-coder-dps-algorithm-redesign-plan-v1.hitl.md
has_file_content: true
has_replacements: false
[file_content[500]]: # add-coder-dps-algorithm-redesign-plan-v1 — HITL 提案 (round 1)

> 创建: 2026-07-27T06:36:26.410Z  |  类型: PLAN  |  状态: TONGYI

## HITL 计划总览

| # | 维度 | 方案内容 | 决策 |
|---|------|----------|:----:|
| 1 | 实施主体 | add-coder 自身 DPS 算法升级，对齐 farm-agent 同构改造 | ✅ 同意 |
| 2 | 数据模型 | 无变更，仅算法替换 | ✅ 同意 |
| 3 | MCP 工具 | `check_dps` 内部算法：TF-IDF/Jaccard + 香农熵 + CPM + FFT权重 | ✅ �
top_keys: cwd, extra, hook_event_name, request_set_id, session_id, tool_input, tool_name, transcript_path
tool_input_keys: file_content, file_path
=== DONE ===
=== 2026年 07月 27日 星期一 15:04:12 CST ===
file_path: /home/xmm/ai/add-coder/.qoder/hitl/.tongyi-add-coder-dps-algorithm-redesign-plan-v1.hitl
has_file_content: true
has_replacements: false
[file_content[500]]: status: TONGYI
top_keys: cwd, extra, hook_event_name, request_set_id, session_id, tool_input, tool_name, transcript_path
tool_input_keys: file_content, file_path
=== DONE ===
=== 2026年 07月 27日 星期一 15:04:14 CST ===
file_path: /home/xmm/ai/add-coder/.qoder/hitl/.tongyi-add-coder-dps-algorithm-redesign-plan-v1.hitl
has_file_content: true
has_replacements: false
[file_content[500]]: status: TONGYI
top_keys: cwd, extra, hook_event_name, request_set_id, session_id, tool_input, tool_name, tool_response, transcript_path
tool_input_keys: file_content, file_path
=== DONE ===
=== 2026年 07月 27日 星期一 15:04:22 CST ===
file_path: /home/xmm/ai/add-coder/.qoder/plans/2026-07/27/add-coder-dps-algorithm-redesign-plan-v1.hitl.md
has_file_content: true
has_replacements: false
[file_content[500]]: # add-coder-dps-algorithm-redesign-plan-v1 — HITL 提案 (round 1)

> 创建: 2026-07-27  |  类型: PLAN  |  状态: TONGYI

## HITL 计划总览

| # | 维度 | 方案内容 | 决策 |
|---|------|----------|:----:|
| 1 | 实施主体 | add-coder 自身 DPS 算法升级，对齐 farm-agent 同构改造 | ✅ 同意 |
| 2 | 数据模型 | 无变更，仅算法替换 | ✅ 同意 |
| 3 | MCP 工具 | check_dps 内部算法：TF-IDF/Jaccard + 香农熵 + CPM + FFT权重 | ✅ 同意 |
| 4 | 文
top_keys: cwd, extra, hook_event_name, request_set_id, session_id, tool_input, tool_name, transcript_path
tool_input_keys: file_content, file_path
=== DONE ===
=== 2026年 07月 27日 星期一 15:07:58 CST ===
file_path: EMPTY
has_file_content: false
has_replacements: false
top_keys: cwd, extra, hook_event_name, request_set_id, session_id, tool_input, tool_name, transcript_path
tool_input_keys: command, is_background, timeout
=== DONE ===
=== 2026年 07月 27日 星期一 15:08:14 CST ===
=== 2026年 07月 27日 星期一 15:08:14 CST ===
file_path: /home/xmm/ai/add-coder/templates/core/hooks/pre-tool-use.sh
file_path: /home/xmm/ai/add-coder/templates/adapters/trae/hooks/pre-tool-use.sh
=== 2026年 07月 27日 星期一 15:08:14 CST ===
has_file_content: false
has_file_content: false
=== 2026年 07月 27日 星期一 15:08:14 CST ===
=== 2026年 07月 27日 星期一 15:08:14 CST ===
has_replacements: false
file_path: /home/xmm/ai/add-coder/templates/adapters/codex/hooks/pre-tool-use.sh
=== 2026年 07月 27日 星期一 15:08:14 CST ===
file_path: /home/xmm/ai/add-coder/templates/adapters/claude/hooks/pre-tool-use.sh
has_replacements: false
has_file_content: false
file_path: /home/xmm/ai/add-coder/templates/adapters/qoder/hooks/pre-tool-use.sh
file_path: /home/xmm/ai/add-coder/templates/adapters/vscode/hooks/pre-tool-use.sh
has_file_content: false
has_replacements: false
has_file_content: false
has_replacements: false
top_keys: cwd, extra, hook_event_name, request_set_id, session_id, tool_input, tool_name, transcript_path
has_file_content: false
has_replacements: false
tool_input_keys: file_path, new_string, old_string
=== DONE ===
top_keys: cwd, extra, hook_event_name, request_set_id, session_id, tool_input, tool_name, transcript_path
has_replacements: false
top_keys: cwd, extra, hook_event_name, request_set_id, session_id, tool_input, tool_name, transcript_path
tool_input_keys: file_path, new_string, old_string
=== DONE ===
tool_input_keys: file_path, new_string, old_string
=== DONE ===
top_keys: cwd, extra, hook_event_name, request_set_id, session_id, tool_input, tool_name, transcript_path
top_keys: cwd, extra, hook_event_name, request_set_id, session_id, tool_input, tool_name, transcript_path
tool_input_keys: file_path, new_string, old_string
=== DONE ===
tool_input_keys: file_path, new_string, old_string
=== DONE ===
top_keys: cwd, extra, hook_event_name, request_set_id, session_id, tool_input, tool_name, transcript_path
tool_input_keys: file_path, new_string, old_string
=== DONE ===
=== 2026年 07月 27日 星期一 15:08:18 CST ===
=== 2026年 07月 27日 星期一 15:08:18 CST ===
file_path: /home/xmm/ai/add-coder/templates/adapters/vscode/hooks/pre-tool-use.sh
file_path: /home/xmm/ai/add-coder/templates/adapters/codex/hooks/pre-tool-use.sh
has_file_content: false
has_file_content: false
has_replacements: false
has_replacements: false
top_keys: cwd, extra, hook_event_name, request_set_id, session_id, tool_input, tool_name, tool_response, transcript_path
top_keys: cwd, extra, hook_event_name, request_set_id, session_id, tool_input, tool_name, tool_response, transcript_path
tool_input_keys: file_path, new_string, old_string
=== DONE ===
tool_input_keys: file_path, new_string, old_string
=== DONE ===
=== 2026年 07月 27日 星期一 15:08:18 CST ===
=== 2026年 07月 27日 星期一 15:08:18 CST ===
=== 2026年 07月 27日 星期一 15:08:18 CST ===
file_path: /home/xmm/ai/add-coder/templates/adapters/trae/hooks/pre-tool-use.sh
file_path: /home/xmm/ai/add-coder/templates/adapters/claude/hooks/pre-tool-use.sh
file_path: /home/xmm/ai/add-coder/templates/adapters/qoder/hooks/pre-tool-use.sh
has_file_content: false
has_file_content: false
has_file_content: false
has_replacements: false
has_replacements: false
has_replacements: false
top_keys: cwd, extra, hook_event_name, request_set_id, session_id, tool_input, tool_name, tool_response, transcript_path
top_keys: cwd, extra, hook_event_name, request_set_id, session_id, tool_input, tool_name, tool_response, transcript_path
top_keys: cwd, extra, hook_event_name, request_set_id, session_id, tool_input, tool_name, tool_response, transcript_path
tool_input_keys: file_path, new_string, old_string
tool_input_keys: file_path, new_string, old_string
=== DONE ===
=== DONE ===
tool_input_keys: file_path, new_string, old_string
=== DONE ===
=== 2026年 07月 27日 星期一 15:08:19 CST ===
file_path: /home/xmm/ai/add-coder/templates/core/hooks/pre-tool-use.sh
has_file_content: false
has_replacements: false
top_keys: cwd, extra, hook_event_name, request_set_id, session_id, tool_input, tool_name, tool_response, transcript_path
tool_input_keys: file_path, new_string, old_string
=== DONE ===
=== 2026年 07月 27日 星期一 15:08:24 CST ===
file_path: EMPTY
has_file_content: false
has_replacements: false
top_keys: cwd, extra, hook_event_name, request_set_id, session_id, tool_input, tool_name, transcript_path
tool_input_keys: command, is_background, timeout
=== DONE ===
=== 2026年 07月 27日 星期一 15:08:40 CST ===
file_path: /home/xmm/ai/add-coder/.qoder/hooks/pre-tool-use.sh
has_file_content: false
has_replacements: false
top_keys: cwd, extra, hook_event_name, request_set_id, session_id, tool_input, tool_name, transcript_path
tool_input_keys: file_path, new_string, old_string
=== DONE ===
=== 2026年 07月 27日 星期一 15:08:41 CST ===
file_path: /home/xmm/ai/add-coder/.qoder/hooks/pre-tool-use.sh
has_file_content: false
has_replacements: false
top_keys: cwd, extra, hook_event_name, request_set_id, session_id, tool_input, tool_name, tool_response, transcript_path
tool_input_keys: file_path, new_string, old_string
=== DONE ===
=== 2026年 07月 27日 星期一 15:09:19 CST ===
file_path: /home/xmm/ai/add-coder/.qoder/hitl/.tongyi-add-coder-dps-algorithm-redesign
has_file_content: true
has_replacements: false
[file_content[500]]: status: TONGYI
time: 2026-07-27T07:09:00+08:00
top_keys: cwd, extra, hook_event_name, request_set_id, session_id, tool_input, tool_name, transcript_path
tool_input_keys: file_content, file_path
=== DONE ===
=== 2026年 07月 27日 星期一 15:09:22 CST ===
file_path: /home/xmm/ai/add-coder/.qoder/hitl/.tongyi-add-coder-dps-algorithm-redesign
has_file_content: true
has_replacements: false
[file_content[500]]: status: TONGYI
time: 2026-07-27T07:09:00+08:00
top_keys: cwd, extra, hook_event_name, request_set_id, session_id, tool_input, tool_name, tool_response, transcript_path
tool_input_keys: file_content, file_path
=== DONE ===
=== 2026年 07月 27日 星期一 15:09:35 CST ===
file_path: /home/xmm/ai/add-coder/.qoder/plans/2026-07/27/add-coder-dps-algorithm-redesign-plan-v1.md
has_file_content: true
has_replacements: false
[file_content[500]]: # add-coder-dps-algorithm-redesign-plan-v1

> 精简版 Plan：单文件 MCP 工具算法改造，无新模块/外部 API 变更。
> Handoff 融合于 §四，无需独立 handoff 文件。

**创建时间**: 2026-07-27
**主导 AI**: Qoder
**参考案例**: farm-agent 同构改造

---

## HITL 计划总览

| 维度 | 内容 | 决策 |
|------|------|:---:|
| 涉及文件 | `templates/core/scripts/mcp-server/tools/gateway.ts` | ✅ |
| 改动类型 | 重构（算法替换，MCP工具签名不
top_keys: cwd, extra, hook_event_name, request_set_id, session_id, tool_input, tool_name, transcript_path
tool_input_keys: file_content, file_path
=== DONE ===
=== 2026年 07月 27日 星期一 15:09:37 CST ===
file_path: /home/xmm/ai/add-coder/.qoder/plans/2026-07/27/add-coder-dps-algorithm-redesign-plan-v1.md
has_file_content: true
has_replacements: false
[file_content[500]]: # add-coder-dps-algorithm-redesign-plan-v1

> 精简版 Plan：单文件 MCP 工具算法改造，无新模块/外部 API 变更。
> Handoff 融合于 §四，无需独立 handoff 文件。

**创建时间**: 2026-07-27
**主导 AI**: Qoder
**参考案例**: farm-agent 同构改造

---

## HITL 计划总览

| 维度 | 内容 | 决策 |
|------|------|:---:|
| 涉及文件 | `templates/core/scripts/mcp-server/tools/gateway.ts` | ✅ |
| 改动类型 | 重构（算法替换，MCP工具签名不
top_keys: cwd, extra, hook_event_name, request_set_id, session_id, tool_input, tool_name, tool_response, transcript_path
tool_input_keys: file_content, file_path
=== DONE ===
=== 2026年 07月 27日 星期一 15:09:44 CST ===
file_path: EMPTY
has_file_content: false
has_replacements: false
top_keys: cwd, extra, hook_event_name, request_set_id, session_id, tool_input, tool_name, transcript_path
tool_input_keys: command, is_background, timeout
=== DONE ===
=== 2026年 07月 27日 星期一 15:10:03 CST ===
file_path: /home/xmm/ai/add-coder/.qoder/plans/2026-07/27/add-coder-prisma-v7-migration-plan-v1.hitl.md
has_file_content: false
has_replacements: false
top_keys: cwd, extra, hook_event_name, request_set_id, session_id, tool_input, tool_name, transcript_path
tool_input_keys: file_path
=== DONE ===
=== 2026年 07月 27日 星期一 15:10:03 CST ===
file_path: /home/xmm/ai/add-coder/.qoder/plans/2026-07/27/add-coder-prisma-v7-migration-plan-v1.hitl.md
has_file_content: false
has_replacements: false
top_keys: cwd, extra, hook_event_name, request_set_id, session_id, tool_input, tool_name, tool_response, transcript_path
tool_input_keys: file_path
=== DONE ===
=== 2026年 07月 27日 星期一 15:10:33 CST ===
file_path: /home/xmm/ai/add-coder/.qoder/plans/2026-07/27/add-coder-dps-algorithm-redesign-plan-v1.hitl.md
has_file_content: false
has_replacements: false
top_keys: cwd, extra, hook_event_name, request_set_id, session_id, tool_input, tool_name, transcript_path
tool_input_keys: file_path
=== DONE ===
=== 2026年 07月 27日 星期一 15:10:33 CST ===
file_path: /home/xmm/ai/add-coder/.qoder/plans/2026-07/27/add-coder-dps-algorithm-redesign-plan-v1.hitl.md
has_file_content: false
has_replacements: false
top_keys: cwd, extra, hook_event_name, request_set_id, session_id, tool_input, tool_name, tool_response, transcript_path
tool_input_keys: file_path
=== DONE ===
=== 2026年 07月 27日 星期一 15:12:22 CST ===
file_path: EMPTY
has_file_content: false
has_replacements: false
top_keys: cwd, extra, hook_event_name, request_set_id, session_id, tool_input, tool_name, transcript_path
tool_input_keys: command, is_background, timeout
=== DONE ===
=== 2026年 07月 27日 星期一 15:12:44 CST ===
file_path: /home/xmm/ai/add-coder/.qoder/specs/add-coder-dps-algorithm-redesign/spec.md
has_file_content: true
has_replacements: false
[file_content[500]]: # add-coder DPS Algorithm Redesign Spec

## Why

当前 `check_dps` 四维度均为存在性检查（占位符二分、关键词匹配、文件存在、回流计数），不对文档内容做语义级量化。四维权重硬编码各 25%，无法区分各维度的实际贡献。需升级为语义级复合评分 + FFT 自适应权重，对齐 farm-agent 同构改造。

## What Changes

| 文件 | 操作 | 说明 |
|------|------|------|
| `templates/core/scripts/mcp-server/tools/gateway.ts` | MO
top_keys: cwd, extra, hook_event_name, request_set_id, session_id, tool_input, tool_name, transcript_path
tool_input_keys: file_content, file_path
=== DONE ===
=== 2026年 07月 27日 星期一 15:12:46 CST ===
file_path: /home/xmm/ai/add-coder/.qoder/specs/add-coder-dps-algorithm-redesign/spec.md
has_file_content: true
has_replacements: false
[file_content[500]]: # add-coder DPS Algorithm Redesign Spec

## Why

当前 `check_dps` 四维度均为存在性检查（占位符二分、关键词匹配、文件存在、回流计数），不对文档内容做语义级量化。四维权重硬编码各 25%，无法区分各维度的实际贡献。需升级为语义级复合评分 + FFT 自适应权重，对齐 farm-agent 同构改造。

## What Changes

| 文件 | 操作 | 说明 |
|------|------|------|
| `templates/core/scripts/mcp-server/tools/gateway.ts` | MO
top_keys: cwd, extra, hook_event_name, request_set_id, session_id, tool_input, tool_name, tool_response, transcript_path
tool_input_keys: file_content, file_path
=== DONE ===
=== 2026年 07月 27日 星期一 15:13:00 CST ===
file_path: /home/xmm/ai/add-coder/.qoder/specs/add-coder-dps-algorithm-redesign/tasks.md
has_file_content: true
has_replacements: false
[file_content[500]]: # Tasks: add-coder DPS Algorithm Redesign

> **验证规范**：每个 Task 完成时必须附带 `tsc=0` 证据。

## Preconditions

- [x] Plan 已生成（`add-coder-dps-algorithm-redesign-plan-v1.md`）
- [x] Spec 已就绪（`spec.md`）

## Forbidden

- 禁止修改 `check_dps` MCP 工具签名
- 禁止引入新外部依赖
- 禁止调用 LLM / embedding API

## Tasks

- [ ] Task 1: TF-IDF + Jaccard 语义相关性
  - [ ] 1.1: 实现中文分词（标点/换行分段 + 停用词过滤 + 2
top_keys: cwd, extra, hook_event_name, request_set_id, session_id, tool_input, tool_name, transcript_path
tool_input_keys: file_content, file_path
=== DONE ===
=== 2026年 07月 27日 星期一 15:13:02 CST ===
file_path: /home/xmm/ai/add-coder/.qoder/specs/add-coder-dps-algorithm-redesign/tasks.md
has_file_content: true
has_replacements: false
[file_content[500]]: # Tasks: add-coder DPS Algorithm Redesign

> **验证规范**：每个 Task 完成时必须附带 `tsc=0` 证据。

## Preconditions

- [x] Plan 已生成（`add-coder-dps-algorithm-redesign-plan-v1.md`）
- [x] Spec 已就绪（`spec.md`）

## Forbidden

- 禁止修改 `check_dps` MCP 工具签名
- 禁止引入新外部依赖
- 禁止调用 LLM / embedding API

## Tasks

- [ ] Task 1: TF-IDF + Jaccard 语义相关性
  - [ ] 1.1: 实现中文分词（标点/换行分段 + 停用词过滤 + 2
top_keys: cwd, extra, hook_event_name, request_set_id, session_id, tool_input, tool_name, tool_response, transcript_path
tool_input_keys: file_content, file_path
=== DONE ===
=== 2026年 07月 27日 星期一 15:13:12 CST ===
file_path: /home/xmm/ai/add-coder/.qoder/specs/add-coder-dps-algorithm-redesign/checklist.md
has_file_content: true
has_replacements: false
[file_content[500]]: # Checklist: add-coder DPS Algorithm Redesign

> **证据规范**：每项 [x] 必须附带可验证证据。
> - `[T]` = 编译期验证 — 证据: `tsc=0`
> - `[R]` = 运行时验证 — MCP 调用确认

## 编译期验证 [T]

- [ ] [T] `npx tsc --noEmit` 通过 — 证据: (待填写)
- [ ] [T] TF-IDF/Jaccard 函数编译通过 — 证据: (待填写)
- [ ] [T] 香农熵/Deng 熵函数编译通过 — 证据: (待填写)
- [ ] [T] CPM 关键路径函数编译通过 — 证据: (待填写)
top_keys: cwd, extra, hook_event_name, request_set_id, session_id, tool_input, tool_name, transcript_path
tool_input_keys: file_content, file_path
=== DONE ===
=== 2026年 07月 27日 星期一 15:13:15 CST ===
file_path: /home/xmm/ai/add-coder/.qoder/specs/add-coder-dps-algorithm-redesign/checklist.md
has_file_content: true
has_replacements: false
[file_content[500]]: # Checklist: add-coder DPS Algorithm Redesign

> **证据规范**：每项 [x] 必须附带可验证证据。
> - `[T]` = 编译期验证 — 证据: `tsc=0`
> - `[R]` = 运行时验证 — MCP 调用确认

## 编译期验证 [T]

- [ ] [T] `npx tsc --noEmit` 通过 — 证据: (待填写)
- [ ] [T] TF-IDF/Jaccard 函数编译通过 — 证据: (待填写)
- [ ] [T] 香农熵/Deng 熵函数编译通过 — 证据: (待填写)
- [ ] [T] CPM 关键路径函数编译通过 — 证据: (待填写)
top_keys: cwd, extra, hook_event_name, request_set_id, session_id, tool_input, tool_name, tool_response, transcript_path
tool_input_keys: file_content, file_path
=== DONE ===
=== 2026年 07月 27日 星期一 15:13:27 CST ===
file_path: EMPTY
has_file_content: false
has_replacements: false
top_keys: cwd, extra, hook_event_name, request_set_id, session_id, tool_input, tool_name, transcript_path
tool_input_keys: command, is_background, timeout
=== DONE ===
=== 2026年 07月 27日 星期一 15:16:29 CST ===
file_path: /home/xmm/ai/add-coder/.qoder/plans/2026-07/27/add-coder-dps-algorithm-redesign-add-route-v1.md
has_file_content: true
has_replacements: false
[file_content[500]]: # add-coder-dps-algorithm-redesign-add-route-v1

> **定位**：Plan → ADD Step 执行映射。简版——单文件纯算法替换，无审计打点、无新依赖。
>
> **绑定**：Plan: `add-coder-dps-algorithm-redesign-plan-v1.md` · Spec: `add-coder-dps-algorithm-redesign/spec.md` · Tasks: `add-coder-dps-algorithm-redesign/tasks.md`

---

## Step 0：文档先行 ✅

- [x] Plan + Specs 三元组就绪
- [x] 无需更新项目文档（纯内部算法替换，不影响外部合约）
- 
top_keys: cwd, extra, hook_event_name, request_set_id, session_id, tool_input, tool_name, transcript_path
tool_input_keys: file_content, file_path
=== DONE ===
=== 2026年 07月 27日 星期一 15:16:40 CST ===
file_path: /home/xmm/ai/add-coder/templates/core/hooks/pre-tool-use.sh
has_file_content: false
has_replacements: false
top_keys: cwd, extra, hook_event_name, request_set_id, session_id, tool_input, tool_name, transcript_path
tool_input_keys: file_path, new_string, old_string
=== DONE ===
=== 2026年 07月 27日 星期一 15:16:44 CST ===
file_path: /home/xmm/ai/add-coder/templates/core/hooks/pre-tool-use.sh
has_file_content: false
has_replacements: false
top_keys: cwd, extra, hook_event_name, request_set_id, session_id, tool_input, tool_name, tool_response, transcript_path
tool_input_keys: file_path, new_string, old_string
=== DONE ===
=== 2026年 07月 27日 星期一 15:16:59 CST ===
file_path: /home/xmm/ai/add-coder/templates/adapters/vscode/hooks/pre-tool-use.sh
=== 2026年 07月 27日 星期一 15:16:59 CST ===
=== 2026年 07月 27日 星期一 15:16:59 CST ===
file_path: /home/xmm/ai/add-coder/templates/adapters/claude/hooks/pre-tool-use.sh
has_file_content: false
=== 2026年 07月 27日 星期一 15:16:59 CST ===
file_path: /home/xmm/ai/add-coder/templates/adapters/qoder/hooks/pre-tool-use.sh
has_file_content: false
has_replacements: false
=== 2026年 07月 27日 星期一 15:16:59 CST ===
file_path: /home/xmm/ai/add-coder/templates/adapters/codex/hooks/pre-tool-use.sh
file_path: /home/xmm/ai/add-coder/templates/adapters/trae/hooks/pre-tool-use.sh
has_replacements: false
has_file_content: false
=== 2026年 07月 27日 星期一 15:16:59 CST ===
has_file_content: false
file_path: /home/xmm/ai/add-coder/.qoder/hooks/pre-tool-use.sh
has_replacements: false
has_file_content: false
top_keys: cwd, extra, hook_event_name, request_set_id, session_id, tool_input, tool_name, transcript_path
has_file_content: false
has_replacements: false
has_replacements: false
top_keys: cwd, extra, hook_event_name, request_set_id, session_id, tool_input, tool_name, transcript_path
tool_input_keys: file_path, new_string, old_string
=== DONE ===
has_replacements: false
tool_input_keys: file_path, new_string, old_string
=== DONE ===
top_keys: cwd, extra, hook_event_name, request_set_id, session_id, tool_input, tool_name, transcript_path
top_keys: cwd, extra, hook_event_name, request_set_id, session_id, tool_input, tool_name, transcript_path
tool_input_keys: file_path, new_string, old_string
=== DONE ===
top_keys: cwd, extra, hook_event_name, request_set_id, session_id, tool_input, tool_name, transcript_path
tool_input_keys: file_path, new_string, old_string
=== DONE ===
tool_input_keys: file_path, new_string, old_string
=== DONE ===
top_keys: cwd, extra, hook_event_name, request_set_id, session_id, tool_input, tool_name, transcript_path
tool_input_keys: file_path, new_string, old_string
=== DONE ===
=== 2026年 07月 27日 星期一 15:17:02 CST ===
file_path: /home/xmm/ai/add-coder/templates/adapters/qoder/hooks/pre-tool-use.sh
=== 2026年 07月 27日 星期一 15:17:02 CST ===
has_file_content: false
file_path: /home/xmm/ai/add-coder/templates/adapters/trae/hooks/pre-tool-use.sh
has_replacements: false
has_file_content: false
has_replacements: false
top_keys: cwd, extra, hook_event_name, request_set_id, session_id, tool_input, tool_name, tool_response, transcript_path
tool_input_keys: file_path, new_string, old_string
=== DONE ===
top_keys: cwd, extra, hook_event_name, request_set_id, session_id, tool_input, tool_name, tool_response, transcript_path
tool_input_keys: file_path, new_string, old_string
=== DONE ===
=== 2026年 07月 27日 星期一 15:17:02 CST ===
=== 2026年 07月 27日 星期一 15:17:02 CST ===
=== 2026年 07月 27日 星期一 15:17:02 CST ===
file_path: /home/xmm/ai/add-coder/templates/adapters/claude/hooks/pre-tool-use.sh
file_path: /home/xmm/ai/add-coder/templates/adapters/codex/hooks/pre-tool-use.sh
file_path: /home/xmm/ai/add-coder/templates/adapters/vscode/hooks/pre-tool-use.sh
has_file_content: false
has_file_content: false
has_file_content: false
has_replacements: false
has_replacements: false
has_replacements: false
top_keys: cwd, extra, hook_event_name, request_set_id, session_id, tool_input, tool_name, tool_response, transcript_path
top_keys: cwd, extra, hook_event_name, request_set_id, session_id, tool_input, tool_name, tool_response, transcript_path
top_keys: cwd, extra, hook_event_name, request_set_id, session_id, tool_input, tool_name, tool_response, transcript_path
tool_input_keys: file_path, new_string, old_string
tool_input_keys: file_path, new_string, old_string
tool_input_keys: file_path, new_string, old_string
=== DONE ===
=== DONE ===
=== DONE ===
=== 2026年 07月 27日 星期一 15:17:02 CST ===
file_path: /home/xmm/ai/add-coder/.qoder/hooks/pre-tool-use.sh
has_file_content: false
has_replacements: false
top_keys: cwd, extra, hook_event_name, request_set_id, session_id, tool_input, tool_name, tool_response, transcript_path
tool_input_keys: file_path, new_string, old_string
=== DONE ===
=== 2026年 07月 27日 星期一 15:17:13 CST ===
file_path: /home/xmm/ai/add-coder/.qoder/plans/2026-07/27/add-coder-dps-algorithm-redesign-add-route-v1.md
has_file_content: true
has_replacements: false
[file_content[500]]: # add-coder-dps-algorithm-redesign-add-route-v1

> **定位**：Plan → ADD Step 执行映射。简版——单文件纯算法替换，无审计打点、无新依赖。
>
> **绑定**：Plan: `add-coder-dps-algorithm-redesign-plan-v1.md` · Spec: `add-coder-dps-algorithm-redesign/spec.md` · Tasks: `add-coder-dps-algorithm-redesign/tasks.md`

---

## Step 0：文档先行 ✅

- [x] Plan + Specs 三元组就绪
- [x] 无需更新项目文档（纯内部算法替换，不影响外部合约）
- 
top_keys: cwd, extra, hook_event_name, request_set_id, session_id, tool_input, tool_name, transcript_path
tool_input_keys: file_content, file_path
=== DONE ===
=== 2026年 07月 27日 星期一 15:23:17 CST ===
file_path: /home/xmm/ai/add-coder/.qoder/specs/add-coder-dps-algorithm-redesign/checklist.md
has_file_content: false
has_replacements: false
top_keys: cwd, extra, hook_event_name, request_set_id, session_id, tool_input, tool_name, transcript_path
tool_input_keys: file_path, new_string, old_string
=== DONE ===
=== 2026年 07月 27日 星期一 15:23:21 CST ===
file_path: /home/xmm/ai/add-coder/.qoder/specs/add-coder-dps-algorithm-redesign/checklist.md
has_file_content: false
has_replacements: false
top_keys: cwd, extra, hook_event_name, request_set_id, session_id, tool_input, tool_name, tool_response, transcript_path
tool_input_keys: file_path, new_string, old_string
=== DONE ===
=== 2026年 07月 27日 星期一 15:27:51 CST ===
file_path: /home/xmm/ai/add-coder/templates/core/scripts/mcp-server/tools/gateway.ts
has_file_content: false
has_replacements: false
top_keys: cwd, extra, hook_event_name, request_set_id, session_id, tool_input, tool_name, transcript_path
tool_input_keys: file_path, new_string, old_string
=== DONE ===
=== 2026年 07月 27日 星期一 15:27:52 CST ===
file_path: /home/xmm/ai/add-coder/templates/core/scripts/mcp-server/tools/gateway.ts
has_file_content: false
has_replacements: false
top_keys: cwd, extra, hook_event_name, request_set_id, session_id, tool_input, tool_name, tool_response, transcript_path
tool_input_keys: file_path, new_string, old_string
=== DONE ===
=== 2026年 07月 27日 星期一 15:29:07 CST ===
file_path: /home/xmm/ai/add-coder/templates/core/scripts/mcp-server/tools/gateway.ts
has_file_content: true
has_replacements: false
[file_content[500]]: import * as z from "zod/v4"
import type { McpServer } from "@modelcontextprotocol/server"
import { existsSync } from "fs"
import { join, basename } from "path"
import { textResponse, errorResponse } from "../shared/response.js"
import { readFileSafe, readdirRecursive, PROJECT_ROOT, MAGIC_DIR } from "../shared/fs.js"
import { prisma } from "../shared/prisma.js"

export function registerGatewayTools(server: McpServer) {

  // ===== check_add_route_status =====
  server.registerTool("check_add_rout
top_keys: cwd, extra, hook_event_name, request_set_id, session_id, tool_input, tool_name, transcript_path
tool_input_keys: file_content, file_path
=== DONE ===
=== 2026年 07月 27日 星期一 15:29:10 CST ===
file_path: /home/xmm/ai/add-coder/templates/core/scripts/mcp-server/tools/gateway.ts
has_file_content: true
has_replacements: false
[file_content[500]]: import * as z from "zod/v4"
import type { McpServer } from "@modelcontextprotocol/server"
import { existsSync } from "fs"
import { join, basename } from "path"
import { textResponse, errorResponse } from "../shared/response.js"
import { readFileSafe, readdirRecursive, PROJECT_ROOT, MAGIC_DIR } from "../shared/fs.js"
import { prisma } from "../shared/prisma.js"

export function registerGatewayTools(server: McpServer) {

  // ===== check_add_route_status =====
  server.registerTool("check_add_rout
top_keys: cwd, extra, hook_event_name, request_set_id, session_id, tool_input, tool_name, tool_response, transcript_path
tool_input_keys: file_content, file_path
=== DONE ===
=== 2026年 07月 27日 星期一 15:29:18 CST ===
file_path: EMPTY
has_file_content: false
has_replacements: false
top_keys: cwd, extra, hook_event_name, request_set_id, session_id, tool_input, tool_name, transcript_path
tool_input_keys: command, is_background, timeout
=== DONE ===
=== 2026年 07月 27日 星期一 15:29:26 CST ===
file_path: EMPTY
has_file_content: false
has_replacements: false
top_keys: cwd, extra, hook_event_name, request_set_id, session_id, tool_input, tool_name, transcript_path
tool_input_keys: command, is_background, timeout
=== DONE ===
=== 2026年 07月 27日 星期一 15:29:50 CST ===
file_path: EMPTY
has_file_content: false
has_replacements: false
top_keys: cwd, extra, hook_event_name, request_set_id, session_id, tool_input, tool_name, transcript_path
tool_input_keys: command, is_background, timeout
=== DONE ===
=== 2026年 07月 27日 星期一 15:31:57 CST ===
file_path: EMPTY
has_file_content: false
has_replacements: false
top_keys: cwd, extra, hook_event_name, request_set_id, session_id, tool_input, tool_name, transcript_path
tool_input_keys: command, is_background, timeout
=== DONE ===
=== 2026年 07月 27日 星期一 15:32:04 CST ===
file_path: EMPTY
has_file_content: false
has_replacements: false
top_keys: cwd, extra, hook_event_name, request_set_id, session_id, tool_input, tool_name, transcript_path
tool_input_keys: command, is_background, timeout
=== DONE ===
=== 2026年 07月 27日 星期一 15:33:27 CST ===
file_path: /home/xmm/ai/add-coder/.qoder/scripts/mcp-server/tools/gateway.ts
has_file_content: true
has_replacements: false
[file_content[500]]: import * as z from "zod/v4"
import type { McpServer } from "@modelcontextprotocol/server"
import { existsSync } from "fs"
import { join, basename } from "path"
import { textResponse, errorResponse } from "../shared/response.js"
import { readFileSafe, readdirRecursive, PROJECT_ROOT, MAGIC_DIR } from "../shared/fs.js"
import { prisma } from "../shared/prisma.js"

export function registerGatewayTools(server: McpServer) {

  // ===== check_add_route_status =====
  server.registerTool("check_add_rout
top_keys: cwd, extra, hook_event_name, request_set_id, session_id, tool_input, tool_name, transcript_path
tool_input_keys: file_content, file_path
=== DONE ===
=== 2026年 07月 27日 星期一 15:33:29 CST ===
file_path: /home/xmm/ai/add-coder/.qoder/scripts/mcp-server/tools/gateway.ts
has_file_content: true
has_replacements: false
[file_content[500]]: import * as z from "zod/v4"
import type { McpServer } from "@modelcontextprotocol/server"
import { existsSync } from "fs"
import { join, basename } from "path"
import { textResponse, errorResponse } from "../shared/response.js"
import { readFileSafe, readdirRecursive, PROJECT_ROOT, MAGIC_DIR } from "../shared/fs.js"
import { prisma } from "../shared/prisma.js"

export function registerGatewayTools(server: McpServer) {

  // ===== check_add_route_status =====
  server.registerTool("check_add_rout
top_keys: cwd, extra, hook_event_name, request_set_id, session_id, tool_input, tool_name, tool_response, transcript_path
tool_input_keys: file_content, file_path
=== DONE ===
=== 2026年 07月 27日 星期一 15:37:50 CST ===
file_path: EMPTY
has_file_content: false
has_replacements: false
top_keys: cwd, extra, hook_event_name, request_set_id, session_id, tool_input, tool_name, transcript_path
tool_input_keys: command, is_background, timeout
=== DONE ===
=== 2026年 07月 27日 星期一 15:38:06 CST ===
file_path: EMPTY
has_file_content: false
has_replacements: false
top_keys: cwd, extra, hook_event_name, request_set_id, session_id, tool_input, tool_name, transcript_path
tool_input_keys: command, is_background, timeout
=== DONE ===
=== 2026年 07月 27日 星期一 15:38:45 CST ===
file_path: EMPTY
has_file_content: false
has_replacements: false
top_keys: cwd, extra, hook_event_name, request_set_id, session_id, tool_input, tool_name, transcript_path
tool_input_keys: command, is_background, timeout
=== DONE ===
=== 2026年 07月 27日 星期一 15:38:52 CST ===
file_path: EMPTY
has_file_content: false
has_replacements: false
top_keys: cwd, extra, hook_event_name, request_set_id, session_id, tool_input, tool_name, transcript_path
tool_input_keys: command, is_background, timeout
=== DONE ===
=== 2026年 07月 27日 星期一 15:40:42 CST ===
file_path: /home/xmm/ai/add-coder/.qoder/scripts/mcp-server/tools/gateway.ts
has_file_content: false
has_replacements: false
top_keys: cwd, extra, hook_event_name, request_set_id, session_id, tool_input, tool_name, transcript_path
tool_input_keys: file_path, new_string, old_string
=== DONE ===
=== 2026年 07月 27日 星期一 15:40:45 CST ===
file_path: /home/xmm/ai/add-coder/.qoder/scripts/mcp-server/tools/gateway.ts
has_file_content: false
has_replacements: false
top_keys: cwd, extra, hook_event_name, request_set_id, session_id, tool_input, tool_name, tool_response, transcript_path
tool_input_keys: file_path, new_string, old_string
=== DONE ===
=== 2026年 07月 27日 星期一 15:40:51 CST ===
file_path: /home/xmm/ai/add-coder/.qoder/scripts/mcp-server/tools/gateway.ts
has_file_content: false
has_replacements: false
top_keys: cwd, extra, hook_event_name, request_set_id, session_id, tool_input, tool_name, transcript_path
tool_input_keys: file_path, new_string, old_string
=== DONE ===
=== 2026年 07月 27日 星期一 15:40:53 CST ===
file_path: /home/xmm/ai/add-coder/.qoder/scripts/mcp-server/tools/gateway.ts
has_file_content: false
has_replacements: false
top_keys: cwd, extra, hook_event_name, request_set_id, session_id, tool_input, tool_name, tool_response, transcript_path
tool_input_keys: file_path, new_string, old_string
=== DONE ===
=== 2026年 07月 27日 星期一 15:41:05 CST ===
file_path: /home/xmm/ai/add-coder/templates/core/scripts/mcp-server/tools/gateway.ts
has_file_content: false
has_replacements: false
top_keys: cwd, extra, hook_event_name, request_set_id, session_id, tool_input, tool_name, transcript_path
tool_input_keys: file_path, new_string, old_string
=== DONE ===
=== 2026年 07月 27日 星期一 15:41:08 CST ===
file_path: /home/xmm/ai/add-coder/templates/core/scripts/mcp-server/tools/gateway.ts
has_file_content: false
has_replacements: false
top_keys: cwd, extra, hook_event_name, request_set_id, session_id, tool_input, tool_name, tool_response, transcript_path
tool_input_keys: file_path, new_string, old_string
=== DONE ===
=== 2026年 07月 27日 星期一 15:41:14 CST ===
file_path: /home/xmm/ai/add-coder/templates/core/scripts/mcp-server/tools/gateway.ts
has_file_content: false
has_replacements: false
top_keys: cwd, extra, hook_event_name, request_set_id, session_id, tool_input, tool_name, transcript_path
tool_input_keys: file_path, new_string, old_string
=== DONE ===
=== 2026年 07月 27日 星期一 15:41:16 CST ===
file_path: /home/xmm/ai/add-coder/templates/core/scripts/mcp-server/tools/gateway.ts
has_file_content: false
has_replacements: false
top_keys: cwd, extra, hook_event_name, request_set_id, session_id, tool_input, tool_name, tool_response, transcript_path
tool_input_keys: file_path, new_string, old_string
=== DONE ===
=== 2026年 07月 27日 星期一 15:41:22 CST ===
file_path: EMPTY
has_file_content: false
has_replacements: false
top_keys: cwd, extra, hook_event_name, request_set_id, session_id, tool_input, tool_name, transcript_path
tool_input_keys: command, is_background, timeout
=== DONE ===
=== 2026年 07月 27日 星期一 15:42:32 CST ===
file_path: /home/xmm/ai/add-coder/.qoder/scripts/mcp-server/tools/gateway.ts
has_file_content: false
has_replacements: false
top_keys: cwd, extra, hook_event_name, request_set_id, session_id, tool_input, tool_name, transcript_path
tool_input_keys: file_path, new_string, old_string
=== DONE ===
=== 2026年 07月 27日 星期一 15:42:34 CST ===
file_path: /home/xmm/ai/add-coder/.qoder/scripts/mcp-server/tools/gateway.ts
has_file_content: false
has_replacements: false
top_keys: cwd, extra, hook_event_name, request_set_id, session_id, tool_input, tool_name, tool_response, transcript_path
tool_input_keys: file_path, new_string, old_string
=== DONE ===
=== 2026年 07月 27日 星期一 15:42:46 CST ===
file_path: /home/xmm/ai/add-coder/templates/core/scripts/mcp-server/tools/gateway.ts
has_file_content: false
has_replacements: false
top_keys: cwd, extra, hook_event_name, request_set_id, session_id, tool_input, tool_name, transcript_path
tool_input_keys: file_path, new_string, old_string
=== DONE ===
=== 2026年 07月 27日 星期一 15:42:47 CST ===
file_path: /home/xmm/ai/add-coder/templates/core/scripts/mcp-server/tools/gateway.ts
has_file_content: false
has_replacements: false
top_keys: cwd, extra, hook_event_name, request_set_id, session_id, tool_input, tool_name, tool_response, transcript_path
tool_input_keys: file_path, new_string, old_string
=== DONE ===
=== 2026年 07月 27日 星期一 15:44:11 CST ===
file_path: /home/xmm/ai/add-coder/templates/core/scripts/mcp-server/tools/gateway.ts
has_file_content: true
has_replacements: false
[file_content[500]]: import * as z from "zod/v4"
import type { McpServer } from "@modelcontextprotocol/server"
import { existsSync } from "fs"
import { join, basename } from "path"
import { textResponse, errorResponse } from "../shared/response.js"
import { readFileSafe, readdirRecursive, PROJECT_ROOT, MAGIC_DIR } from "../shared/fs.js"
import { prisma } from "../shared/prisma.js"

export function registerGatewayTools(server: McpServer) {

  // ===== check_add_route_status =====
  server.registerTool("check_add_rout
top_keys: cwd, extra, hook_event_name, request_set_id, session_id, tool_input, tool_name, transcript_path
tool_input_keys: file_content, file_path
=== DONE ===
=== 2026年 07月 27日 星期一 15:44:13 CST ===
file_path: /home/xmm/ai/add-coder/templates/core/scripts/mcp-server/tools/gateway.ts
has_file_content: true
has_replacements: false
[file_content[500]]: import * as z from "zod/v4"
import type { McpServer } from "@modelcontextprotocol/server"
import { existsSync } from "fs"
import { join, basename } from "path"
import { textResponse, errorResponse } from "../shared/response.js"
import { readFileSafe, readdirRecursive, PROJECT_ROOT, MAGIC_DIR } from "../shared/fs.js"
import { prisma } from "../shared/prisma.js"

export function registerGatewayTools(server: McpServer) {

  // ===== check_add_route_status =====
  server.registerTool("check_add_rout
top_keys: cwd, extra, hook_event_name, request_set_id, session_id, tool_input, tool_name, tool_response, transcript_path
tool_input_keys: file_content, file_path
=== DONE ===
=== 2026年 07月 27日 星期一 15:46:52 CST ===
file_path: /home/xmm/ai/add-coder/.qoder/reviews/add-coder-dps-algorithm-redesign-review-v1.md
has_file_content: true
has_replacements: false
[file_content[500]]: # add-coder-dps-algorithm-redesign-review-v1

## Review 元信息

- **Review 对象**: `add-coder-dps-algorithm-redesign-plan-v1.md`（DPS 算法四维复合评分改造）
- **对比方案**: 方案 A（保持现有存在性检查） / 方案 B（语义级复合评分 + FFT权重）
- **Review 时间**: 2026-07-27
- **Review 类型**: 架构决策 / 方案选型 / 算法设计
- **覆盖维度**: 方向验证 / 语义对齐 / 零依赖约束 / 兼容性
- **前置阅读**: `.qoder/plans/2026-0
top_keys: cwd, extra, hook_event_name, request_set_id, session_id, tool_input, tool_name, transcript_path
tool_input_keys: file_content, file_path
=== DONE ===
=== 2026年 07月 27日 星期一 15:46:54 CST ===
file_path: /home/xmm/ai/add-coder/.qoder/reviews/add-coder-dps-algorithm-redesign-review-v1.md
has_file_content: true
has_replacements: false
[file_content[500]]: # add-coder-dps-algorithm-redesign-review-v1

## Review 元信息

- **Review 对象**: `add-coder-dps-algorithm-redesign-plan-v1.md`（DPS 算法四维复合评分改造）
- **对比方案**: 方案 A（保持现有存在性检查） / 方案 B（语义级复合评分 + FFT权重）
- **Review 时间**: 2026-07-27
- **Review 类型**: 架构决策 / 方案选型 / 算法设计
- **覆盖维度**: 方向验证 / 语义对齐 / 零依赖约束 / 兼容性
- **前置阅读**: `.qoder/plans/2026-0
top_keys: cwd, extra, hook_event_name, request_set_id, session_id, tool_input, tool_name, tool_response, transcript_path
tool_input_keys: file_content, file_path
=== DONE ===
=== 2026年 07月 27日 星期一 15:47:01 CST ===
file_path: EMPTY
has_file_content: false
has_replacements: false
top_keys: cwd, extra, hook_event_name, request_set_id, session_id, tool_input, tool_name, transcript_path
tool_input_keys: command, is_background, timeout
=== DONE ===
=== 2026年 07月 27日 星期一 15:47:41 CST ===
file_path: EMPTY
has_file_content: false
has_replacements: false
top_keys: cwd, extra, hook_event_name, request_set_id, session_id, tool_input, tool_name, transcript_path
tool_input_keys: command, is_background, timeout
=== DONE ===
=== 2026年 07月 27日 星期一 15:48:49 CST ===
file_path: /home/xmm/ai/add-coder/.qoder/scripts/mcp-server/tools/gateway.ts
has_file_content: false
has_replacements: false
top_keys: cwd, extra, hook_event_name, request_set_id, session_id, tool_input, tool_name, transcript_path
tool_input_keys: file_path, new_string, old_string
=== DONE ===
=== 2026年 07月 27日 星期一 15:48:52 CST ===
file_path: /home/xmm/ai/add-coder/.qoder/scripts/mcp-server/tools/gateway.ts
has_file_content: false
has_replacements: false
top_keys: cwd, extra, hook_event_name, request_set_id, session_id, tool_input, tool_name, tool_response, transcript_path
tool_input_keys: file_path, new_string, old_string
=== DONE ===
=== 2026年 07月 27日 星期一 15:48:59 CST ===
file_path: /home/xmm/ai/add-coder/templates/core/scripts/mcp-server/tools/gateway.ts
has_file_content: false
has_replacements: false
top_keys: cwd, extra, hook_event_name, request_set_id, session_id, tool_input, tool_name, transcript_path
tool_input_keys: file_path, new_string, old_string
=== DONE ===
=== 2026年 07月 27日 星期一 15:49:02 CST ===
file_path: /home/xmm/ai/add-coder/templates/core/scripts/mcp-server/tools/gateway.ts
has_file_content: false
has_replacements: false
top_keys: cwd, extra, hook_event_name, request_set_id, session_id, tool_input, tool_name, tool_response, transcript_path
tool_input_keys: file_path, new_string, old_string
=== DONE ===
=== 2026年 07月 27日 星期一 15:49:08 CST ===
file_path: EMPTY
has_file_content: false
has_replacements: false
top_keys: cwd, extra, hook_event_name, request_set_id, session_id, tool_input, tool_name, transcript_path
tool_input_keys: command, is_background, timeout
=== DONE ===
=== 2026年 07月 27日 星期一 15:49:54 CST ===
file_path: EMPTY
has_file_content: false
has_replacements: false
top_keys: cwd, extra, hook_event_name, request_set_id, session_id, tool_input, tool_name, transcript_path
tool_input_keys: command, is_background, timeout
=== DONE ===
=== 2026年 07月 27日 星期一 15:50:02 CST ===
file_path: EMPTY
has_file_content: false
has_replacements: false
top_keys: cwd, extra, hook_event_name, request_set_id, session_id, tool_input, tool_name, transcript_path
tool_input_keys: command, is_background, timeout
=== DONE ===
=== 2026年 07月 27日 星期一 15:53:29 CST ===
file_path: EMPTY
has_file_content: false
has_replacements: false
top_keys: cwd, extra, hook_event_name, request_set_id, session_id, tool_input, tool_name, transcript_path
tool_input_keys: command, is_background, timeout
=== DONE ===
=== 2026年 07月 27日 星期一 15:53:40 CST ===
file_path: /home/xmm/ai/add-coder/.qoder/plans/2026-07/27/add-coder-dps-algorithm-redesign-add-route-v1.md
has_file_content: true
has_replacements: false
[file_content[500]]: # add-coder-dps-algorithm-redesign-add-route-v1

> 简版——单文件纯算法替换，无审计打点、无新依赖。

**绑定**：Plan: `add-coder-dps-algorithm-redesign-plan-v1.md` · Spec: `add-coder-dps-algorithm-redesign/spec.md`

---

## Step 0：文档先行 ✅

- [x] Plan + Specs 三元组就绪
- [x] 无需更新项目文档（纯内部算法替换）

## Step 3：业务逻辑实现

| # | Task | 文件 | 依赖 | 状态 |
|---|------|------|------|:---:|
| 1 | TF-IDF + Jaccard 
top_keys: cwd, extra, hook_event_name, request_set_id, session_id, tool_input, tool_name, transcript_path
tool_input_keys: file_content, file_path
=== DONE ===
=== 2026年 07月 27日 星期一 15:53:42 CST ===
file_path: /home/xmm/ai/add-coder/.qoder/plans/2026-07/27/add-coder-dps-algorithm-redesign-add-route-v1.md
has_file_content: true
has_replacements: false
[file_content[500]]: # add-coder-dps-algorithm-redesign-add-route-v1

> 简版——单文件纯算法替换，无审计打点、无新依赖。

**绑定**：Plan: `add-coder-dps-algorithm-redesign-plan-v1.md` · Spec: `add-coder-dps-algorithm-redesign/spec.md`

---

## Step 0：文档先行 ✅

- [x] Plan + Specs 三元组就绪
- [x] 无需更新项目文档（纯内部算法替换）

## Step 3：业务逻辑实现

| # | Task | 文件 | 依赖 | 状态 |
|---|------|------|------|:---:|
| 1 | TF-IDF + Jaccard 
top_keys: cwd, extra, hook_event_name, request_set_id, session_id, tool_input, tool_name, tool_response, transcript_path
tool_input_keys: file_content, file_path
=== DONE ===
=== 2026年 07月 27日 星期一 16:16:08 CST ===
file_path: /home/xmm/ai/add-coder/.qoder/scripts/mcp-server/tools/gateway.ts
has_file_content: false
has_replacements: false
top_keys: cwd, extra, hook_event_name, request_set_id, session_id, tool_input, tool_name, transcript_path
tool_input_keys: file_path, new_string, old_string
=== DONE ===
=== 2026年 07月 27日 星期一 16:16:10 CST ===
file_path: /home/xmm/ai/add-coder/.qoder/scripts/mcp-server/tools/gateway.ts
has_file_content: false
has_replacements: false
top_keys: cwd, extra, hook_event_name, request_set_id, session_id, tool_input, tool_name, tool_response, transcript_path
tool_input_keys: file_path, new_string, old_string
=== DONE ===
=== 2026年 07月 27日 星期一 16:16:21 CST ===
file_path: /home/xmm/ai/add-coder/templates/core/scripts/mcp-server/tools/gateway.ts
has_file_content: false
has_replacements: false
top_keys: cwd, extra, hook_event_name, request_set_id, session_id, tool_input, tool_name, transcript_path
tool_input_keys: file_path, new_string, old_string
=== DONE ===
=== 2026年 07月 27日 星期一 16:16:24 CST ===
file_path: /home/xmm/ai/add-coder/templates/core/scripts/mcp-server/tools/gateway.ts
has_file_content: false
has_replacements: false
top_keys: cwd, extra, hook_event_name, request_set_id, session_id, tool_input, tool_name, tool_response, transcript_path
tool_input_keys: file_path, new_string, old_string
=== DONE ===
=== 2026年 07月 27日 星期一 16:18:27 CST ===
file_path: /home/xmm/ai/add-coder/.qoder/scripts/mcp-server/tools/gateway.ts
has_file_content: false
has_replacements: false
top_keys: cwd, extra, hook_event_name, request_set_id, session_id, tool_input, tool_name, transcript_path
tool_input_keys: file_path, new_string, old_string
=== DONE ===
=== 2026年 07月 27日 星期一 16:18:29 CST ===
file_path: /home/xmm/ai/add-coder/.qoder/scripts/mcp-server/tools/gateway.ts
has_file_content: false
has_replacements: false
top_keys: cwd, extra, hook_event_name, request_set_id, session_id, tool_input, tool_name, tool_response, transcript_path
tool_input_keys: file_path, new_string, old_string
=== DONE ===
=== 2026年 07月 27日 星期一 16:20:32 CST ===
file_path: /home/xmm/ai/add-coder/.qoder/scripts/mcp-server/tools/gateway.ts
has_file_content: false
has_replacements: false
top_keys: cwd, extra, hook_event_name, request_set_id, session_id, tool_input, tool_name, transcript_path
tool_input_keys: file_path, new_string, old_string
=== DONE ===
=== 2026年 07月 27日 星期一 16:20:34 CST ===
file_path: /home/xmm/ai/add-coder/.qoder/scripts/mcp-server/tools/gateway.ts
has_file_content: false
has_replacements: false
top_keys: cwd, extra, hook_event_name, request_set_id, session_id, tool_input, tool_name, tool_response, transcript_path
tool_input_keys: file_path, new_string, old_string
=== DONE ===
=== 2026年 07月 27日 星期一 16:20:42 CST ===
file_path: /home/xmm/ai/add-coder/.qoder/scripts/mcp-server/tools/gateway.ts
has_file_content: false
has_replacements: false
top_keys: cwd, extra, hook_event_name, request_set_id, session_id, tool_input, tool_name, transcript_path
tool_input_keys: file_path, new_string, old_string
=== DONE ===
=== 2026年 07月 27日 星期一 16:20:44 CST ===
file_path: /home/xmm/ai/add-coder/.qoder/scripts/mcp-server/tools/gateway.ts
has_file_content: false
has_replacements: false
top_keys: cwd, extra, hook_event_name, request_set_id, session_id, tool_input, tool_name, tool_response, transcript_path
tool_input_keys: file_path, new_string, old_string
=== DONE ===
=== 2026年 07月 27日 星期一 16:20:50 CST ===
file_path: EMPTY
has_file_content: false
has_replacements: false
top_keys: cwd, extra, hook_event_name, request_set_id, session_id, tool_input, tool_name, transcript_path
tool_input_keys: command, is_background, timeout
=== DONE ===
=== 2026年 07月 27日 星期一 16:21:28 CST ===
file_path: /home/xmm/ai/add-coder/templates/core/scripts/mcp-server/tools/gateway.ts
has_file_content: true
has_replacements: false
[file_content[500]]: import * as z from "zod/v4"
import type { McpServer } from "@modelcontextprotocol/server"
import { existsSync } from "fs"
import { join, basename } from "path"
import { textResponse, errorResponse } from "../shared/response.js"
import { readFileSafe, readdirRecursive, PROJECT_ROOT, MAGIC_DIR } from "../shared/fs.js"
import { prisma } from "../shared/prisma.js"

export function registerGatewayTools(server: McpServer) {

  // ===== check_add_route_status =====
  server.registerTool("check_add_rout
top_keys: cwd, extra, hook_event_name, request_set_id, session_id, tool_input, tool_name, transcript_path
tool_input_keys: file_content, file_path
=== DONE ===
=== 2026年 07月 27日 星期一 16:21:29 CST ===
file_path: /home/xmm/ai/add-coder/templates/core/scripts/mcp-server/tools/gateway.ts
has_file_content: true
has_replacements: false
[file_content[500]]: import * as z from "zod/v4"
import type { McpServer } from "@modelcontextprotocol/server"
import { existsSync } from "fs"
import { join, basename } from "path"
import { textResponse, errorResponse } from "../shared/response.js"
import { readFileSafe, readdirRecursive, PROJECT_ROOT, MAGIC_DIR } from "../shared/fs.js"
import { prisma } from "../shared/prisma.js"

export function registerGatewayTools(server: McpServer) {

  // ===== check_add_route_status =====
  server.registerTool("check_add_rout
top_keys: cwd, extra, hook_event_name, request_set_id, session_id, tool_input, tool_name, tool_response, transcript_path
tool_input_keys: file_content, file_path
=== DONE ===
=== 2026年 07月 27日 星期一 16:21:56 CST ===
file_path: /home/xmm/ai/add-coder/templates/core/scripts/mcp-server/tools/gateway.ts
has_file_content: true
has_replacements: false
[file_content[500]]: import * as z from "zod/v4"
import type { McpServer } from "@modelcontextprotocol/server"
import { existsSync } from "fs"
import { join, basename } from "path"
import { textResponse, errorResponse } from "../shared/response.js"
import { readFileSafe, readdirRecursive, PROJECT_ROOT, MAGIC_DIR } from "../shared/fs.js"
import { prisma } from "../shared/prisma.js"

export function registerGatewayTools(server: McpServer) {

  // ===== check_add_route_status =====
  server.registerTool("check_add_rout
top_keys: cwd, extra, hook_event_name, request_set_id, session_id, tool_input, tool_name, transcript_path
tool_input_keys: file_content, file_path
=== DONE ===
=== 2026年 07月 27日 星期一 16:21:58 CST ===
file_path: /home/xmm/ai/add-coder/templates/core/scripts/mcp-server/tools/gateway.ts
has_file_content: true
has_replacements: false
[file_content[500]]: import * as z from "zod/v4"
import type { McpServer } from "@modelcontextprotocol/server"
import { existsSync } from "fs"
import { join, basename } from "path"
import { textResponse, errorResponse } from "../shared/response.js"
import { readFileSafe, readdirRecursive, PROJECT_ROOT, MAGIC_DIR } from "../shared/fs.js"
import { prisma } from "../shared/prisma.js"

export function registerGatewayTools(server: McpServer) {

  // ===== check_add_route_status =====
  server.registerTool("check_add_rout
top_keys: cwd, extra, hook_event_name, request_set_id, session_id, tool_input, tool_name, tool_response, transcript_path
tool_input_keys: file_content, file_path
=== DONE ===
=== 2026年 07月 27日 星期一 16:22:07 CST ===
file_path: EMPTY
has_file_content: false
has_replacements: false
top_keys: cwd, extra, hook_event_name, request_set_id, session_id, tool_input, tool_name, transcript_path
tool_input_keys: command, is_background, timeout
=== DONE ===
=== 2026年 07月 27日 星期一 16:34:06 CST ===
file_path: /home/xmm/ai/add-coder/.qoder/scripts/mcp-server/tools/context.ts
has_file_content: false
has_replacements: false
top_keys: cwd, extra, hook_event_name, request_set_id, session_id, tool_input, tool_name, transcript_path
tool_input_keys: file_path, new_string, old_string
=== DONE ===
=== 2026年 07月 27日 星期一 16:34:09 CST ===
file_path: /home/xmm/ai/add-coder/.qoder/scripts/mcp-server/tools/context.ts
has_file_content: false
has_replacements: false
top_keys: cwd, extra, hook_event_name, request_set_id, session_id, tool_input, tool_name, tool_response, transcript_path
tool_input_keys: file_path, new_string, old_string
=== DONE ===
=== 2026年 07月 27日 星期一 16:34:28 CST ===
file_path: /home/xmm/ai/add-coder/.qoder/scripts/mcp-server/tools/context.ts
has_file_content: false
has_replacements: false
top_keys: cwd, extra, hook_event_name, request_set_id, session_id, tool_input, tool_name, transcript_path
tool_input_keys: file_path, new_string, old_string
=== DONE ===
=== 2026年 07月 27日 星期一 16:34:30 CST ===
file_path: /home/xmm/ai/add-coder/.qoder/scripts/mcp-server/tools/context.ts
has_file_content: false
has_replacements: false
top_keys: cwd, extra, hook_event_name, request_set_id, session_id, tool_input, tool_name, tool_response, transcript_path
tool_input_keys: file_path, new_string, old_string
=== DONE ===
=== 2026年 07月 27日 星期一 16:34:40 CST ===
file_path: EMPTY
has_file_content: false
has_replacements: false
top_keys: cwd, extra, hook_event_name, request_set_id, session_id, tool_input, tool_name, transcript_path
tool_input_keys: command, is_background, timeout
=== DONE ===
=== 2026年 07月 27日 星期一 16:40:10 CST ===
file_path: /home/xmm/ai/add-coder/.qoder/scripts/mcp-server/tools/context.ts
has_file_content: false
has_replacements: false
top_keys: cwd, extra, hook_event_name, request_set_id, session_id, tool_input, tool_name, transcript_path
tool_input_keys: file_path, new_string, old_string
=== DONE ===
=== 2026年 07月 27日 星期一 16:40:14 CST ===
file_path: /home/xmm/ai/add-coder/.qoder/scripts/mcp-server/tools/context.ts
has_file_content: false
has_replacements: false
top_keys: cwd, extra, hook_event_name, request_set_id, session_id, tool_input, tool_name, tool_response, transcript_path
tool_input_keys: file_path, new_string, old_string
=== DONE ===
=== 2026年 07月 27日 星期一 16:40:23 CST ===
file_path: EMPTY
has_file_content: false
has_replacements: false
top_keys: cwd, extra, hook_event_name, request_set_id, session_id, tool_input, tool_name, transcript_path
tool_input_keys: command, is_background, timeout
=== DONE ===
=== 2026年 07月 27日 星期一 16:45:48 CST ===
file_path: /home/xmm/ai/add-coder/.qoder/scripts/mcp-server/tools/context.ts
has_file_content: false
has_replacements: false
top_keys: cwd, extra, hook_event_name, request_set_id, session_id, tool_input, tool_name, transcript_path
tool_input_keys: file_path, new_string, old_string
=== DONE ===
=== 2026年 07月 27日 星期一 16:45:50 CST ===
file_path: /home/xmm/ai/add-coder/.qoder/scripts/mcp-server/tools/context.ts
has_file_content: false
has_replacements: false
top_keys: cwd, extra, hook_event_name, request_set_id, session_id, tool_input, tool_name, tool_response, transcript_path
tool_input_keys: file_path, new_string, old_string
=== DONE ===
=== 2026年 07月 27日 星期一 16:46:26 CST ===
file_path: /home/xmm/ai/add-coder/.qoder/scripts/mcp-server/tools/context.ts
has_file_content: false
has_replacements: false
top_keys: cwd, extra, hook_event_name, request_set_id, session_id, tool_input, tool_name, transcript_path
tool_input_keys: file_path, new_string, old_string
=== DONE ===
=== 2026年 07月 27日 星期一 16:46:29 CST ===
file_path: /home/xmm/ai/add-coder/.qoder/scripts/mcp-server/tools/context.ts
has_file_content: false
has_replacements: false
top_keys: cwd, extra, hook_event_name, request_set_id, session_id, tool_input, tool_name, tool_response, transcript_path
tool_input_keys: file_path, new_string, old_string
=== DONE ===
=== 2026年 07月 27日 星期一 16:46:38 CST ===
file_path: EMPTY
has_file_content: false
has_replacements: false
top_keys: cwd, extra, hook_event_name, request_set_id, session_id, tool_input, tool_name, transcript_path
tool_input_keys: command, is_background, timeout
=== DONE ===
=== 2026年 07月 27日 星期一 16:48:18 CST ===
file_path: EMPTY
has_file_content: false
has_replacements: false
top_keys: cwd, extra, hook_event_name, request_set_id, session_id, tool_input, tool_name, transcript_path
tool_input_keys: command, is_background, timeout
=== DONE ===
=== 2026年 07月 27日 星期一 16:51:03 CST ===
file_path: /home/xmm/ai/add-coder/.qoder/scripts/mcp-server/tools/gateway.ts
has_file_content: false
has_replacements: false
top_keys: cwd, extra, hook_event_name, request_set_id, session_id, tool_input, tool_name, transcript_path
tool_input_keys: file_path, new_string, old_string
=== DONE ===
=== 2026年 07月 27日 星期一 16:51:05 CST ===
file_path: /home/xmm/ai/add-coder/.qoder/scripts/mcp-server/tools/gateway.ts
has_file_content: false
has_replacements: false
top_keys: cwd, extra, hook_event_name, request_set_id, session_id, tool_input, tool_name, tool_response, transcript_path
tool_input_keys: file_path, new_string, old_string
=== DONE ===
=== 2026年 07月 27日 星期一 16:51:43 CST ===
file_path: /home/xmm/ai/add-coder/.qoder/plans/2026-07/27/add-coder-dps-algorithm-redesign-add-route-v1.md
has_file_content: true
has_replacements: false
[file_content[500]]: # add-coder-dps-algorithm-redesign-add-route-v1

> **定位**：Plan → ADD Step 执行映射。简版——单文件纯算法替换，无审计打点、无新依赖。
>
> **绑定**：Plan: `add-coder-dps-algorithm-redesign-plan-v1.md` · Spec: `add-coder-dps-algorithm-redesign/spec.md` · Tasks: `add-coder-dps-algorithm-redesign/tasks.md`

---

## Step 0：文档先行

- [x] Specs 三元组就绪（spec/tasks/checklist）
- [x] 无需更新项目文档（纯内部算法替换，不影响外
top_keys: cwd, extra, hook_event_name, request_set_id, session_id, tool_input, tool_name, transcript_path
tool_input_keys: file_content, file_path
=== DONE ===
=== 2026年 07月 27日 星期一 16:51:47 CST ===
file_path: /home/xmm/ai/add-coder/.qoder/plans/2026-07/27/add-coder-dps-algorithm-redesign-add-route-v1.md
has_file_content: true
has_replacements: false
[file_content[500]]: # add-coder-dps-algorithm-redesign-add-route-v1

> **定位**：Plan → ADD Step 执行映射。简版——单文件纯算法替换，无审计打点、无新依赖。
>
> **绑定**：Plan: `add-coder-dps-algorithm-redesign-plan-v1.md` · Spec: `add-coder-dps-algorithm-redesign/spec.md` · Tasks: `add-coder-dps-algorithm-redesign/tasks.md`

---

## Step 0：文档先行

- [x] Specs 三元组就绪（spec/tasks/checklist）
- [x] 无需更新项目文档（纯内部算法替换，不影响外
top_keys: cwd, extra, hook_event_name, request_set_id, session_id, tool_input, tool_name, tool_response, transcript_path
tool_input_keys: file_content, file_path
=== DONE ===
=== 2026年 07月 27日 星期一 16:51:55 CST ===
file_path: EMPTY
has_file_content: false
has_replacements: false
top_keys: cwd, extra, hook_event_name, request_set_id, session_id, tool_input, tool_name, transcript_path
tool_input_keys: command, is_background, timeout
=== DONE ===
=== 2026年 07月 27日 星期一 16:56:00 CST ===
file_path: EMPTY
has_file_content: false
has_replacements: false
top_keys: cwd, extra, hook_event_name, request_set_id, session_id, tool_input, tool_name, transcript_path
tool_input_keys: command, is_background, timeout
=== DONE ===
=== 2026年 07月 27日 星期一 16:56:10 CST ===
file_path: EMPTY
has_file_content: false
has_replacements: false
top_keys: cwd, extra, hook_event_name, request_set_id, session_id, tool_input, tool_name, transcript_path
tool_input_keys: command, is_background, timeout
=== DONE ===
=== 2026年 07月 27日 星期一 16:58:56 CST ===
file_path: EMPTY
has_file_content: false
has_replacements: false
top_keys: cwd, extra, hook_event_name, request_set_id, session_id, tool_input, tool_name, transcript_path
tool_input_keys: command, is_background, timeout
=== DONE ===
=== 2026年 07月 27日 星期一 16:59:12 CST ===
file_path: /home/xmm/ai/add-coder/.qoder/scripts/mcp-server/tools/gateway.ts
has_file_content: false
has_replacements: false
top_keys: cwd, extra, hook_event_name, request_set_id, session_id, tool_input, tool_name, transcript_path
tool_input_keys: file_path, new_string, old_string
=== DONE ===
=== 2026年 07月 27日 星期一 16:59:16 CST ===
file_path: /home/xmm/ai/add-coder/.qoder/scripts/mcp-server/tools/gateway.ts
has_file_content: false
has_replacements: false
top_keys: cwd, extra, hook_event_name, request_set_id, session_id, tool_input, tool_name, tool_response, transcript_path
tool_input_keys: file_path, new_string, old_string
=== DONE ===
=== 2026年 07月 27日 星期一 16:59:24 CST ===
file_path: EMPTY
has_file_content: false
has_replacements: false
top_keys: cwd, extra, hook_event_name, request_set_id, session_id, tool_input, tool_name, transcript_path
tool_input_keys: command, is_background, timeout
=== DONE ===
=== 2026年 07月 27日 星期一 17:01:22 CST ===
file_path: /home/xmm/ai/add-coder/.qoder/scripts/mcp-server/tools/gateway.ts
has_file_content: false
has_replacements: false
top_keys: cwd, extra, hook_event_name, request_set_id, session_id, tool_input, tool_name, transcript_path
tool_input_keys: file_path, new_string, old_string
=== DONE ===
=== 2026年 07月 27日 星期一 17:01:25 CST ===
file_path: /home/xmm/ai/add-coder/.qoder/scripts/mcp-server/tools/gateway.ts
has_file_content: false
has_replacements: false
top_keys: cwd, extra, hook_event_name, request_set_id, session_id, tool_input, tool_name, tool_response, transcript_path
tool_input_keys: file_path, new_string, old_string
=== DONE ===
=== 2026年 07月 27日 星期一 17:10:06 CST ===
file_path: /home/xmm/ai/add-coder/.qoder/scripts/mcp-server/tools/gateway.ts
has_file_content: false
has_replacements: false
top_keys: cwd, extra, hook_event_name, request_set_id, session_id, tool_input, tool_name, transcript_path
tool_input_keys: file_path, new_string, old_string
=== DONE ===
=== 2026年 07月 27日 星期一 17:10:07 CST ===
file_path: /home/xmm/ai/add-coder/.qoder/scripts/mcp-server/tools/gateway.ts
has_file_content: false
has_replacements: false
top_keys: cwd, extra, hook_event_name, request_set_id, session_id, tool_input, tool_name, tool_response, transcript_path
tool_input_keys: file_path, new_string, old_string
=== DONE ===
=== 2026年 07月 27日 星期一 17:10:18 CST ===
file_path: /home/xmm/ai/add-coder/.qoder/scripts/mcp-server/tools/gateway.ts
has_file_content: false
has_replacements: false
top_keys: cwd, extra, hook_event_name, request_set_id, session_id, tool_input, tool_name, transcript_path
tool_input_keys: file_path, new_string, old_string
=== DONE ===
=== 2026年 07月 27日 星期一 17:10:20 CST ===
file_path: /home/xmm/ai/add-coder/.qoder/scripts/mcp-server/tools/gateway.ts
has_file_content: false
has_replacements: false
top_keys: cwd, extra, hook_event_name, request_set_id, session_id, tool_input, tool_name, tool_response, transcript_path
tool_input_keys: file_path, new_string, old_string
=== DONE ===
=== 2026年 07月 27日 星期一 17:13:25 CST ===
file_path: EMPTY
has_file_content: false
has_replacements: false
top_keys: cwd, extra, hook_event_name, request_set_id, session_id, tool_input, tool_name, transcript_path
tool_input_keys: command, is_background, timeout
=== DONE ===
=== 2026年 07月 27日 星期一 17:13:33 CST ===
file_path: EMPTY
has_file_content: false
has_replacements: false
top_keys: cwd, extra, hook_event_name, request_set_id, session_id, tool_input, tool_name, transcript_path
tool_input_keys: command, is_background, timeout
=== DONE ===
=== 2026年 07月 27日 星期一 17:13:45 CST ===
file_path: /home/xmm/ai/add-coder/.qoder/scripts/mcp-server/tools/gateway.ts
has_file_content: false
has_replacements: false
top_keys: cwd, extra, hook_event_name, request_set_id, session_id, tool_input, tool_name, transcript_path
tool_input_keys: file_path, new_string, old_string
=== DONE ===
=== 2026年 07月 27日 星期一 17:13:47 CST ===
file_path: /home/xmm/ai/add-coder/.qoder/scripts/mcp-server/tools/gateway.ts
has_file_content: false
has_replacements: false
top_keys: cwd, extra, hook_event_name, request_set_id, session_id, tool_input, tool_name, tool_response, transcript_path
tool_input_keys: file_path, new_string, old_string
=== DONE ===
=== 2026年 07月 27日 星期一 17:13:57 CST ===
file_path: /home/xmm/ai/add-coder/.qoder/scripts/mcp-server/tools/gateway.ts
has_file_content: false
has_replacements: false
top_keys: cwd, extra, hook_event_name, request_set_id, session_id, tool_input, tool_name, transcript_path
tool_input_keys: file_path, new_string, old_string
=== DONE ===
=== 2026年 07月 27日 星期一 17:13:59 CST ===
file_path: /home/xmm/ai/add-coder/.qoder/scripts/mcp-server/tools/gateway.ts
has_file_content: false
has_replacements: false
top_keys: cwd, extra, hook_event_name, request_set_id, session_id, tool_input, tool_name, tool_response, transcript_path
tool_input_keys: file_path, new_string, old_string
=== DONE ===
=== 2026年 07月 27日 星期一 17:14:09 CST ===
file_path: /home/xmm/ai/add-coder/.qoder/scripts/mcp-server/tools/gateway.ts
has_file_content: false
has_replacements: false
top_keys: cwd, extra, hook_event_name, request_set_id, session_id, tool_input, tool_name, transcript_path
tool_input_keys: file_path, new_string, old_string
=== DONE ===
=== 2026年 07月 27日 星期一 17:14:11 CST ===
file_path: /home/xmm/ai/add-coder/.qoder/scripts/mcp-server/tools/gateway.ts
has_file_content: false
has_replacements: false
top_keys: cwd, extra, hook_event_name, request_set_id, session_id, tool_input, tool_name, tool_response, transcript_path
tool_input_keys: file_path, new_string, old_string
=== DONE ===
=== 2026年 07月 27日 星期一 17:14:22 CST ===
file_path: /home/xmm/ai/add-coder/.qoder/scripts/mcp-server/tools/gateway.ts
has_file_content: false
has_replacements: false
top_keys: cwd, extra, hook_event_name, request_set_id, session_id, tool_input, tool_name, transcript_path
tool_input_keys: file_path, new_string, old_string
=== DONE ===
=== 2026年 07月 27日 星期一 17:14:24 CST ===
file_path: /home/xmm/ai/add-coder/.qoder/scripts/mcp-server/tools/gateway.ts
has_file_content: false
has_replacements: false
top_keys: cwd, extra, hook_event_name, request_set_id, session_id, tool_input, tool_name, tool_response, transcript_path
tool_input_keys: file_path, new_string, old_string
=== DONE ===
=== 2026年 07月 27日 星期一 17:17:52 CST ===
file_path: /home/xmm/ai/add-coder/.qoder/scripts/mcp-server/tools/gateway.ts
has_file_content: false
has_replacements: false
top_keys: cwd, extra, hook_event_name, request_set_id, session_id, tool_input, tool_name, transcript_path
tool_input_keys: file_path, new_string, old_string
=== DONE ===
=== 2026年 07月 27日 星期一 17:17:54 CST ===
file_path: /home/xmm/ai/add-coder/.qoder/scripts/mcp-server/tools/gateway.ts
has_file_content: false
has_replacements: false
top_keys: cwd, extra, hook_event_name, request_set_id, session_id, tool_input, tool_name, tool_response, transcript_path
tool_input_keys: file_path, new_string, old_string
=== DONE ===
=== 2026年 07月 27日 星期一 17:18:01 CST ===
file_path: /home/xmm/ai/add-coder/.qoder/scripts/mcp-server/tools/gateway.ts
has_file_content: false
has_replacements: false
top_keys: cwd, extra, hook_event_name, request_set_id, session_id, tool_input, tool_name, transcript_path
tool_input_keys: file_path, new_string, old_string, replace_all
=== DONE ===
=== 2026年 07月 27日 星期一 17:18:02 CST ===
file_path: /home/xmm/ai/add-coder/.qoder/scripts/mcp-server/tools/gateway.ts
has_file_content: false
has_replacements: false
top_keys: cwd, extra, hook_event_name, request_set_id, session_id, tool_input, tool_name, tool_response, transcript_path
tool_input_keys: file_path, new_string, old_string, replace_all
=== DONE ===
=== 2026年 07月 27日 星期一 17:19:45 CST ===
file_path: /home/xmm/ai/add-coder/.qoder/scripts/mcp-server/tools/gateway.ts
has_file_content: false
has_replacements: false
top_keys: cwd, extra, hook_event_name, request_set_id, session_id, tool_input, tool_name, transcript_path
tool_input_keys: file_path, new_string, old_string
=== DONE ===
=== 2026年 07月 27日 星期一 17:19:47 CST ===
file_path: /home/xmm/ai/add-coder/.qoder/scripts/mcp-server/tools/gateway.ts
has_file_content: false
has_replacements: false
top_keys: cwd, extra, hook_event_name, request_set_id, session_id, tool_input, tool_name, tool_response, transcript_path
tool_input_keys: file_path, new_string, old_string
=== DONE ===
=== 2026年 07月 27日 星期一 17:24:29 CST ===
file_path: EMPTY
has_file_content: false
has_replacements: false
top_keys: cwd, extra, hook_event_name, request_set_id, session_id, tool_input, tool_name, transcript_path
tool_input_keys: command, is_background, timeout
=== DONE ===
=== 2026年 07月 27日 星期一 17:24:44 CST ===
file_path: EMPTY
has_file_content: false
has_replacements: false
top_keys: cwd, extra, hook_event_name, request_set_id, session_id, tool_input, tool_name, transcript_path
tool_input_keys: command, is_background, timeout
=== DONE ===
=== 2026年 07月 27日 星期一 17:29:07 CST ===
file_path: /home/xmm/ai/add-coder/templates/core/scripts/mcp-server/tools/gateway.ts
has_file_content: true
has_replacements: false
[file_content[500]]: import * as z from "zod/v4"
import type { McpServer } from "@modelcontextprotocol/server"
import { existsSync } from "fs"
import { join, basename } from "path"
import { textResponse, errorResponse } from "../shared/response.js"
import { readFileSafe, readdirRecursive, PROJECT_ROOT, MAGIC_DIR } from "../shared/fs.js"
import { prisma } from "../shared/prisma.js"
import { cosineSimilarity } from "vector-cosine-similarity"

export function registerGatewayTools(server: McpServer) {

  // ===== check_
top_keys: cwd, extra, hook_event_name, request_set_id, session_id, tool_input, tool_name, transcript_path
tool_input_keys: file_content, file_path
=== DONE ===
=== 2026年 07月 27日 星期一 17:29:09 CST ===
file_path: /home/xmm/ai/add-coder/templates/core/scripts/mcp-server/tools/gateway.ts
has_file_content: true
has_replacements: false
[file_content[500]]: import * as z from "zod/v4"
import type { McpServer } from "@modelcontextprotocol/server"
import { existsSync } from "fs"
import { join, basename } from "path"
import { textResponse, errorResponse } from "../shared/response.js"
import { readFileSafe, readdirRecursive, PROJECT_ROOT, MAGIC_DIR } from "../shared/fs.js"
import { prisma } from "../shared/prisma.js"
import { cosineSimilarity } from "vector-cosine-similarity"

export function registerGatewayTools(server: McpServer) {

  // ===== check_
top_keys: cwd, extra, hook_event_name, request_set_id, session_id, tool_input, tool_name, tool_response, transcript_path
tool_input_keys: file_content, file_path
=== DONE ===
=== 2026年 07月 27日 星期一 17:30:14 CST ===
file_path: /home/xmm/ai/add-coder/templates/core/scripts/mcp-server/tools/gateway.ts
has_file_content: true
has_replacements: false
[file_content[500]]: 
  // ===== check_spec_sync =====
  server.registerTool("check_spec_sync", {
    description: "ADD 重型模式文档-代码交叉校验工具。扫描 Plan → tasks.md → checklist.md → git diff → ADD-7 审计记录，报告四者之间的不一致。",
    inputSchema: z.object({ planKeyword: z.string().describe("Plan 文件的关键词") }),
  }, async (args: Record<string, unknown>, _ctx: unknown) => {
    try {
      const plansDir=join(PROJECT_ROOT,MAGIC_DIR,"plans"), specsDir=join(P
top_keys: cwd, extra, hook_event_name, request_set_id, session_id, tool_input, tool_name, transcript_path
tool_input_keys: append, continuation_context, file_content, file_path
=== DONE ===
=== 2026年 07月 27日 星期一 17:30:16 CST ===
file_path: /home/xmm/ai/add-coder/templates/core/scripts/mcp-server/tools/gateway.ts
has_file_content: true
has_replacements: false
[file_content[500]]: 
  // ===== check_spec_sync =====
  server.registerTool("check_spec_sync", {
    description: "ADD 重型模式文档-代码交叉校验工具。扫描 Plan → tasks.md → checklist.md → git diff → ADD-7 审计记录，报告四者之间的不一致。",
    inputSchema: z.object({ planKeyword: z.string().describe("Plan 文件的关键词") }),
  }, async (args: Record<string, unknown>, _ctx: unknown) => {
    try {
      const plansDir=join(PROJECT_ROOT,MAGIC_DIR,"plans"), specsDir=join(P
top_keys: cwd, extra, hook_event_name, request_set_id, session_id, tool_input, tool_name, tool_response, transcript_path
tool_input_keys: append, continuation_context, file_content, file_path
=== DONE ===
=== 2026年 07月 27日 星期一 17:30:25 CST ===
file_path: EMPTY
has_file_content: false
has_replacements: false
top_keys: cwd, extra, hook_event_name, request_set_id, session_id, tool_input, tool_name, transcript_path
tool_input_keys: command, is_background, timeout
=== DONE ===
=== 2026年 07月 27日 星期一 17:30:41 CST ===
file_path: EMPTY
has_file_content: false
has_replacements: false
top_keys: cwd, extra, hook_event_name, request_set_id, session_id, tool_input, tool_name, transcript_path
tool_input_keys: command, is_background, timeout
=== DONE ===
=== 2026年 07月 27日 星期一 17:31:42 CST ===
file_path: EMPTY
has_file_content: false
has_replacements: false
top_keys: cwd, extra, hook_event_name, request_set_id, session_id, tool_input, tool_name, transcript_path
tool_input_keys: command, is_background, timeout
=== DONE ===
=== 2026年 07月 27日 星期一 17:31:50 CST ===
file_path: EMPTY
has_file_content: false
has_replacements: false
top_keys: cwd, extra, hook_event_name, request_set_id, session_id, tool_input, tool_name, transcript_path
tool_input_keys: command, is_background, timeout
=== DONE ===
=== 2026年 07月 27日 星期一 17:31:58 CST ===
file_path: EMPTY
has_file_content: false
has_replacements: false
top_keys: cwd, extra, hook_event_name, request_set_id, session_id, tool_input, tool_name, transcript_path
tool_input_keys: command, is_background, timeout
=== DONE ===
=== 2026年 07月 27日 星期一 17:33:04 CST ===
file_path: /home/xmm/ai/add-coder/.qoder/plans/2026-07/27/add-coder-dps-algorithm-redesign-plan-v1.md
has_file_content: false
has_replacements: false
top_keys: cwd, extra, hook_event_name, request_set_id, session_id, tool_input, tool_name, transcript_path
tool_input_keys: file_path, new_string, old_string
=== DONE ===
=== 2026年 07月 27日 星期一 17:33:07 CST ===
file_path: /home/xmm/ai/add-coder/.qoder/plans/2026-07/27/add-coder-dps-algorithm-redesign-plan-v1.md
has_file_content: false
has_replacements: false
top_keys: cwd, extra, hook_event_name, request_set_id, session_id, tool_input, tool_name, tool_response, transcript_path
tool_input_keys: file_path, new_string, old_string
=== DONE ===
=== 2026年 07月 27日 星期一 17:33:18 CST ===
file_path: /home/xmm/ai/add-coder/.qoder/plans/2026-07/27/add-coder-dps-algorithm-redesign-plan-v1.md
has_file_content: false
has_replacements: false
top_keys: cwd, extra, hook_event_name, request_set_id, session_id, tool_input, tool_name, transcript_path
tool_input_keys: file_path, new_string, old_string
=== DONE ===
=== 2026年 07月 27日 星期一 17:33:21 CST ===
file_path: /home/xmm/ai/add-coder/.qoder/plans/2026-07/27/add-coder-dps-algorithm-redesign-plan-v1.md
has_file_content: false
has_replacements: false
top_keys: cwd, extra, hook_event_name, request_set_id, session_id, tool_input, tool_name, tool_response, transcript_path
tool_input_keys: file_path, new_string, old_string
=== DONE ===
=== 2026年 07月 27日 星期一 17:33:30 CST ===
file_path: EMPTY
has_file_content: false
has_replacements: false
top_keys: cwd, extra, hook_event_name, request_set_id, session_id, tool_input, tool_name, transcript_path
tool_input_keys: command, is_background, timeout
=== DONE ===
=== 2026年 07月 27日 星期一 17:34:16 CST ===
file_path: EMPTY
has_file_content: false
has_replacements: false
top_keys: cwd, extra, hook_event_name, request_set_id, session_id, tool_input, tool_name, transcript_path
tool_input_keys: command, is_background, timeout
=== DONE ===
=== 2026年 07月 27日 星期一 17:34:32 CST ===
file_path: EMPTY
has_file_content: false
has_replacements: false
top_keys: cwd, extra, hook_event_name, request_set_id, session_id, tool_input, tool_name, transcript_path
tool_input_keys: command, is_background, timeout
=== DONE ===
=== 2026年 07月 27日 星期一 17:34:40 CST ===
file_path: EMPTY
has_file_content: false
has_replacements: false
top_keys: cwd, extra, hook_event_name, request_set_id, session_id, tool_input, tool_name, transcript_path
tool_input_keys: command, is_background, timeout
=== DONE ===
=== 2026年 07月 27日 星期一 17:34:47 CST ===
file_path: EMPTY
has_file_content: false
has_replacements: false
top_keys: cwd, extra, hook_event_name, request_set_id, session_id, tool_input, tool_name, transcript_path
tool_input_keys: command, is_background, timeout
=== DONE ===
=== 2026年 07月 27日 星期一 17:34:58 CST ===
file_path: EMPTY
has_file_content: false
has_replacements: false
top_keys: cwd, extra, hook_event_name, request_set_id, session_id, tool_input, tool_name, transcript_path
tool_input_keys: command, is_background, timeout
=== DONE ===
=== 2026年 07月 27日 星期一 17:36:36 CST ===
file_path: EMPTY
has_file_content: false
has_replacements: false
top_keys: cwd, extra, hook_event_name, request_set_id, session_id, tool_input, tool_name, transcript_path
tool_input_keys: command, is_background, timeout
=== DONE ===
=== 2026年 07月 27日 星期一 17:38:12 CST ===
file_path: /home/xmm/ai/add-coder/.qoder/scripts/mcp-server/tools/gateway.ts
has_file_content: false
has_replacements: false
top_keys: cwd, extra, hook_event_name, request_set_id, session_id, tool_input, tool_name, transcript_path
tool_input_keys: file_path, new_string, old_string
=== DONE ===
=== 2026年 07月 27日 星期一 17:38:14 CST ===
file_path: /home/xmm/ai/add-coder/.qoder/scripts/mcp-server/tools/gateway.ts
has_file_content: false
has_replacements: false
top_keys: cwd, extra, hook_event_name, request_set_id, session_id, tool_input, tool_name, tool_response, transcript_path
tool_input_keys: file_path, new_string, old_string
=== DONE ===
=== 2026年 07月 27日 星期一 17:38:24 CST ===
file_path: EMPTY
has_file_content: false
has_replacements: false
top_keys: cwd, extra, hook_event_name, request_set_id, session_id, tool_input, tool_name, transcript_path
tool_input_keys: command, is_background, timeout
=== DONE ===
=== 2026年 07月 27日 星期一 17:38:43 CST ===
file_path: /home/xmm/ai/add-coder/.qoder/scripts/mcp-server/tools/gateway.ts
has_file_content: false
has_replacements: false
top_keys: cwd, extra, hook_event_name, request_set_id, session_id, tool_input, tool_name, transcript_path
tool_input_keys: file_path, new_string, old_string
=== DONE ===
=== 2026年 07月 27日 星期一 17:38:45 CST ===
file_path: /home/xmm/ai/add-coder/.qoder/scripts/mcp-server/tools/gateway.ts
has_file_content: false
has_replacements: false
top_keys: cwd, extra, hook_event_name, request_set_id, session_id, tool_input, tool_name, tool_response, transcript_path
tool_input_keys: file_path, new_string, old_string
=== DONE ===
=== 2026年 07月 27日 星期一 17:38:54 CST ===
file_path: /home/xmm/ai/add-coder/.qoder/scripts/mcp-server/tools/gateway.ts
has_file_content: false
has_replacements: false
top_keys: cwd, extra, hook_event_name, request_set_id, session_id, tool_input, tool_name, transcript_path
tool_input_keys: file_path, new_string, old_string
=== DONE ===
=== 2026年 07月 27日 星期一 17:38:55 CST ===
file_path: /home/xmm/ai/add-coder/.qoder/scripts/mcp-server/tools/gateway.ts
has_file_content: false
has_replacements: false
top_keys: cwd, extra, hook_event_name, request_set_id, session_id, tool_input, tool_name, tool_response, transcript_path
tool_input_keys: file_path, new_string, old_string
=== DONE ===
=== 2026年 07月 27日 星期一 17:39:04 CST ===
file_path: /home/xmm/ai/add-coder/.qoder/scripts/mcp-server/tools/gateway.ts
has_file_content: false
has_replacements: false
top_keys: cwd, extra, hook_event_name, request_set_id, session_id, tool_input, tool_name, transcript_path
tool_input_keys: file_path, new_string, old_string
=== DONE ===
=== 2026年 07月 27日 星期一 17:39:06 CST ===
file_path: /home/xmm/ai/add-coder/.qoder/scripts/mcp-server/tools/gateway.ts
has_file_content: false
has_replacements: false
top_keys: cwd, extra, hook_event_name, request_set_id, session_id, tool_input, tool_name, tool_response, transcript_path
tool_input_keys: file_path, new_string, old_string
=== DONE ===
=== 2026年 07月 27日 星期一 17:39:15 CST ===
file_path: /home/xmm/ai/add-coder/.qoder/scripts/mcp-server/tools/gateway.ts
has_file_content: false
has_replacements: false
top_keys: cwd, extra, hook_event_name, request_set_id, session_id, tool_input, tool_name, transcript_path
tool_input_keys: file_path, new_string, old_string
=== DONE ===
=== 2026年 07月 27日 星期一 17:39:16 CST ===
file_path: /home/xmm/ai/add-coder/.qoder/scripts/mcp-server/tools/gateway.ts
has_file_content: false
has_replacements: false
top_keys: cwd, extra, hook_event_name, request_set_id, session_id, tool_input, tool_name, tool_response, transcript_path
tool_input_keys: file_path, new_string, old_string
=== DONE ===
=== 2026年 07月 27日 星期一 17:39:24 CST ===
file_path: EMPTY
has_file_content: false
has_replacements: false
top_keys: cwd, extra, hook_event_name, request_set_id, session_id, tool_input, tool_name, transcript_path
tool_input_keys: command, is_background, timeout
=== DONE ===
=== 2026年 07月 27日 星期一 17:39:36 CST ===
file_path: EMPTY
has_file_content: false
has_replacements: false
top_keys: cwd, extra, hook_event_name, request_set_id, session_id, tool_input, tool_name, transcript_path
tool_input_keys: command, is_background, timeout
=== DONE ===
=== 2026年 07月 27日 星期一 17:40:09 CST ===
file_path: EMPTY
has_file_content: false
has_replacements: false
top_keys: cwd, extra, hook_event_name, request_set_id, session_id, tool_input, tool_name, transcript_path
tool_input_keys: command, is_background, timeout
=== DONE ===
=== 2026年 07月 27日 星期一 17:46:02 CST ===
file_path: EMPTY
has_file_content: false
has_replacements: false
top_keys: cwd, extra, hook_event_name, request_set_id, session_id, tool_input, tool_name, transcript_path
tool_input_keys: command, is_background, timeout
=== DONE ===
=== 2026年 07月 27日 星期一 17:46:14 CST ===
file_path: EMPTY
has_file_content: false
has_replacements: false
top_keys: cwd, extra, hook_event_name, request_set_id, session_id, tool_input, tool_name, transcript_path
tool_input_keys: command, is_background, timeout
=== DONE ===
=== 2026年 07月 27日 星期一 17:46:26 CST ===
file_path: EMPTY
has_file_content: false
has_replacements: false
top_keys: cwd, extra, hook_event_name, request_set_id, session_id, tool_input, tool_name, transcript_path
tool_input_keys: command, is_background, timeout
=== DONE ===
=== 2026年 07月 27日 星期一 17:46:35 CST ===
file_path: EMPTY
has_file_content: false
has_replacements: false
top_keys: cwd, extra, hook_event_name, request_set_id, session_id, tool_input, tool_name, transcript_path
tool_input_keys: command, is_background, timeout
=== DONE ===
=== 2026年 07月 29日 星期三 18:09:38 CST ===
file_path: /home/xmm/ai/add-coder/.qoder/plans/2026-07/29/add-coder-plugin-architecture-plan-v1.md
has_file_content: false
has_replacements: true
[replacement_new_text[500]]: ### 3.6 部署形态决策：增量路径 vs 独立项目

**结论：在现有 add-coder 仓库内增量新增 `src/mcp/` 路径。**

| 候选 | 形态 | 结论 |
|------|------|------|
| A: 现仓库增量新增 `src/mcp/` | 同一 npm 包新增 exports `"./mcp"`，tsup 构建产出 `dist/mcp/` | ✅ 选用（零运维成本、版本绑定天然一致） |
| B: 独立 `@add-coder/mcp` 子包 | monorepo workspace 新建 `packages/mcp/` 独立发布 | ❌ 版本号对齐额外负担、pnpm link
top_keys: cwd, extra, hook_event_name, request_set_id, session_id, tool_input, tool_name, transcript_path
tool_input_keys: file_path, replacements
=== DONE ===
=== 2026年 07月 29日 星期三 18:09:43 CST ===
file_path: EMPTY
has_file_content: false
has_replacements: false
top_keys: cwd, extra, hook_event_name, request_set_id, session_id, tool_input, tool_name, transcript_path
tool_input_keys: command, is_background
=== DONE ===
=== 2026年 07月 29日 星期三 18:09:46 CST ===
file_path: EMPTY
has_file_content: false
has_replacements: false
top_keys: cwd, extra, hook_event_name, request_set_id, session_id, tool_input, tool_name, transcript_path
tool_input_keys: command, is_background
=== DONE ===
=== 2026年 07月 29日 星期三 18:10:07 CST ===
file_path: EMPTY
has_file_content: false
has_replacements: false
top_keys: cwd, extra, hook_event_name, request_set_id, session_id, tool_input, tool_name, transcript_path
tool_input_keys: command, is_background
=== DONE ===
=== 2026年 07月 29日 星期三 18:10:33 CST ===
file_path: /home/xmm/ai/add-coder/.qoder/plans/2026-07/29/add-coder-plugin-architecture-plan-v1.md
has_file_content: false
has_replacements: true
[replacement_new_text[500]]: ### 3.6 部署形态决策：增量路径 vs 独立项目

**结论：在现有 add-coder 仓库内增量新增 `src/mcp/` 路径。**

| 候选 | 形态 | 结论 |
|------|------|------|
| A: 现仓库增量新增 `src/mcp/` | 同一 npm 包新增 exports `"./mcp"`，tsup 构建产出 `dist/mcp/` | ✅ 选用（零运维成本、版本绑定天然一致） |
| B: 独立 `@add-coder/mcp` 子包 | monorepo workspace 新建 `packages/mcp/` 独立发布 | ❌ 版本号对齐额外负担、pnpm link
top_keys: cwd, extra, hook_event_name, request_set_id, session_id, tool_input, tool_name, transcript_path
tool_input_keys: file_path, replacements
=== DONE ===
=== 2026年 07月 29日 星期三 18:10:37 CST ===
file_path: /home/xmm/ai/add-coder/.qoder/plans/2026-07/29/add-coder-plugin-architecture-plan-v1.md
has_file_content: false
has_replacements: true
[replacement_new_text[500]]: ### 3.6 部署形态决策：增量路径 vs 独立项目

**结论：在现有 add-coder 仓库内增量新增 `src/mcp/` 路径。**

| 候选 | 形态 | 结论 |
|------|------|------|
| A: 现仓库增量新增 `src/mcp/` | 同一 npm 包新增 exports `"./mcp"`，tsup 构建产出 `dist/mcp/` | ✅ 选用（零运维成本、版本绑定天然一致） |
| B: 独立 `@add-coder/mcp` 子包 | monorepo workspace 新建 `packages/mcp/` 独立发布 | ❌ 版本号对齐额外负担、pnpm link
top_keys: cwd, extra, hook_event_name, request_set_id, session_id, tool_input, tool_name, tool_response, transcript_path
tool_input_keys: file_path, replacements
=== DONE ===
=== 2026年 07月 29日 星期三 18:17:30 CST ===
file_path: /home/xmm/ai/add-coder/.qoder/plans/2026-07/29/add-coder-plugin-architecture-plan-v1.md
has_file_content: false
has_replacements: true
[replacement_new_text[500]]: ### 3.6 部署形态决策：Monorepo 双包 vs 单包 subpath export

#### 3.6.0 前置澄清：add-coder 不是 VS Code Extension

add-coder 不产出 `.vsix` 插件，不调用 VS Code Extension API，不走插件市场。它的运行方式：

```
IDE 启动 → 读 mcp.json → 执行 tsx mcp-server.ts → 新开子进程
                                      ↓
                         IDE ← JSON-RPC over stdin/stdout → 子进程
```

这是一个 **stdio 子进程**，不是 IDE 扩�
top_keys: cwd, extra, hook_event_name, request_set_id, session_id, tool_input, tool_name, transcript_path
tool_input_keys: file_path, replacements
=== DONE ===
=== 2026年 07月 29日 星期三 18:17:33 CST ===
file_path: /home/xmm/ai/add-coder/.qoder/plans/2026-07/29/add-coder-plugin-architecture-plan-v1.md
has_file_content: false
has_replacements: true
[replacement_new_text[500]]: ### 3.6 部署形态决策：Monorepo 双包 vs 单包 subpath export

#### 3.6.0 前置澄清：add-coder 不是 VS Code Extension

add-coder 不产出 `.vsix` 插件，不调用 VS Code Extension API，不走插件市场。它的运行方式：

```
IDE 启动 → 读 mcp.json → 执行 tsx mcp-server.ts → 新开子进程
                                      ↓
                         IDE ← JSON-RPC over stdin/stdout → 子进程
```

这是一个 **stdio 子进程**，不是 IDE 扩�
top_keys: cwd, extra, hook_event_name, request_set_id, session_id, tool_input, tool_name, tool_response, transcript_path
tool_input_keys: file_path, replacements
=== DONE ===
=== 2026年 07月 29日 星期三 18:17:59 CST ===
file_path: /home/xmm/ai/add-coder/.qoder/plans/2026-07/29/add-coder-plugin-architecture-plan-v1.md
has_file_content: false
has_replacements: true
[replacement_new_text[500]]: | packages/add-coder-mcp/src/index.ts | COMPONENT | COMPONENT_CREATED | 不存在 | createAddMcpServer(config) 工厂入口 | 待实施 |
| packages/add-coder-mcp/src/config.ts | COMPONENT | COMPONENT_CREATED | 不存在 | AddMcpConfig 显式配置契约 | 待实施 |
| packages/add-coder-mcp/src/shared/prisma.ts | COMPONENT | MODIFY | 六路径隐式探测宿主 Prisma Client | 显式 config.prismaClient 注入 + fail-fast | 待实施 |
top_keys: cwd, extra, hook_event_name, request_set_id, session_id, tool_input, tool_name, transcript_path
tool_input_keys: file_path, replacements
=== DONE ===
=== 2026年 07月 29日 星期三 18:18:03 CST ===
file_path: /home/xmm/ai/add-coder/.qoder/plans/2026-07/29/add-coder-plugin-architecture-plan-v1.md
has_file_content: false
has_replacements: true
[replacement_new_text[500]]: | packages/add-coder-mcp/src/index.ts | COMPONENT | COMPONENT_CREATED | 不存在 | createAddMcpServer(config) 工厂入口 | 待实施 |
| packages/add-coder-mcp/src/config.ts | COMPONENT | COMPONENT_CREATED | 不存在 | AddMcpConfig 显式配置契约 | 待实施 |
| packages/add-coder-mcp/src/shared/prisma.ts | COMPONENT | MODIFY | 六路径隐式探测宿主 Prisma Client | 显式 config.prismaClient 注入 + fail-fast | 待实施 |
top_keys: cwd, extra, hook_event_name, request_set_id, session_id, tool_input, tool_name, tool_response, transcript_path
tool_input_keys: file_path, replacements
=== DONE ===
=== 2026年 07月 29日 星期三 18:18:19 CST ===
file_path: /home/xmm/ai/add-coder/.qoder/plans/2026-07/29/add-coder-plugin-architecture-plan-v1.md
has_file_content: false
has_replacements: true
[replacement_new_text[500]]: {magicDir}/scripts/mcp-server.ts        ← 薄入口壳（唯一下游文件）
  │ import { createAddMcpServer } from "@add-coder/mcp-server"
  │ 显式注入 { projectRoot, magicDir, prismaClient }
  │   └─ 壳内静态 import 宿主 src/generated/prisma/client.js
  │      路径错误 = tsx 编译期报错（fail-fast，替代六路径静默探测）
  ▼
node_modules/@add-coder/mcp-server/dist/index.js   ← 全部业务逻辑
top_keys: cwd, extra, hook_event_name, request_set_id, session_id, tool_input, tool_name, transcript_path
tool_input_keys: file_path, replacements
=== DONE ===
=== 2026年 07月 29日 星期三 18:18:23 CST ===
file_path: /home/xmm/ai/add-coder/.qoder/plans/2026-07/29/add-coder-plugin-architecture-plan-v1.md
has_file_content: false
has_replacements: true
[replacement_new_text[500]]: {magicDir}/scripts/mcp-server.ts        ← 薄入口壳（唯一下游文件）
  │ import { createAddMcpServer } from "@add-coder/mcp-server"
  │ 显式注入 { projectRoot, magicDir, prismaClient }
  │   └─ 壳内静态 import 宿主 src/generated/prisma/client.js
  │      路径错误 = tsx 编译期报错（fail-fast，替代六路径静默探测）
  ▼
node_modules/@add-coder/mcp-server/dist/index.js   ← 全部业务逻辑
top_keys: cwd, extra, hook_event_name, request_set_id, session_id, tool_input, tool_name, tool_response, transcript_path
tool_input_keys: file_path, replacements
=== DONE ===
=== 2026年 07月 29日 星期三 18:18:33 CST ===
file_path: /home/xmm/ai/add-coder/.qoder/plans/2026-07/29/add-coder-plugin-architecture-plan-v1.md
has_file_content: false
has_replacements: true
[replacement_new_text[500]]: mcp-server.ts（薄入口壳）→ @add-coder/mcp-server（包内逻辑）
top_keys: cwd, extra, hook_event_name, request_set_id, session_id, tool_input, tool_name, transcript_path
tool_input_keys: file_path, replacements
=== DONE ===
=== 2026年 07月 29日 星期三 18:18:37 CST ===
file_path: /home/xmm/ai/add-coder/.qoder/plans/2026-07/29/add-coder-plugin-architecture-plan-v1.md
has_file_content: false
has_replacements: true
[replacement_new_text[500]]: mcp-server.ts（薄入口壳）→ @add-coder/mcp-server（包内逻辑）
top_keys: cwd, extra, hook_event_name, request_set_id, session_id, tool_input, tool_name, tool_response, transcript_path
tool_input_keys: file_path, replacements
=== DONE ===
=== 2026年 07月 29日 星期三 18:18:58 CST ===
file_path: /home/xmm/ai/add-coder/.qoder/plans/2026-07/29/add-coder-plugin-architecture-plan-v1.md
has_file_content: false
has_replacements: true
[replacement_new_text[500]]: null
top_keys: cwd, extra, hook_event_name, request_set_id, session_id, tool_input, tool_name, transcript_path
tool_input_keys: file_path, replacements
=== DONE ===
=== 2026年 07月 29日 星期三 18:19:01 CST ===
file_path: /home/xmm/ai/add-coder/.qoder/plans/2026-07/29/add-coder-plugin-architecture-plan-v1.md
has_file_content: false
has_replacements: true
[replacement_new_text[500]]: null
top_keys: cwd, extra, hook_event_name, request_set_id, session_id, tool_input, tool_name, tool_response, transcript_path
tool_input_keys: file_path, replacements
=== DONE ===
=== 2026年 07月 29日 星期三 18:19:11 CST ===
file_path: /home/xmm/ai/add-coder/.qoder/plans/2026-07/29/add-coder-plugin-architecture-plan-v1.md
has_file_content: false
has_replacements: true
[replacement_new_text[500]]: null
top_keys: cwd, extra, hook_event_name, request_set_id, session_id, tool_input, tool_name, transcript_path
tool_input_keys: file_path, replacements
=== DONE ===
=== 2026年 07月 29日 星期三 18:19:14 CST ===
file_path: /home/xmm/ai/add-coder/.qoder/plans/2026-07/29/add-coder-plugin-architecture-plan-v1.md
has_file_content: false
has_replacements: true
[replacement_new_text[500]]: null
top_keys: cwd, extra, hook_event_name, request_set_id, session_id, tool_input, tool_name, tool_response, transcript_path
tool_input_keys: file_path, replacements
=== DONE ===
=== 2026年 07月 29日 星期三 18:19:22 CST ===
file_path: /home/xmm/ai/add-coder/.qoder/plans/2026-07/29/add-coder-plugin-architecture-plan-v1.md
has_file_content: false
has_replacements: true
[replacement_new_text[500]]: null
top_keys: cwd, extra, hook_event_name, request_set_id, session_id, tool_input, tool_name, transcript_path
tool_input_keys: file_path, replacements
=== DONE ===
=== 2026年 07月 29日 星期三 18:19:26 CST ===
file_path: /home/xmm/ai/add-coder/.qoder/plans/2026-07/29/add-coder-plugin-architecture-plan-v1.md
has_file_content: false
has_replacements: true
[replacement_new_text[500]]: null
top_keys: cwd, extra, hook_event_name, request_set_id, session_id, tool_input, tool_name, tool_response, transcript_path
tool_input_keys: file_path, replacements
=== DONE ===
=== 2026年 07月 30日 星期四 08:40:07 CST ===
file_path: /home/xmm/ai/add-coder/.qoder/plans/2026-07/29/add-coder-plugin-architecture-plan-v1.md
has_file_content: false
has_replacements: true
[replacement_new_text[500]]: null
top_keys: cwd, extra, hook_event_name, request_set_id, session_id, tool_input, tool_name, transcript_path
tool_input_keys: file_path, replacements
=== DONE ===
=== 2026年 07月 30日 星期四 08:40:09 CST ===
file_path: /home/xmm/ai/add-coder/.qoder/plans/2026-07/29/add-coder-plugin-architecture-plan-v1.md
has_file_content: false
has_replacements: true
[replacement_new_text[500]]: null
top_keys: cwd, extra, hook_event_name, request_set_id, session_id, tool_input, tool_name, tool_response, transcript_path
tool_input_keys: file_path, replacements
=== DONE ===
=== 2026年 07月 30日 星期四 08:40:20 CST ===
file_path: /home/xmm/ai/add-coder/.qoder/plans/2026-07/29/add-coder-plugin-architecture-plan-v1.md
has_file_content: false
has_replacements: true
[replacement_new_text[500]]: null
top_keys: cwd, extra, hook_event_name, request_set_id, session_id, tool_input, tool_name, transcript_path
tool_input_keys: file_path, replacements
=== DONE ===
=== 2026年 07月 30日 星期四 08:40:22 CST ===
file_path: /home/xmm/ai/add-coder/.qoder/plans/2026-07/29/add-coder-plugin-architecture-plan-v1.md
has_file_content: false
has_replacements: true
[replacement_new_text[500]]: null
top_keys: cwd, extra, hook_event_name, request_set_id, session_id, tool_input, tool_name, tool_response, transcript_path
tool_input_keys: file_path, replacements
=== DONE ===
=== 2026年 07月 30日 星期四 08:40:32 CST ===
file_path: /home/xmm/ai/add-coder/.qoder/plans/2026-07/29/add-coder-plugin-architecture-plan-v1.md
has_file_content: false
has_replacements: true
[replacement_new_text[500]]: null
top_keys: cwd, extra, hook_event_name, request_set_id, session_id, tool_input, tool_name, transcript_path
tool_input_keys: file_path, replacements
=== DONE ===
=== 2026年 07月 30日 星期四 08:40:33 CST ===
file_path: /home/xmm/ai/add-coder/.qoder/plans/2026-07/29/add-coder-plugin-architecture-plan-v1.md
has_file_content: false
has_replacements: true
[replacement_new_text[500]]: null
top_keys: cwd, extra, hook_event_name, request_set_id, session_id, tool_input, tool_name, tool_response, transcript_path
tool_input_keys: file_path, replacements
=== DONE ===
=== 2026年 07月 30日 星期四 08:40:49 CST ===
file_path: /home/xmm/ai/add-coder/.qoder/plans/2026-07/29/add-coder-plugin-architecture-plan-v1.md
has_file_content: false
has_replacements: true
[replacement_new_text[500]]: null
top_keys: cwd, extra, hook_event_name, request_set_id, session_id, tool_input, tool_name, transcript_path
tool_input_keys: file_path, replacements
=== DONE ===
=== 2026年 07月 30日 星期四 08:40:53 CST ===
file_path: /home/xmm/ai/add-coder/.qoder/plans/2026-07/29/add-coder-plugin-architecture-plan-v1.md
has_file_content: false
has_replacements: true
[replacement_new_text[500]]: null
top_keys: cwd, extra, hook_event_name, request_set_id, session_id, tool_input, tool_name, tool_response, transcript_path
tool_input_keys: file_path, replacements
=== DONE ===
=== 2026年 07月 30日 星期四 08:59:43 CST ===
file_path: /home/xmm/ai/add-coder/.qoder/plans/2026-07/29/add-coder-plugin-architecture-plan-v1.md
has_file_content: false
has_replacements: true
[replacement_new_text[500]]: null
top_keys: cwd, extra, hook_event_name, request_set_id, session_id, tool_input, tool_name, transcript_path
tool_input_keys: file_path, replacements
=== DONE ===
=== 2026年 07月 30日 星期四 08:59:47 CST ===
file_path: /home/xmm/ai/add-coder/.qoder/plans/2026-07/29/add-coder-plugin-architecture-plan-v1.md
has_file_content: false
has_replacements: true
[replacement_new_text[500]]: null
top_keys: cwd, extra, hook_event_name, request_set_id, session_id, tool_input, tool_name, tool_response, transcript_path
tool_input_keys: file_path, replacements
=== DONE ===
=== 2026年 07月 30日 星期四 09:00:02 CST ===
file_path: /home/xmm/ai/add-coder/.qoder/plans/2026-07/29/add-coder-plugin-architecture-plan-v1.md
has_file_content: false
has_replacements: true
[replacement_new_text[500]]: null
top_keys: cwd, extra, hook_event_name, request_set_id, session_id, tool_input, tool_name, transcript_path
tool_input_keys: file_path, replacements
=== DONE ===
=== 2026年 07月 30日 星期四 09:00:04 CST ===
file_path: /home/xmm/ai/add-coder/.qoder/plans/2026-07/29/add-coder-plugin-architecture-plan-v1.md
has_file_content: false
has_replacements: true
[replacement_new_text[500]]: null
top_keys: cwd, extra, hook_event_name, request_set_id, session_id, tool_input, tool_name, tool_response, transcript_path
tool_input_keys: file_path, replacements
=== DONE ===
=== 2026年 07月 30日 星期四 09:00:11 CST ===
file_path: /home/xmm/ai/add-coder/.qoder/plans/2026-07/29/add-coder-plugin-architecture-plan-v1.md
has_file_content: false
has_replacements: true
[replacement_new_text[500]]: null
top_keys: cwd, extra, hook_event_name, request_set_id, session_id, tool_input, tool_name, transcript_path
tool_input_keys: file_path, replacements
=== DONE ===
=== 2026年 07月 30日 星期四 09:00:12 CST ===
file_path: /home/xmm/ai/add-coder/.qoder/plans/2026-07/29/add-coder-plugin-architecture-plan-v1.md
has_file_content: false
has_replacements: true
[replacement_new_text[500]]: null
top_keys: cwd, extra, hook_event_name, request_set_id, session_id, tool_input, tool_name, tool_response, transcript_path
tool_input_keys: file_path, replacements
=== DONE ===
=== 2026年 07月 30日 星期四 09:00:25 CST ===
file_path: /home/xmm/ai/add-coder/.qoder/plans/2026-07/29/add-coder-plugin-architecture-plan-v1.md
has_file_content: false
has_replacements: true
[replacement_new_text[500]]: null
top_keys: cwd, extra, hook_event_name, request_set_id, session_id, tool_input, tool_name, transcript_path
tool_input_keys: file_path, replacements
=== DONE ===
=== 2026年 07月 30日 星期四 09:00:26 CST ===
file_path: /home/xmm/ai/add-coder/.qoder/plans/2026-07/29/add-coder-plugin-architecture-plan-v1.md
has_file_content: false
has_replacements: true
[replacement_new_text[500]]: null
top_keys: cwd, extra, hook_event_name, request_set_id, session_id, tool_input, tool_name, tool_response, transcript_path
tool_input_keys: file_path, replacements
=== DONE ===
=== 2026年 07月 30日 星期四 09:00:31 CST ===
file_path: EMPTY
has_file_content: false
has_replacements: false
top_keys: cwd, extra, hook_event_name, request_set_id, session_id, tool_input, tool_name, transcript_path
tool_input_keys: command, is_background
=== DONE ===
=== 2026年 07月 30日 星期四 09:00:39 CST ===
file_path: /home/xmm/ai/add-coder/.qoder/plans/2026-07/29/add-coder-plugin-architecture-plan-v1.md
has_file_content: false
has_replacements: true
[replacement_new_text[500]]: null
top_keys: cwd, extra, hook_event_name, request_set_id, session_id, tool_input, tool_name, transcript_path
tool_input_keys: file_path, replacements
=== DONE ===
=== 2026年 07月 30日 星期四 09:00:41 CST ===
file_path: /home/xmm/ai/add-coder/.qoder/plans/2026-07/29/add-coder-plugin-architecture-plan-v1.md
has_file_content: false
has_replacements: true
[replacement_new_text[500]]: null
top_keys: cwd, extra, hook_event_name, request_set_id, session_id, tool_input, tool_name, tool_response, transcript_path
tool_input_keys: file_path, replacements
=== DONE ===
=== 2026年 07月 30日 星期四 09:00:52 CST ===
file_path: /home/xmm/ai/add-coder/.qoder/plans/2026-07/29/add-coder-plugin-architecture-plan-v1.md
has_file_content: false
has_replacements: true
[replacement_new_text[500]]: null
top_keys: cwd, extra, hook_event_name, request_set_id, session_id, tool_input, tool_name, transcript_path
tool_input_keys: file_path, replacements
=== DONE ===
=== 2026年 07月 30日 星期四 09:00:53 CST ===
file_path: /home/xmm/ai/add-coder/.qoder/plans/2026-07/29/add-coder-plugin-architecture-plan-v1.md
has_file_content: false
has_replacements: true
[replacement_new_text[500]]: null
top_keys: cwd, extra, hook_event_name, request_set_id, session_id, tool_input, tool_name, tool_response, transcript_path
tool_input_keys: file_path, replacements
=== DONE ===
=== 2026年 07月 30日 星期四 09:00:58 CST ===
file_path: /home/xmm/ai/add-coder/.qoder/plans/2026-07/29/add-coder-plugin-architecture-plan-v1.md
has_file_content: false
has_replacements: true
[replacement_new_text[500]]: null
top_keys: cwd, extra, hook_event_name, request_set_id, session_id, tool_input, tool_name, transcript_path
tool_input_keys: file_path, replacements
=== DONE ===
=== 2026年 07月 30日 星期四 09:01:02 CST ===
file_path: /home/xmm/ai/add-coder/.qoder/plans/2026-07/29/add-coder-plugin-architecture-plan-v1.md
has_file_content: false
has_replacements: true
[replacement_new_text[500]]: null
top_keys: cwd, extra, hook_event_name, request_set_id, session_id, tool_input, tool_name, tool_response, transcript_path
tool_input_keys: file_path, replacements
=== DONE ===
=== 2026年 07月 30日 星期四 09:01:07 CST ===
file_path: /home/xmm/ai/add-coder/.qoder/plans/2026-07/29/add-coder-plugin-architecture-plan-v1.md
has_file_content: false
has_replacements: true
[replacement_new_text[500]]: null
top_keys: cwd, extra, hook_event_name, request_set_id, session_id, tool_input, tool_name, transcript_path
tool_input_keys: file_path, replacements
=== DONE ===
=== 2026年 07月 30日 星期四 09:01:09 CST ===
file_path: /home/xmm/ai/add-coder/.qoder/plans/2026-07/29/add-coder-plugin-architecture-plan-v1.md
has_file_content: false
has_replacements: true
[replacement_new_text[500]]: null
top_keys: cwd, extra, hook_event_name, request_set_id, session_id, tool_input, tool_name, tool_response, transcript_path
tool_input_keys: file_path, replacements
=== DONE ===
=== 2026年 07月 30日 星期四 09:01:15 CST ===
file_path: /home/xmm/ai/add-coder/.qoder/plans/2026-07/29/add-coder-plugin-architecture-plan-v1.md
has_file_content: false
has_replacements: true
[replacement_new_text[500]]: null
top_keys: cwd, extra, hook_event_name, request_set_id, session_id, tool_input, tool_name, transcript_path
tool_input_keys: file_path, replacements
=== DONE ===
=== 2026年 07月 30日 星期四 09:01:19 CST ===
file_path: /home/xmm/ai/add-coder/.qoder/plans/2026-07/29/add-coder-plugin-architecture-plan-v1.md
has_file_content: false
has_replacements: true
[replacement_new_text[500]]: null
top_keys: cwd, extra, hook_event_name, request_set_id, session_id, tool_input, tool_name, tool_response, transcript_path
tool_input_keys: file_path, replacements
=== DONE ===
=== 2026年 07月 30日 星期四 09:01:23 CST ===
file_path: /home/xmm/ai/add-coder/.qoder/plans/2026-07/29/add-coder-plugin-architecture-plan-v1.md
has_file_content: false
has_replacements: true
[replacement_new_text[500]]: null
top_keys: cwd, extra, hook_event_name, request_set_id, session_id, tool_input, tool_name, transcript_path
tool_input_keys: file_path, replacements
=== DONE ===
=== 2026年 07月 30日 星期四 09:01:27 CST ===
file_path: /home/xmm/ai/add-coder/.qoder/plans/2026-07/29/add-coder-plugin-architecture-plan-v1.md
has_file_content: false
has_replacements: true
[replacement_new_text[500]]: null
top_keys: cwd, extra, hook_event_name, request_set_id, session_id, tool_input, tool_name, tool_response, transcript_path
tool_input_keys: file_path, replacements
=== DONE ===
=== 2026年 07月 30日 星期四 09:02:20 CST ===
file_path: /home/xmm/ai/add-coder/.qoder/plans/2026-07/29/add-coder-plugin-architecture-plan-v1.md
has_file_content: false
has_replacements: true
[replacement_new_text[500]]: null
top_keys: cwd, extra, hook_event_name, request_set_id, session_id, tool_input, tool_name, transcript_path
tool_input_keys: file_path, replacements
=== DONE ===
=== 2026年 07月 30日 星期四 09:02:24 CST ===
file_path: /home/xmm/ai/add-coder/.qoder/plans/2026-07/29/add-coder-plugin-architecture-plan-v1.md
has_file_content: false
has_replacements: true
[replacement_new_text[500]]: null
top_keys: cwd, extra, hook_event_name, request_set_id, session_id, tool_input, tool_name, tool_response, transcript_path
tool_input_keys: file_path, replacements
=== DONE ===
=== 2026年 07月 30日 星期四 09:02:38 CST ===
file_path: /home/xmm/ai/add-coder/.qoder/plans/2026-07/29/add-coder-plugin-architecture-plan-v1.md
has_file_content: false
has_replacements: true
[replacement_new_text[500]]: null
top_keys: cwd, extra, hook_event_name, request_set_id, session_id, tool_input, tool_name, transcript_path
tool_input_keys: file_path, replacements
=== DONE ===
=== 2026年 07月 30日 星期四 09:02:40 CST ===
file_path: /home/xmm/ai/add-coder/.qoder/plans/2026-07/29/add-coder-plugin-architecture-plan-v1.md
has_file_content: false
has_replacements: true
[replacement_new_text[500]]: null
top_keys: cwd, extra, hook_event_name, request_set_id, session_id, tool_input, tool_name, tool_response, transcript_path
tool_input_keys: file_path, replacements
=== DONE ===
=== 2026年 07月 30日 星期四 09:02:46 CST ===
file_path: /home/xmm/ai/add-coder/.qoder/plans/2026-07/29/add-coder-plugin-architecture-plan-v1.md
has_file_content: false
has_replacements: true
[replacement_new_text[500]]: null
top_keys: cwd, extra, hook_event_name, request_set_id, session_id, tool_input, tool_name, transcript_path
tool_input_keys: file_path, replacements
=== DONE ===
=== 2026年 07月 30日 星期四 09:02:50 CST ===
file_path: /home/xmm/ai/add-coder/.qoder/plans/2026-07/29/add-coder-plugin-architecture-plan-v1.md
has_file_content: false
has_replacements: true
[replacement_new_text[500]]: null
top_keys: cwd, extra, hook_event_name, request_set_id, session_id, tool_input, tool_name, tool_response, transcript_path
tool_input_keys: file_path, replacements
=== DONE ===
=== 2026年 07月 30日 星期四 09:02:57 CST ===
file_path: /home/xmm/ai/add-coder/.qoder/plans/2026-07/29/add-coder-plugin-architecture-plan-v1.md
has_file_content: false
has_replacements: true
[replacement_new_text[500]]: null
top_keys: cwd, extra, hook_event_name, request_set_id, session_id, tool_input, tool_name, transcript_path
tool_input_keys: file_path, replacements
=== DONE ===
=== 2026年 07月 30日 星期四 09:03:01 CST ===
file_path: /home/xmm/ai/add-coder/.qoder/plans/2026-07/29/add-coder-plugin-architecture-plan-v1.md
has_file_content: false
has_replacements: true
[replacement_new_text[500]]: null
top_keys: cwd, extra, hook_event_name, request_set_id, session_id, tool_input, tool_name, tool_response, transcript_path
tool_input_keys: file_path, replacements
=== DONE ===
=== 2026年 07月 30日 星期四 09:03:17 CST ===
file_path: /home/xmm/ai/add-coder/.qoder/plans/2026-07/29/add-coder-plugin-architecture-plan-v1.md
has_file_content: false
has_replacements: true
[replacement_new_text[500]]: null
top_keys: cwd, extra, hook_event_name, request_set_id, session_id, tool_input, tool_name, transcript_path
tool_input_keys: file_path, replacements
=== DONE ===
=== 2026年 07月 30日 星期四 09:03:21 CST ===
file_path: /home/xmm/ai/add-coder/.qoder/plans/2026-07/29/add-coder-plugin-architecture-plan-v1.md
has_file_content: false
has_replacements: true
[replacement_new_text[500]]: null
top_keys: cwd, extra, hook_event_name, request_set_id, session_id, tool_input, tool_name, tool_response, transcript_path
tool_input_keys: file_path, replacements
=== DONE ===
=== 2026年 07月 30日 星期四 09:03:29 CST ===
file_path: /home/xmm/ai/add-coder/.qoder/plans/2026-07/29/add-coder-plugin-architecture-plan-v1.md
has_file_content: false
has_replacements: true
[replacement_new_text[500]]: null
top_keys: cwd, extra, hook_event_name, request_set_id, session_id, tool_input, tool_name, transcript_path
tool_input_keys: file_path, replacements
=== DONE ===
=== 2026年 07月 30日 星期四 09:03:32 CST ===
file_path: /home/xmm/ai/add-coder/.qoder/plans/2026-07/29/add-coder-plugin-architecture-plan-v1.md
has_file_content: false
has_replacements: true
[replacement_new_text[500]]: null
top_keys: cwd, extra, hook_event_name, request_set_id, session_id, tool_input, tool_name, tool_response, transcript_path
tool_input_keys: file_path, replacements
=== DONE ===
=== 2026年 07月 30日 星期四 09:04:04 CST ===
file_path: /home/xmm/ai/add-coder/.qoder/plans/2026-07/29/add-coder-plugin-architecture-plan-v1.md
has_file_content: false
has_replacements: true
[replacement_new_text[500]]: null
top_keys: cwd, extra, hook_event_name, request_set_id, session_id, tool_input, tool_name, transcript_path
tool_input_keys: file_path, replacements
=== DONE ===
=== 2026年 07月 30日 星期四 09:04:08 CST ===
file_path: /home/xmm/ai/add-coder/.qoder/plans/2026-07/29/add-coder-plugin-architecture-plan-v1.md
has_file_content: false
has_replacements: true
[replacement_new_text[500]]: null
top_keys: cwd, extra, hook_event_name, request_set_id, session_id, tool_input, tool_name, tool_response, transcript_path
tool_input_keys: file_path, replacements
=== DONE ===
=== 2026年 07月 30日 星期四 09:04:12 CST ===
file_path: /home/xmm/ai/add-coder/.qoder/plans/2026-07/29/add-coder-plugin-architecture-plan-v1.md
has_file_content: false
has_replacements: true
[replacement_new_text[500]]: null
top_keys: cwd, extra, hook_event_name, request_set_id, session_id, tool_input, tool_name, transcript_path
tool_input_keys: file_path, replacements
=== DONE ===
=== 2026年 07月 30日 星期四 09:04:16 CST ===
file_path: /home/xmm/ai/add-coder/.qoder/plans/2026-07/29/add-coder-plugin-architecture-plan-v1.md
has_file_content: false
has_replacements: true
[replacement_new_text[500]]: null
top_keys: cwd, extra, hook_event_name, request_set_id, session_id, tool_input, tool_name, tool_response, transcript_path
tool_input_keys: file_path, replacements
=== DONE ===
=== 2026年 07月 30日 星期四 09:04:23 CST ===
file_path: /home/xmm/ai/add-coder/.qoder/plans/2026-07/29/add-coder-plugin-architecture-plan-v1.md
has_file_content: false
has_replacements: true
[replacement_new_text[500]]: null
top_keys: cwd, extra, hook_event_name, request_set_id, session_id, tool_input, tool_name, transcript_path
tool_input_keys: file_path, replacements
=== DONE ===
=== 2026年 07月 30日 星期四 09:04:27 CST ===
file_path: /home/xmm/ai/add-coder/.qoder/plans/2026-07/29/add-coder-plugin-architecture-plan-v1.md
has_file_content: false
has_replacements: true
[replacement_new_text[500]]: null
top_keys: cwd, extra, hook_event_name, request_set_id, session_id, tool_input, tool_name, tool_response, transcript_path
tool_input_keys: file_path, replacements
=== DONE ===
=== 2026年 07月 30日 星期四 09:04:39 CST ===
file_path: /home/xmm/ai/add-coder/.qoder/plans/2026-07/29/add-coder-plugin-architecture-plan-v1.md
has_file_content: false
has_replacements: true
[replacement_new_text[500]]: null
top_keys: cwd, extra, hook_event_name, request_set_id, session_id, tool_input, tool_name, transcript_path
tool_input_keys: file_path, replacements
=== DONE ===
=== 2026年 07月 30日 星期四 09:04:41 CST ===
file_path: /home/xmm/ai/add-coder/.qoder/plans/2026-07/29/add-coder-plugin-architecture-plan-v1.md
has_file_content: false
has_replacements: true
[replacement_new_text[500]]: null
top_keys: cwd, extra, hook_event_name, request_set_id, session_id, tool_input, tool_name, tool_response, transcript_path
tool_input_keys: file_path, replacements
=== DONE ===
=== 2026年 07月 30日 星期四 09:04:48 CST ===
file_path: /home/xmm/ai/add-coder/.qoder/plans/2026-07/29/add-coder-plugin-architecture-plan-v1.md
has_file_content: false
has_replacements: true
[replacement_new_text[500]]: null
top_keys: cwd, extra, hook_event_name, request_set_id, session_id, tool_input, tool_name, transcript_path
tool_input_keys: file_path, replacements
=== DONE ===
=== 2026年 07月 30日 星期四 09:04:52 CST ===
file_path: /home/xmm/ai/add-coder/.qoder/plans/2026-07/29/add-coder-plugin-architecture-plan-v1.md
has_file_content: false
has_replacements: true
[replacement_new_text[500]]: null
top_keys: cwd, extra, hook_event_name, request_set_id, session_id, tool_input, tool_name, tool_response, transcript_path
tool_input_keys: file_path, replacements
=== DONE ===
=== 2026年 07月 30日 星期四 09:04:57 CST ===
file_path: /home/xmm/ai/add-coder/.qoder/plans/2026-07/29/add-coder-plugin-architecture-plan-v1.md
has_file_content: false
has_replacements: true
[replacement_new_text[500]]: null
top_keys: cwd, extra, hook_event_name, request_set_id, session_id, tool_input, tool_name, transcript_path
tool_input_keys: file_path, replacements
=== DONE ===
=== 2026年 07月 30日 星期四 09:05:00 CST ===
file_path: /home/xmm/ai/add-coder/.qoder/plans/2026-07/29/add-coder-plugin-architecture-plan-v1.md
has_file_content: false
has_replacements: true
[replacement_new_text[500]]: null
top_keys: cwd, extra, hook_event_name, request_set_id, session_id, tool_input, tool_name, tool_response, transcript_path
tool_input_keys: file_path, replacements
=== DONE ===
=== 2026年 07月 30日 星期四 09:05:40 CST ===
file_path: /home/xmm/ai/add-coder/.qoder/plans/2026-07/29/add-coder-plugin-architecture-plan-v1.md
has_file_content: false
has_replacements: true
[replacement_new_text[500]]: null
top_keys: cwd, extra, hook_event_name, request_set_id, session_id, tool_input, tool_name, transcript_path
tool_input_keys: file_path, replacements
=== DONE ===
=== 2026年 07月 30日 星期四 09:05:44 CST ===
file_path: /home/xmm/ai/add-coder/.qoder/plans/2026-07/29/add-coder-plugin-architecture-plan-v1.md
has_file_content: false
has_replacements: true
[replacement_new_text[500]]: null
top_keys: cwd, extra, hook_event_name, request_set_id, session_id, tool_input, tool_name, tool_response, transcript_path
tool_input_keys: file_path, replacements
=== DONE ===
=== 2026年 07月 30日 星期四 09:05:49 CST ===
file_path: /home/xmm/ai/add-coder/.qoder/plans/2026-07/29/add-coder-plugin-architecture-plan-v1.md
has_file_content: false
has_replacements: true
[replacement_new_text[500]]: null
top_keys: cwd, extra, hook_event_name, request_set_id, session_id, tool_input, tool_name, transcript_path
tool_input_keys: file_path, replacements
=== DONE ===
=== 2026年 07月 30日 星期四 09:05:53 CST ===
file_path: /home/xmm/ai/add-coder/.qoder/plans/2026-07/29/add-coder-plugin-architecture-plan-v1.md
has_file_content: false
has_replacements: true
[replacement_new_text[500]]: null
top_keys: cwd, extra, hook_event_name, request_set_id, session_id, tool_input, tool_name, tool_response, transcript_path
tool_input_keys: file_path, replacements
=== DONE ===
=== 2026年 07月 30日 星期四 09:05:58 CST ===
file_path: /home/xmm/ai/add-coder/.qoder/plans/2026-07/29/add-coder-plugin-architecture-plan-v1.md
has_file_content: false
has_replacements: true
[replacement_new_text[500]]: null
top_keys: cwd, extra, hook_event_name, request_set_id, session_id, tool_input, tool_name, transcript_path
tool_input_keys: file_path, replacements
=== DONE ===
=== 2026年 07月 30日 星期四 09:06:02 CST ===
file_path: /home/xmm/ai/add-coder/.qoder/plans/2026-07/29/add-coder-plugin-architecture-plan-v1.md
has_file_content: false
has_replacements: true
[replacement_new_text[500]]: null
top_keys: cwd, extra, hook_event_name, request_set_id, session_id, tool_input, tool_name, tool_response, transcript_path
tool_input_keys: file_path, replacements
=== DONE ===
=== 2026年 07月 30日 星期四 09:06:09 CST ===
file_path: /home/xmm/ai/add-coder/.qoder/plans/2026-07/29/add-coder-plugin-architecture-plan-v1.md
has_file_content: false
has_replacements: true
[replacement_new_text[500]]: null
top_keys: cwd, extra, hook_event_name, request_set_id, session_id, tool_input, tool_name, transcript_path
tool_input_keys: file_path, replacements
=== DONE ===
=== 2026年 07月 30日 星期四 09:06:10 CST ===
file_path: /home/xmm/ai/add-coder/.qoder/plans/2026-07/29/add-coder-plugin-architecture-plan-v1.md
has_file_content: false
has_replacements: true
[replacement_new_text[500]]: null
top_keys: cwd, extra, hook_event_name, request_set_id, session_id, tool_input, tool_name, tool_response, transcript_path
tool_input_keys: file_path, replacements
=== DONE ===
=== 2026年 07月 30日 星期四 09:06:18 CST ===
file_path: /home/xmm/ai/add-coder/.qoder/plans/2026-07/29/add-coder-plugin-architecture-plan-v1.md
has_file_content: false
has_replacements: true
[replacement_new_text[500]]: null
top_keys: cwd, extra, hook_event_name, request_set_id, session_id, tool_input, tool_name, transcript_path
tool_input_keys: file_path, replacements
=== DONE ===
=== 2026年 07月 30日 星期四 09:06:22 CST ===
file_path: /home/xmm/ai/add-coder/.qoder/plans/2026-07/29/add-coder-plugin-architecture-plan-v1.md
has_file_content: false
has_replacements: true
[replacement_new_text[500]]: null
top_keys: cwd, extra, hook_event_name, request_set_id, session_id, tool_input, tool_name, tool_response, transcript_path
tool_input_keys: file_path, replacements
=== DONE ===
=== 2026年 07月 30日 星期四 09:06:37 CST ===
file_path: /home/xmm/ai/add-coder/.qoder/plans/2026-07/29/add-coder-plugin-architecture-plan-v1.md
has_file_content: false
has_replacements: true
[replacement_new_text[500]]: null
top_keys: cwd, extra, hook_event_name, request_set_id, session_id, tool_input, tool_name, transcript_path
tool_input_keys: file_path, replacements
=== DONE ===
=== 2026年 07月 30日 星期四 09:06:41 CST ===
file_path: /home/xmm/ai/add-coder/.qoder/plans/2026-07/29/add-coder-plugin-architecture-plan-v1.md
has_file_content: false
has_replacements: true
[replacement_new_text[500]]: null
top_keys: cwd, extra, hook_event_name, request_set_id, session_id, tool_input, tool_name, tool_response, transcript_path
tool_input_keys: file_path, replacements
=== DONE ===
=== 2026年 07月 30日 星期四 09:06:46 CST ===
file_path: /home/xmm/ai/add-coder/.qoder/plans/2026-07/29/add-coder-plugin-architecture-plan-v1.md
has_file_content: false
has_replacements: true
[replacement_new_text[500]]: null
top_keys: cwd, extra, hook_event_name, request_set_id, session_id, tool_input, tool_name, transcript_path
tool_input_keys: file_path, replacements
=== DONE ===
=== 2026年 07月 30日 星期四 09:06:50 CST ===
file_path: /home/xmm/ai/add-coder/.qoder/plans/2026-07/29/add-coder-plugin-architecture-plan-v1.md
has_file_content: false
has_replacements: true
[replacement_new_text[500]]: null
top_keys: cwd, extra, hook_event_name, request_set_id, session_id, tool_input, tool_name, tool_response, transcript_path
tool_input_keys: file_path, replacements
=== DONE ===
=== 2026年 07月 30日 星期四 09:06:57 CST ===
file_path: /home/xmm/ai/add-coder/.qoder/plans/2026-07/29/add-coder-plugin-architecture-plan-v1.md
has_file_content: false
has_replacements: true
[replacement_new_text[500]]: null
top_keys: cwd, extra, hook_event_name, request_set_id, session_id, tool_input, tool_name, transcript_path
tool_input_keys: file_path, replacements
=== DONE ===
=== 2026年 07月 30日 星期四 09:07:01 CST ===
file_path: /home/xmm/ai/add-coder/.qoder/plans/2026-07/29/add-coder-plugin-architecture-plan-v1.md
has_file_content: false
has_replacements: true
[replacement_new_text[500]]: null
top_keys: cwd, extra, hook_event_name, request_set_id, session_id, tool_input, tool_name, tool_response, transcript_path
tool_input_keys: file_path, replacements
=== DONE ===
=== 2026年 07月 30日 星期四 09:07:07 CST ===
file_path: /home/xmm/ai/add-coder/.qoder/plans/2026-07/29/add-coder-plugin-architecture-plan-v1.md
has_file_content: false
has_replacements: true
[replacement_new_text[500]]: null
top_keys: cwd, extra, hook_event_name, request_set_id, session_id, tool_input, tool_name, transcript_path
tool_input_keys: file_path, replacements
=== DONE ===
=== 2026年 07月 30日 星期四 09:07:10 CST ===
file_path: /home/xmm/ai/add-coder/.qoder/plans/2026-07/29/add-coder-plugin-architecture-plan-v1.md
has_file_content: false
has_replacements: true
[replacement_new_text[500]]: null
top_keys: cwd, extra, hook_event_name, request_set_id, session_id, tool_input, tool_name, tool_response, transcript_path
tool_input_keys: file_path, replacements
=== DONE ===
=== 2026年 07月 30日 星期四 09:07:14 CST ===
file_path: /home/xmm/ai/add-coder/.qoder/plans/2026-07/29/add-coder-plugin-architecture-plan-v1.md
has_file_content: false
has_replacements: true
[replacement_new_text[500]]: null
top_keys: cwd, extra, hook_event_name, request_set_id, session_id, tool_input, tool_name, transcript_path
tool_input_keys: file_path, replacements
=== DONE ===
=== 2026年 07月 30日 星期四 09:07:18 CST ===
file_path: /home/xmm/ai/add-coder/.qoder/plans/2026-07/29/add-coder-plugin-architecture-plan-v1.md
has_file_content: false
has_replacements: true
[replacement_new_text[500]]: null
top_keys: cwd, extra, hook_event_name, request_set_id, session_id, tool_input, tool_name, tool_response, transcript_path
tool_input_keys: file_path, replacements
=== DONE ===
=== 2026年 07月 30日 星期四 09:07:44 CST ===
file_path: /home/xmm/ai/add-coder/.qoder/plans/2026-07/29/add-coder-plugin-architecture-plan-v1.md
has_file_content: false
has_replacements: true
[replacement_new_text[500]]: null
top_keys: cwd, extra, hook_event_name, request_set_id, session_id, tool_input, tool_name, transcript_path
tool_input_keys: file_path, replacements
=== DONE ===
=== 2026年 07月 30日 星期四 09:07:48 CST ===
file_path: /home/xmm/ai/add-coder/.qoder/plans/2026-07/29/add-coder-plugin-architecture-plan-v1.md
has_file_content: false
has_replacements: true
[replacement_new_text[500]]: null
top_keys: cwd, extra, hook_event_name, request_set_id, session_id, tool_input, tool_name, tool_response, transcript_path
tool_input_keys: file_path, replacements
=== DONE ===
=== 2026年 07月 30日 星期四 09:11:07 CST ===
file_path: /home/xmm/ai/add-coder/.qoder/plans/2026-07/29/add-coder-plugin-architecture-plan-v1.md
has_file_content: false
has_replacements: true
[replacement_new_text[500]]: null
top_keys: cwd, extra, hook_event_name, request_set_id, session_id, tool_input, tool_name, transcript_path
tool_input_keys: file_path, replacements
=== DONE ===
=== 2026年 07月 30日 星期四 09:11:10 CST ===
file_path: /home/xmm/ai/add-coder/.qoder/plans/2026-07/29/add-coder-plugin-architecture-plan-v1.md
has_file_content: false
has_replacements: true
[replacement_new_text[500]]: null
top_keys: cwd, extra, hook_event_name, request_set_id, session_id, tool_input, tool_name, tool_response, transcript_path
tool_input_keys: file_path, replacements
=== DONE ===
=== 2026年 07月 30日 星期四 09:11:20 CST ===
file_path: /home/xmm/ai/add-coder/.qoder/plans/2026-07/29/add-coder-plugin-architecture-plan-v1.md
has_file_content: false
has_replacements: true
[replacement_new_text[500]]: null
top_keys: cwd, extra, hook_event_name, request_set_id, session_id, tool_input, tool_name, transcript_path
tool_input_keys: file_path, replacements
=== DONE ===
=== 2026年 07月 30日 星期四 09:11:24 CST ===
file_path: /home/xmm/ai/add-coder/.qoder/plans/2026-07/29/add-coder-plugin-architecture-plan-v1.md
has_file_content: false
has_replacements: true
[replacement_new_text[500]]: null
top_keys: cwd, extra, hook_event_name, request_set_id, session_id, tool_input, tool_name, tool_response, transcript_path
tool_input_keys: file_path, replacements
=== DONE ===
=== 2026年 07月 30日 星期四 09:26:44 CST ===
file_path: /home/xmm/ai/add-coder/.qoder/plans/2026-07/29/add-coder-plugin-architecture-plan-v1.md
has_file_content: false
has_replacements: true
[replacement_new_text[500]]: null
top_keys: cwd, extra, hook_event_name, request_set_id, session_id, tool_input, tool_name, transcript_path
tool_input_keys: file_path, replacements
=== DONE ===
=== 2026年 07月 30日 星期四 09:26:48 CST ===
file_path: /home/xmm/ai/add-coder/.qoder/plans/2026-07/29/add-coder-plugin-architecture-plan-v1.md
has_file_content: false
has_replacements: true
[replacement_new_text[500]]: null
top_keys: cwd, extra, hook_event_name, request_set_id, session_id, tool_input, tool_name, tool_response, transcript_path
tool_input_keys: file_path, replacements
=== DONE ===
=== 2026年 07月 30日 星期四 09:27:18 CST ===
file_path: /home/xmm/ai/add-coder/.qoder/plans/2026-07/29/add-coder-plugin-architecture-plan-v1.md
has_file_content: false
has_replacements: true
[replacement_new_text[500]]: null
top_keys: cwd, extra, hook_event_name, request_set_id, session_id, tool_input, tool_name, transcript_path
tool_input_keys: file_path, replacements
=== DONE ===
=== 2026年 07月 30日 星期四 09:27:22 CST ===
file_path: /home/xmm/ai/add-coder/.qoder/plans/2026-07/29/add-coder-plugin-architecture-plan-v1.md
has_file_content: false
has_replacements: true
[replacement_new_text[500]]: null
top_keys: cwd, extra, hook_event_name, request_set_id, session_id, tool_input, tool_name, tool_response, transcript_path
tool_input_keys: file_path, replacements
=== DONE ===
=== 2026年 07月 30日 星期四 09:33:10 CST ===
file_path: /home/xmm/ai/add-coder/.qoder/plans/2026-07/29/add-coder-plugin-architecture-plan-v1.md
has_file_content: false
has_replacements: true
[replacement_new_text[500]]: null
top_keys: cwd, extra, hook_event_name, request_set_id, session_id, tool_input, tool_name, transcript_path
tool_input_keys: file_path, replacements
=== DONE ===
=== 2026年 07月 30日 星期四 09:33:14 CST ===
file_path: /home/xmm/ai/add-coder/.qoder/plans/2026-07/29/add-coder-plugin-architecture-plan-v1.md
has_file_content: false
has_replacements: true
[replacement_new_text[500]]: null
top_keys: cwd, extra, hook_event_name, request_set_id, session_id, tool_input, tool_name, tool_response, transcript_path
tool_input_keys: file_path, replacements
=== DONE ===
=== 2026年 07月 30日 星期四 09:33:34 CST ===
file_path: /home/xmm/ai/add-coder/.qoder/plans/2026-07/29/add-coder-plugin-architecture-plan-v1.md
has_file_content: false
has_replacements: true
[replacement_new_text[500]]: null
top_keys: cwd, extra, hook_event_name, request_set_id, session_id, tool_input, tool_name, transcript_path
tool_input_keys: file_path, replacements
=== DONE ===
=== 2026年 07月 30日 星期四 09:33:38 CST ===
file_path: /home/xmm/ai/add-coder/.qoder/plans/2026-07/29/add-coder-plugin-architecture-plan-v1.md
has_file_content: false
has_replacements: true
[replacement_new_text[500]]: null
top_keys: cwd, extra, hook_event_name, request_set_id, session_id, tool_input, tool_name, tool_response, transcript_path
tool_input_keys: file_path, replacements
=== DONE ===
=== 2026年 07月 30日 星期四 09:45:19 CST ===
file_path: /home/xmm/ai/add-coder/.qoder/plans/2026-07/29/add-coder-plugin-architecture-plan-v1.md
has_file_content: false
has_replacements: true
[replacement_new_text[500]]: null
top_keys: cwd, extra, hook_event_name, request_set_id, session_id, tool_input, tool_name, transcript_path
tool_input_keys: file_path, replacements
=== DONE ===
=== 2026年 07月 30日 星期四 09:45:23 CST ===
file_path: /home/xmm/ai/add-coder/.qoder/plans/2026-07/29/add-coder-plugin-architecture-plan-v1.md
has_file_content: false
has_replacements: true
[replacement_new_text[500]]: null
top_keys: cwd, extra, hook_event_name, request_set_id, session_id, tool_input, tool_name, tool_response, transcript_path
tool_input_keys: file_path, replacements
=== DONE ===
=== 2026年 07月 30日 星期四 09:45:35 CST ===
file_path: /home/xmm/ai/add-coder/.qoder/plans/2026-07/29/add-coder-plugin-architecture-plan-v1.md
has_file_content: false
has_replacements: true
[replacement_new_text[500]]: null
top_keys: cwd, extra, hook_event_name, request_set_id, session_id, tool_input, tool_name, transcript_path
tool_input_keys: file_path, replacements
=== DONE ===
=== 2026年 07月 30日 星期四 09:45:39 CST ===
file_path: /home/xmm/ai/add-coder/.qoder/plans/2026-07/29/add-coder-plugin-architecture-plan-v1.md
has_file_content: false
has_replacements: true
[replacement_new_text[500]]: null
top_keys: cwd, extra, hook_event_name, request_set_id, session_id, tool_input, tool_name, tool_response, transcript_path
tool_input_keys: file_path, replacements
=== DONE ===
=== 2026年 07月 30日 星期四 09:50:23 CST ===
file_path: /home/xmm/ai/add-coder/.qoder/plans/2026-07/29/add-coder-plugin-architecture-plan-v1.md
has_file_content: false
has_replacements: true
[replacement_new_text[500]]: null
top_keys: cwd, extra, hook_event_name, request_set_id, session_id, tool_input, tool_name, transcript_path
tool_input_keys: file_path, replacements
=== DONE ===
=== 2026年 07月 30日 星期四 09:50:26 CST ===
file_path: /home/xmm/ai/add-coder/.qoder/plans/2026-07/29/add-coder-plugin-architecture-plan-v1.md
has_file_content: false
has_replacements: true
[replacement_new_text[500]]: null
top_keys: cwd, extra, hook_event_name, request_set_id, session_id, tool_input, tool_name, tool_response, transcript_path
tool_input_keys: file_path, replacements
=== DONE ===
=== 2026年 07月 30日 星期四 09:51:31 CST ===
file_path: /home/xmm/ai/add-coder/.qoder/plans/2026-07/29/add-coder-plugin-architecture-plan-v1.md
has_file_content: false
has_replacements: true
[replacement_new_text[500]]: null
top_keys: cwd, extra, hook_event_name, request_set_id, session_id, tool_input, tool_name, transcript_path
tool_input_keys: file_path, replacements
=== DONE ===
=== 2026年 07月 30日 星期四 09:51:35 CST ===
file_path: /home/xmm/ai/add-coder/.qoder/plans/2026-07/29/add-coder-plugin-architecture-plan-v1.md
has_file_content: false
has_replacements: true
[replacement_new_text[500]]: null
top_keys: cwd, extra, hook_event_name, request_set_id, session_id, tool_input, tool_name, tool_response, transcript_path
tool_input_keys: file_path, replacements
=== DONE ===
=== 2026年 07月 30日 星期四 10:02:42 CST ===
file_path: /home/xmm/ai/add-coder/.qoder/plans/2026-07/29/add-coder-plugin-architecture-plan-v1.md
has_file_content: false
has_replacements: true
[replacement_new_text[500]]: null
top_keys: cwd, extra, hook_event_name, request_set_id, session_id, tool_input, tool_name, transcript_path
tool_input_keys: file_path, replacements
=== DONE ===
=== 2026年 07月 30日 星期四 10:02:46 CST ===
file_path: /home/xmm/ai/add-coder/.qoder/plans/2026-07/29/add-coder-plugin-architecture-plan-v1.md
has_file_content: false
has_replacements: true
[replacement_new_text[500]]: null
top_keys: cwd, extra, hook_event_name, request_set_id, session_id, tool_input, tool_name, tool_response, transcript_path
tool_input_keys: file_path, replacements
=== DONE ===
=== 2026年 07月 30日 星期四 10:02:53 CST ===
file_path: /home/xmm/ai/add-coder/.qoder/plans/2026-07/29/add-coder-plugin-architecture-plan-v1.md
has_file_content: false
has_replacements: true
[replacement_new_text[500]]: null
top_keys: cwd, extra, hook_event_name, request_set_id, session_id, tool_input, tool_name, transcript_path
tool_input_keys: file_path, replacements
=== DONE ===
=== 2026年 07月 30日 星期四 10:02:57 CST ===
file_path: /home/xmm/ai/add-coder/.qoder/plans/2026-07/29/add-coder-plugin-architecture-plan-v1.md
has_file_content: false
has_replacements: true
[replacement_new_text[500]]: null
top_keys: cwd, extra, hook_event_name, request_set_id, session_id, tool_input, tool_name, tool_response, transcript_path
tool_input_keys: file_path, replacements
=== DONE ===
=== 2026年 07月 30日 星期四 10:04:40 CST ===
file_path: /home/xmm/ai/add-coder/.qoder/plans/2026-07/29/add-coder-plugin-architecture-plan-v1.md
has_file_content: false
has_replacements: true
[replacement_new_text[500]]: null
top_keys: cwd, extra, hook_event_name, request_set_id, session_id, tool_input, tool_name, transcript_path
tool_input_keys: file_path, replacements
=== DONE ===
=== 2026年 07月 30日 星期四 10:04:44 CST ===
file_path: /home/xmm/ai/add-coder/.qoder/plans/2026-07/29/add-coder-plugin-architecture-plan-v1.md
has_file_content: false
has_replacements: true
[replacement_new_text[500]]: null
top_keys: cwd, extra, hook_event_name, request_set_id, session_id, tool_input, tool_name, tool_response, transcript_path
tool_input_keys: file_path, replacements
=== DONE ===
=== 2026年 07月 30日 星期四 10:08:11 CST ===
file_path: /home/xmm/ai/add-coder/.qoder/plans/2026-07/29/add-coder-plugin-architecture-plan-v1.md
has_file_content: false
has_replacements: true
[replacement_new_text[500]]: null
top_keys: cwd, extra, hook_event_name, request_set_id, session_id, tool_input, tool_name, transcript_path
tool_input_keys: file_path, replacements
=== DONE ===
=== 2026年 07月 30日 星期四 10:08:14 CST ===
file_path: /home/xmm/ai/add-coder/.qoder/plans/2026-07/29/add-coder-plugin-architecture-plan-v1.md
has_file_content: false
has_replacements: true
[replacement_new_text[500]]: null
top_keys: cwd, extra, hook_event_name, request_set_id, session_id, tool_input, tool_name, tool_response, transcript_path
tool_input_keys: file_path, replacements
=== DONE ===
=== 2026年 07月 30日 星期四 10:11:46 CST ===
file_path: /home/xmm/ai/add-coder/.qoder/plans/2026-07/29/add-coder-plugin-architecture-plan-v1.md
has_file_content: false
has_replacements: true
[replacement_new_text[500]]: null
top_keys: cwd, extra, hook_event_name, request_set_id, session_id, tool_input, tool_name, transcript_path
tool_input_keys: file_path, replacements
=== DONE ===
=== 2026年 07月 30日 星期四 10:11:49 CST ===
file_path: /home/xmm/ai/add-coder/.qoder/plans/2026-07/29/add-coder-plugin-architecture-plan-v1.md
has_file_content: false
has_replacements: true
[replacement_new_text[500]]: null
top_keys: cwd, extra, hook_event_name, request_set_id, session_id, tool_input, tool_name, tool_response, transcript_path
tool_input_keys: file_path, replacements
=== DONE ===
=== 2026年 07月 30日 星期四 10:18:21 CST ===
file_path: /home/xmm/ai/add-coder/.qoder/plans/2026-07/29/add-coder-plugin-architecture-plan-v1.md
has_file_content: false
has_replacements: true
[replacement_new_text[500]]: null
top_keys: cwd, extra, hook_event_name, request_set_id, session_id, tool_input, tool_name, transcript_path
tool_input_keys: file_path, replacements
=== DONE ===
=== 2026年 07月 30日 星期四 10:18:26 CST ===
file_path: /home/xmm/ai/add-coder/.qoder/plans/2026-07/29/add-coder-plugin-architecture-plan-v1.md
has_file_content: false
has_replacements: true
[replacement_new_text[500]]: null
top_keys: cwd, extra, hook_event_name, request_set_id, session_id, tool_input, tool_name, tool_response, transcript_path
tool_input_keys: file_path, replacements
=== DONE ===
=== 2026年 07月 30日 星期四 10:18:45 CST ===
file_path: /home/xmm/ai/add-coder/.qoder/plans/2026-07/29/add-coder-plugin-architecture-plan-v1.md
has_file_content: false
has_replacements: true
[replacement_new_text[500]]: null
top_keys: cwd, extra, hook_event_name, request_set_id, session_id, tool_input, tool_name, transcript_path
tool_input_keys: file_path, replacements
=== DONE ===
=== 2026年 07月 30日 星期四 10:18:49 CST ===
file_path: /home/xmm/ai/add-coder/.qoder/plans/2026-07/29/add-coder-plugin-architecture-plan-v1.md
has_file_content: false
has_replacements: true
[replacement_new_text[500]]: null
top_keys: cwd, extra, hook_event_name, request_set_id, session_id, tool_input, tool_name, tool_response, transcript_path
tool_input_keys: file_path, replacements
=== DONE ===
=== 2026年 07月 30日 星期四 10:21:59 CST ===
file_path: /home/xmm/ai/add-coder/.qoder/plans/2026-07/29/add-coder-plugin-architecture-plan-v1.md
has_file_content: false
has_replacements: true
[replacement_new_text[500]]: null
top_keys: cwd, extra, hook_event_name, request_set_id, session_id, tool_input, tool_name, transcript_path
tool_input_keys: file_path, replacements
=== DONE ===
=== 2026年 07月 30日 星期四 10:22:03 CST ===
file_path: /home/xmm/ai/add-coder/.qoder/plans/2026-07/29/add-coder-plugin-architecture-plan-v1.md
has_file_content: false
has_replacements: true
[replacement_new_text[500]]: null
top_keys: cwd, extra, hook_event_name, request_set_id, session_id, tool_input, tool_name, tool_response, transcript_path
tool_input_keys: file_path, replacements
=== DONE ===
=== 2026年 07月 30日 星期四 10:25:35 CST ===
file_path: /home/xmm/ai/add-coder/.qoder/plans/2026-07/29/add-coder-plugin-architecture-plan-v1.md
has_file_content: false
has_replacements: true
[replacement_new_text[500]]: null
top_keys: cwd, extra, hook_event_name, request_set_id, session_id, tool_input, tool_name, transcript_path
tool_input_keys: file_path, replacements
=== DONE ===
=== 2026年 07月 30日 星期四 10:25:39 CST ===
file_path: /home/xmm/ai/add-coder/.qoder/plans/2026-07/29/add-coder-plugin-architecture-plan-v1.md
has_file_content: false
has_replacements: true
[replacement_new_text[500]]: null
top_keys: cwd, extra, hook_event_name, request_set_id, session_id, tool_input, tool_name, tool_response, transcript_path
tool_input_keys: file_path, replacements
=== DONE ===
=== 2026年 07月 30日 星期四 10:27:58 CST ===
file_path: /home/xmm/ai/add-coder/.qoder/plans/2026-07/29/add-coder-plugin-architecture-plan-v1.md
has_file_content: false
has_replacements: true
[replacement_new_text[500]]: null
top_keys: cwd, extra, hook_event_name, request_set_id, session_id, tool_input, tool_name, transcript_path
tool_input_keys: file_path, replacements
=== DONE ===
=== 2026年 07月 30日 星期四 10:28:02 CST ===
file_path: /home/xmm/ai/add-coder/.qoder/plans/2026-07/29/add-coder-plugin-architecture-plan-v1.md
has_file_content: false
has_replacements: true
[replacement_new_text[500]]: null
top_keys: cwd, extra, hook_event_name, request_set_id, session_id, tool_input, tool_name, tool_response, transcript_path
tool_input_keys: file_path, replacements
=== DONE ===
=== 2026年 07月 30日 星期四 10:30:43 CST ===
file_path: /home/xmm/ai/add-coder/.qoder/plans/2026-07/29/add-coder-plugin-architecture-plan-v1.md
has_file_content: false
has_replacements: true
[replacement_new_text[500]]: null
top_keys: cwd, extra, hook_event_name, request_set_id, session_id, tool_input, tool_name, transcript_path
tool_input_keys: file_path, replacements
=== DONE ===
=== 2026年 07月 30日 星期四 10:30:46 CST ===
file_path: /home/xmm/ai/add-coder/.qoder/plans/2026-07/29/add-coder-plugin-architecture-plan-v1.md
has_file_content: false
has_replacements: true
[replacement_new_text[500]]: null
top_keys: cwd, extra, hook_event_name, request_set_id, session_id, tool_input, tool_name, tool_response, transcript_path
tool_input_keys: file_path, replacements
=== DONE ===
=== 2026年 07月 30日 星期四 10:35:54 CST ===
file_path: /home/xmm/ai/add-coder/.qoder/plans/2026-07/29/add-coder-plugin-architecture-plan-v1.md
has_file_content: false
has_replacements: true
[replacement_new_text[500]]: null
top_keys: cwd, extra, hook_event_name, request_set_id, session_id, tool_input, tool_name, transcript_path
tool_input_keys: file_path, replacements
=== DONE ===
=== 2026年 07月 30日 星期四 10:35:58 CST ===
file_path: /home/xmm/ai/add-coder/.qoder/plans/2026-07/29/add-coder-plugin-architecture-plan-v1.md
has_file_content: false
has_replacements: true
[replacement_new_text[500]]: null
top_keys: cwd, extra, hook_event_name, request_set_id, session_id, tool_input, tool_name, tool_response, transcript_path
tool_input_keys: file_path, replacements
=== DONE ===
=== 2026年 07月 30日 星期四 10:36:30 CST ===
file_path: /home/xmm/ai/add-coder/.qoder/plans/2026-07/29/add-coder-plugin-architecture-plan-v1.md
has_file_content: false
has_replacements: true
[replacement_new_text[500]]: null
top_keys: cwd, extra, hook_event_name, request_set_id, session_id, tool_input, tool_name, transcript_path
tool_input_keys: file_path, replacements
=== DONE ===
=== 2026年 07月 30日 星期四 10:36:34 CST ===
file_path: /home/xmm/ai/add-coder/.qoder/plans/2026-07/29/add-coder-plugin-architecture-plan-v1.md
has_file_content: false
has_replacements: true
[replacement_new_text[500]]: null
top_keys: cwd, extra, hook_event_name, request_set_id, session_id, tool_input, tool_name, tool_response, transcript_path
tool_input_keys: file_path, replacements
=== DONE ===
=== 2026年 07月 30日 星期四 10:36:40 CST ===
file_path: /home/xmm/ai/add-coder/.qoder/plans/2026-07/29/add-coder-plugin-architecture-plan-v1.md
has_file_content: false
has_replacements: true
[replacement_new_text[500]]: null
top_keys: cwd, extra, hook_event_name, request_set_id, session_id, tool_input, tool_name, transcript_path
tool_input_keys: file_path, replacements
=== DONE ===
=== 2026年 07月 30日 星期四 10:36:43 CST ===
file_path: /home/xmm/ai/add-coder/.qoder/plans/2026-07/29/add-coder-plugin-architecture-plan-v1.md
has_file_content: false
has_replacements: true
[replacement_new_text[500]]: null
top_keys: cwd, extra, hook_event_name, request_set_id, session_id, tool_input, tool_name, tool_response, transcript_path
tool_input_keys: file_path, replacements
=== DONE ===
=== 2026年 07月 30日 星期四 10:40:22 CST ===
file_path: /home/xmm/ai/add-coder/.qoder/plans/2026-07/29/add-coder-plugin-architecture-plan-v1.md
has_file_content: false
has_replacements: true
[replacement_new_text[500]]: null
top_keys: cwd, extra, hook_event_name, request_set_id, session_id, tool_input, tool_name, transcript_path
tool_input_keys: file_path, replacements
=== DONE ===
=== 2026年 07月 30日 星期四 10:40:26 CST ===
file_path: /home/xmm/ai/add-coder/.qoder/plans/2026-07/29/add-coder-plugin-architecture-plan-v1.md
has_file_content: false
has_replacements: true
[replacement_new_text[500]]: null
top_keys: cwd, extra, hook_event_name, request_set_id, session_id, tool_input, tool_name, tool_response, transcript_path
tool_input_keys: file_path, replacements
=== DONE ===
=== 2026年 07月 30日 星期四 10:46:41 CST ===
file_path: /home/xmm/ai/add-coder/.qoder/plans/2026-07/29/add-coder-plugin-architecture-plan-v1.md
has_file_content: false
has_replacements: true
[replacement_new_text[500]]: null
top_keys: cwd, extra, hook_event_name, request_set_id, session_id, tool_input, tool_name, transcript_path
tool_input_keys: file_path, replacements
=== DONE ===
=== 2026年 07月 30日 星期四 10:46:45 CST ===
file_path: /home/xmm/ai/add-coder/.qoder/plans/2026-07/29/add-coder-plugin-architecture-plan-v1.md
has_file_content: false
has_replacements: true
[replacement_new_text[500]]: null
top_keys: cwd, extra, hook_event_name, request_set_id, session_id, tool_input, tool_name, tool_response, transcript_path
tool_input_keys: file_path, replacements
=== DONE ===
=== 2026年 07月 30日 星期四 10:49:40 CST ===
file_path: /home/xmm/ai/add-coder/.qoder/plans/2026-07/29/add-coder-plugin-architecture-plan-v1.md
has_file_content: false
has_replacements: true
[replacement_new_text[500]]: null
top_keys: cwd, extra, hook_event_name, request_set_id, session_id, tool_input, tool_name, transcript_path
tool_input_keys: file_path, replacements
=== DONE ===
=== 2026年 07月 30日 星期四 10:49:44 CST ===
file_path: /home/xmm/ai/add-coder/.qoder/plans/2026-07/29/add-coder-plugin-architecture-plan-v1.md
has_file_content: false
has_replacements: true
[replacement_new_text[500]]: null
top_keys: cwd, extra, hook_event_name, request_set_id, session_id, tool_input, tool_name, tool_response, transcript_path
tool_input_keys: file_path, replacements
=== DONE ===
=== 2026年 07月 30日 星期四 10:57:25 CST ===
file_path: /home/xmm/ai/add-coder/.qoder/plans/2026-07/29/add-coder-plugin-architecture-plan-v1.md
has_file_content: false
has_replacements: true
[replacement_new_text[500]]: null
top_keys: cwd, extra, hook_event_name, request_set_id, session_id, tool_input, tool_name, transcript_path
tool_input_keys: file_path, replacements
=== DONE ===
=== 2026年 07月 30日 星期四 10:57:29 CST ===
file_path: /home/xmm/ai/add-coder/.qoder/plans/2026-07/29/add-coder-plugin-architecture-plan-v1.md
has_file_content: false
has_replacements: true
[replacement_new_text[500]]: null
top_keys: cwd, extra, hook_event_name, request_set_id, session_id, tool_input, tool_name, tool_response, transcript_path
tool_input_keys: file_path, replacements
=== DONE ===
=== 2026年 07月 30日 星期四 10:57:36 CST ===
file_path: /home/xmm/ai/add-coder/.qoder/plans/2026-07/29/add-coder-plugin-architecture-plan-v1.md
has_file_content: false
has_replacements: true
[replacement_new_text[500]]: null
top_keys: cwd, extra, hook_event_name, request_set_id, session_id, tool_input, tool_name, transcript_path
tool_input_keys: file_path, replacements
=== DONE ===
=== 2026年 07月 30日 星期四 10:57:40 CST ===
file_path: /home/xmm/ai/add-coder/.qoder/plans/2026-07/29/add-coder-plugin-architecture-plan-v1.md
has_file_content: false
has_replacements: true
[replacement_new_text[500]]: null
top_keys: cwd, extra, hook_event_name, request_set_id, session_id, tool_input, tool_name, tool_response, transcript_path
tool_input_keys: file_path, replacements
=== DONE ===
=== 2026年 07月 30日 星期四 10:58:01 CST ===
file_path: /home/xmm/ai/add-coder/.qoder/plans/2026-07/29/add-coder-plugin-architecture-plan-v1.md
has_file_content: false
has_replacements: true
[replacement_new_text[500]]: null
top_keys: cwd, extra, hook_event_name, request_set_id, session_id, tool_input, tool_name, transcript_path
tool_input_keys: file_path, replacements
=== DONE ===
=== 2026年 07月 30日 星期四 10:58:05 CST ===
file_path: /home/xmm/ai/add-coder/.qoder/plans/2026-07/29/add-coder-plugin-architecture-plan-v1.md
has_file_content: false
has_replacements: true
[replacement_new_text[500]]: null
top_keys: cwd, extra, hook_event_name, request_set_id, session_id, tool_input, tool_name, tool_response, transcript_path
tool_input_keys: file_path, replacements
=== DONE ===
=== 2026年 07月 30日 星期四 10:58:21 CST ===
file_path: /home/xmm/ai/add-coder/.qoder/plans/2026-07/29/add-coder-plugin-architecture-plan-v1.md
has_file_content: false
has_replacements: true
[replacement_new_text[500]]: null
top_keys: cwd, extra, hook_event_name, request_set_id, session_id, tool_input, tool_name, transcript_path
tool_input_keys: file_path, replacements
=== DONE ===
=== 2026年 07月 30日 星期四 10:58:25 CST ===
file_path: /home/xmm/ai/add-coder/.qoder/plans/2026-07/29/add-coder-plugin-architecture-plan-v1.md
has_file_content: false
has_replacements: true
[replacement_new_text[500]]: null
top_keys: cwd, extra, hook_event_name, request_set_id, session_id, tool_input, tool_name, tool_response, transcript_path
tool_input_keys: file_path, replacements
=== DONE ===
=== 2026年 07月 30日 星期四 10:58:44 CST ===
file_path: /home/xmm/ai/add-coder/.qoder/plans/2026-07/29/add-coder-plugin-architecture-plan-v1.md
has_file_content: false
has_replacements: true
[replacement_new_text[500]]: null
top_keys: cwd, extra, hook_event_name, request_set_id, session_id, tool_input, tool_name, transcript_path
tool_input_keys: file_path, replacements
=== DONE ===
=== 2026年 07月 30日 星期四 10:58:48 CST ===
file_path: /home/xmm/ai/add-coder/.qoder/plans/2026-07/29/add-coder-plugin-architecture-plan-v1.md
has_file_content: false
has_replacements: true
[replacement_new_text[500]]: null
top_keys: cwd, extra, hook_event_name, request_set_id, session_id, tool_input, tool_name, tool_response, transcript_path
tool_input_keys: file_path, replacements
=== DONE ===
=== 2026年 07月 30日 星期四 10:59:01 CST ===
file_path: /home/xmm/ai/add-coder/.qoder/plans/2026-07/29/add-coder-plugin-architecture-plan-v1.md
has_file_content: false
has_replacements: true
[replacement_new_text[500]]: null
top_keys: cwd, extra, hook_event_name, request_set_id, session_id, tool_input, tool_name, transcript_path
tool_input_keys: file_path, replacements
=== DONE ===
=== 2026年 07月 30日 星期四 10:59:05 CST ===
file_path: /home/xmm/ai/add-coder/.qoder/plans/2026-07/29/add-coder-plugin-architecture-plan-v1.md
has_file_content: false
has_replacements: true
[replacement_new_text[500]]: null
top_keys: cwd, extra, hook_event_name, request_set_id, session_id, tool_input, tool_name, tool_response, transcript_path
tool_input_keys: file_path, replacements
=== DONE ===
=== 2026年 07月 30日 星期四 10:59:31 CST ===
file_path: /home/xmm/ai/add-coder/.qoder/plans/2026-07/29/add-coder-plugin-architecture-plan-v1.md
has_file_content: false
has_replacements: true
[replacement_new_text[500]]: null
top_keys: cwd, extra, hook_event_name, request_set_id, session_id, tool_input, tool_name, transcript_path
tool_input_keys: file_path, replacements
=== DONE ===
=== 2026年 07月 30日 星期四 10:59:36 CST ===
file_path: /home/xmm/ai/add-coder/.qoder/plans/2026-07/29/add-coder-plugin-architecture-plan-v1.md
has_file_content: false
has_replacements: true
[replacement_new_text[500]]: null
top_keys: cwd, extra, hook_event_name, request_set_id, session_id, tool_input, tool_name, tool_response, transcript_path
tool_input_keys: file_path, replacements
=== DONE ===
=== 2026年 07月 30日 星期四 10:59:49 CST ===
file_path: /home/xmm/ai/add-coder/.qoder/plans/2026-07/29/add-coder-plugin-architecture-plan-v1.md
has_file_content: false
has_replacements: true
[replacement_new_text[500]]: null
top_keys: cwd, extra, hook_event_name, request_set_id, session_id, tool_input, tool_name, transcript_path
tool_input_keys: file_path, replacements
=== DONE ===
=== 2026年 07月 30日 星期四 10:59:53 CST ===
file_path: /home/xmm/ai/add-coder/.qoder/plans/2026-07/29/add-coder-plugin-architecture-plan-v1.md
has_file_content: false
has_replacements: true
[replacement_new_text[500]]: null
top_keys: cwd, extra, hook_event_name, request_set_id, session_id, tool_input, tool_name, tool_response, transcript_path
tool_input_keys: file_path, replacements
=== DONE ===
=== 2026年 07月 30日 星期四 11:00:00 CST ===
file_path: /home/xmm/ai/add-coder/.qoder/plans/2026-07/29/add-coder-plugin-architecture-plan-v1.md
has_file_content: false
has_replacements: true
[replacement_new_text[500]]: null
top_keys: cwd, extra, hook_event_name, request_set_id, session_id, tool_input, tool_name, transcript_path
tool_input_keys: file_path, replacements
=== DONE ===
=== 2026年 07月 30日 星期四 11:00:04 CST ===
file_path: /home/xmm/ai/add-coder/.qoder/plans/2026-07/29/add-coder-plugin-architecture-plan-v1.md
has_file_content: false
has_replacements: true
[replacement_new_text[500]]: null
top_keys: cwd, extra, hook_event_name, request_set_id, session_id, tool_input, tool_name, tool_response, transcript_path
tool_input_keys: file_path, replacements
=== DONE ===
=== 2026年 07月 30日 星期四 11:11:53 CST ===
file_path: /home/xmm/ai/add-coder/.qoder/plans/2026-07/29/add-coder-plugin-architecture-plan-v1.md
has_file_content: false
has_replacements: true
[replacement_new_text[500]]: null
top_keys: cwd, extra, hook_event_name, request_set_id, session_id, tool_input, tool_name, transcript_path
tool_input_keys: file_path, replacements
=== DONE ===
=== 2026年 07月 30日 星期四 11:11:57 CST ===
file_path: /home/xmm/ai/add-coder/.qoder/plans/2026-07/29/add-coder-plugin-architecture-plan-v1.md
has_file_content: false
has_replacements: true
[replacement_new_text[500]]: null
top_keys: cwd, extra, hook_event_name, request_set_id, session_id, tool_input, tool_name, tool_response, transcript_path
tool_input_keys: file_path, replacements
=== DONE ===
=== 2026年 07月 30日 星期四 11:12:08 CST ===
file_path: /home/xmm/ai/add-coder/.qoder/plans/2026-07/29/add-coder-plugin-architecture-plan-v1.md
has_file_content: false
has_replacements: true
[replacement_new_text[500]]: null
top_keys: cwd, extra, hook_event_name, request_set_id, session_id, tool_input, tool_name, transcript_path
tool_input_keys: file_path, replacements
=== DONE ===
=== 2026年 07月 30日 星期四 11:12:12 CST ===
file_path: /home/xmm/ai/add-coder/.qoder/plans/2026-07/29/add-coder-plugin-architecture-plan-v1.md
has_file_content: false
has_replacements: true
[replacement_new_text[500]]: null
top_keys: cwd, extra, hook_event_name, request_set_id, session_id, tool_input, tool_name, tool_response, transcript_path
tool_input_keys: file_path, replacements
=== DONE ===
=== 2026年 07月 30日 星期四 11:12:34 CST ===
file_path: /home/xmm/ai/add-coder/.qoder/plans/2026-07/29/add-coder-plugin-architecture-plan-v1.md
has_file_content: false
has_replacements: true
[replacement_new_text[500]]: null
top_keys: cwd, extra, hook_event_name, request_set_id, session_id, tool_input, tool_name, transcript_path
tool_input_keys: file_path, replacements
=== DONE ===
=== 2026年 07月 30日 星期四 11:12:38 CST ===
file_path: /home/xmm/ai/add-coder/.qoder/plans/2026-07/29/add-coder-plugin-architecture-plan-v1.md
has_file_content: false
has_replacements: true
[replacement_new_text[500]]: null
top_keys: cwd, extra, hook_event_name, request_set_id, session_id, tool_input, tool_name, tool_response, transcript_path
tool_input_keys: file_path, replacements
=== DONE ===
=== 2026年 07月 30日 星期四 11:12:51 CST ===
file_path: /home/xmm/ai/add-coder/.qoder/plans/2026-07/29/add-coder-plugin-architecture-plan-v1.md
has_file_content: false
has_replacements: true
[replacement_new_text[500]]: null
top_keys: cwd, extra, hook_event_name, request_set_id, session_id, tool_input, tool_name, transcript_path
tool_input_keys: file_path, replacements
=== DONE ===
=== 2026年 07月 30日 星期四 11:12:55 CST ===
file_path: /home/xmm/ai/add-coder/.qoder/plans/2026-07/29/add-coder-plugin-architecture-plan-v1.md
has_file_content: false
has_replacements: true
[replacement_new_text[500]]: null
top_keys: cwd, extra, hook_event_name, request_set_id, session_id, tool_input, tool_name, tool_response, transcript_path
tool_input_keys: file_path, replacements
=== DONE ===
=== 2026年 07月 30日 星期四 11:13:10 CST ===
file_path: /home/xmm/ai/add-coder/.qoder/plans/2026-07/29/add-coder-plugin-architecture-plan-v1.md
has_file_content: false
has_replacements: true
[replacement_new_text[500]]: null
top_keys: cwd, extra, hook_event_name, request_set_id, session_id, tool_input, tool_name, transcript_path
tool_input_keys: file_path, replacements
=== DONE ===
=== 2026年 07月 30日 星期四 11:13:14 CST ===
file_path: /home/xmm/ai/add-coder/.qoder/plans/2026-07/29/add-coder-plugin-architecture-plan-v1.md
has_file_content: false
has_replacements: true
[replacement_new_text[500]]: null
top_keys: cwd, extra, hook_event_name, request_set_id, session_id, tool_input, tool_name, tool_response, transcript_path
tool_input_keys: file_path, replacements
=== DONE ===
=== 2026年 07月 30日 星期四 11:13:28 CST ===
file_path: /home/xmm/ai/add-coder/.qoder/plans/2026-07/29/add-coder-plugin-architecture-plan-v1.md
has_file_content: false
has_replacements: true
[replacement_new_text[500]]: null
top_keys: cwd, extra, hook_event_name, request_set_id, session_id, tool_input, tool_name, transcript_path
tool_input_keys: file_path, replacements
=== DONE ===
=== 2026年 07月 30日 星期四 11:13:31 CST ===
file_path: /home/xmm/ai/add-coder/.qoder/plans/2026-07/29/add-coder-plugin-architecture-plan-v1.md
has_file_content: false
has_replacements: true
[replacement_new_text[500]]: null
top_keys: cwd, extra, hook_event_name, request_set_id, session_id, tool_input, tool_name, tool_response, transcript_path
tool_input_keys: file_path, replacements
=== DONE ===
=== 2026年 07月 30日 星期四 11:13:44 CST ===
file_path: /home/xmm/ai/add-coder/.qoder/plans/2026-07/29/add-coder-plugin-architecture-plan-v1.md
has_file_content: false
has_replacements: true
[replacement_new_text[500]]: null
top_keys: cwd, extra, hook_event_name, request_set_id, session_id, tool_input, tool_name, transcript_path
tool_input_keys: file_path, replacements
=== DONE ===
=== 2026年 07月 30日 星期四 11:13:47 CST ===
file_path: /home/xmm/ai/add-coder/.qoder/plans/2026-07/29/add-coder-plugin-architecture-plan-v1.md
has_file_content: false
has_replacements: true
[replacement_new_text[500]]: null
top_keys: cwd, extra, hook_event_name, request_set_id, session_id, tool_input, tool_name, tool_response, transcript_path
tool_input_keys: file_path, replacements
=== DONE ===
=== 2026年 07月 30日 星期四 11:14:18 CST ===
file_path: /home/xmm/ai/add-coder/.qoder/plans/2026-07/29/add-coder-plugin-architecture-plan-v1.md
has_file_content: false
has_replacements: true
[replacement_new_text[500]]: null
top_keys: cwd, extra, hook_event_name, request_set_id, session_id, tool_input, tool_name, transcript_path
tool_input_keys: file_path, replacements
=== DONE ===
=== 2026年 07月 30日 星期四 11:14:22 CST ===
file_path: /home/xmm/ai/add-coder/.qoder/plans/2026-07/29/add-coder-plugin-architecture-plan-v1.md
has_file_content: false
has_replacements: true
[replacement_new_text[500]]: null
top_keys: cwd, extra, hook_event_name, request_set_id, session_id, tool_input, tool_name, tool_response, transcript_path
tool_input_keys: file_path, replacements
=== DONE ===
=== 2026年 07月 30日 星期四 11:14:29 CST ===
file_path: /home/xmm/ai/add-coder/.qoder/plans/2026-07/29/add-coder-plugin-architecture-plan-v1.md
has_file_content: false
has_replacements: true
[replacement_new_text[500]]: null
top_keys: cwd, extra, hook_event_name, request_set_id, session_id, tool_input, tool_name, transcript_path
tool_input_keys: file_path, replacements
=== DONE ===
=== 2026年 07月 30日 星期四 11:14:33 CST ===
file_path: /home/xmm/ai/add-coder/.qoder/plans/2026-07/29/add-coder-plugin-architecture-plan-v1.md
has_file_content: false
has_replacements: true
[replacement_new_text[500]]: null
top_keys: cwd, extra, hook_event_name, request_set_id, session_id, tool_input, tool_name, tool_response, transcript_path
tool_input_keys: file_path, replacements
=== DONE ===
=== 2026年 08月 05日 星期三 16:14:00 CST ===
file_path: EMPTY
has_file_content: false
has_replacements: false
top_keys: cwd, extra, hook_event_name, request_set_id, session_id, tool_input, tool_name, transcript_path
tool_input_keys: command, is_background, timeout
=== DONE ===
=== 2026年 08月 05日 星期三 16:14:07 CST ===
file_path: EMPTY
has_file_content: false
has_replacements: false
top_keys: cwd, extra, hook_event_name, request_set_id, session_id, tool_input, tool_name, transcript_path
tool_input_keys: command, is_background, timeout
=== DONE ===
=== 2026年 08月 05日 星期三 16:14:21 CST ===
file_path: EMPTY
has_file_content: false
has_replacements: false
top_keys: cwd, extra, hook_event_name, request_set_id, session_id, tool_input, tool_name, transcript_path
tool_input_keys: command, is_background, timeout
=== DONE ===
=== 2026年 08月 05日 星期三 16:14:29 CST ===
file_path: EMPTY
has_file_content: false
has_replacements: false
top_keys: cwd, extra, hook_event_name, request_set_id, session_id, tool_input, tool_name, transcript_path
tool_input_keys: command, is_background, timeout
=== DONE ===
